#ifndef AION_ZERO_FMW_LVL2_ASSETS_HPP
#define AION_ZERO_FMW_LVL2_ASSETS_HPP

constexpr unsigned char LVL2_TILE_WALKABLE[] = {
        0xb2, 0xcd, 0xac, 0x93, 0xb2, 0xcd, 0xac, 0x93, 0xb2, 0xcd, 0xac, 0x93, 0xb2, 0xcd, 0xac, 0x93,
    0xb2, 0xcd, 0xac, 0x93, 0xb2, 0xcd, 0xac, 0x93, 0xb2, 0xcd, 0xac, 0x93, 0xb2, 0xcd, 0xac, 0x93,
    0xac, 0x93, 0xb2, 0xcd, 0xac, 0x93, 0xb2, 0xcd, 0xac, 0x93, 0xb2, 0xcd, 0xac, 0x93, 0xb2, 0xcd,
    0xac, 0x93, 0xb2, 0xcd, 0xac, 0x93, 0xb2, 0xcd, 0xac, 0x93, 0xb2, 0xcd, 0xac, 0x93, 0xb2, 0xcd,
    0xb2, 0xcd, 0xac, 0x93, 0xb2, 0xcd, 0xac, 0x93, 0xb2, 0xcd, 0xac, 0x93, 0xb2, 0xcd, 0xac, 0x93,
    0xb2, 0xcd, 0xac, 0x93, 0xb2, 0xcd, 0xac, 0x93, 0xb2, 0xcd, 0xac, 0x93, 0xb2, 0xcd, 0xac, 0x93,
    0xac, 0x93, 0xb2, 0xcd, 0xac, 0x93, 0xb2, 0xcd, 0xac, 0x93, 0xb2, 0xcd, 0xac, 0x93, 0xb2, 0xcd,
    0xac, 0x93, 0xb2, 0xcd, 0xac, 0x93, 0xb2, 0xcd, 0xac, 0x93, 0xb2, 0xcd, 0xac, 0x93, 0xb2, 0xcd,
    0xb2, 0xcd, 0xac, 0x93, 0xb2, 0xcd, 0xac, 0x93, 0xb2, 0xcd, 0xac, 0x93, 0xb2, 0xcd, 0xac, 0x93,
    0xb2, 0xcd, 0xac, 0x93, 0xb2, 0xcd, 0xac, 0x93, 0xb2, 0xcd, 0xac, 0x93, 0xb2, 0xcd, 0xac, 0x93,
    0xac, 0x93, 0xb2, 0xcd, 0xac, 0x93, 0xb2, 0xcd, 0xac, 0x93, 0xb2, 0xcd, 0xac, 0x93, 0xb2, 0xcd,
    0xac, 0x93, 0xb2, 0xcd, 0xac, 0x93, 0xb2, 0xcd, 0xac, 0x93, 0xb2, 0xcd, 0xac, 0x93, 0xb2, 0xcd,
    0xb2, 0xcd, 0xac, 0x93, 0xb2, 0xcd, 0xac, 0x93, 0xb2, 0xcd, 0xac, 0x93, 0xb2, 0xcd, 0xac, 0x93,
    0xb2, 0xcd, 0xac, 0x93, 0xb2, 0xcd, 0xac, 0x93, 0xb2, 0xcd, 0xac, 0x93, 0xb2, 0xcd, 0xac, 0x93,
    0xac, 0x93, 0xb2, 0xcd, 0xac, 0x93, 0xb2, 0xcd, 0xac, 0x93, 0xb2, 0xcd, 0xac, 0x93, 0xb2, 0xcd,
    0xac, 0x93, 0xb2, 0xcd, 0xac, 0x93, 0xb2, 0xcd, 0xac, 0x93, 0xb2, 0xcd, 0xac, 0x93, 0xb2, 0xcd,
    0xb2, 0xcd, 0xac, 0x93, 0xb2, 0xcd, 0xac, 0x93, 0xb2, 0xcd, 0xac, 0x93, 0xb2, 0xcd, 0xac, 0x93,
    0xb2, 0xcd, 0xac, 0x93, 0xb2, 0xcd, 0xac, 0x93, 0xb2, 0xcd, 0xac, 0x93, 0xb2, 0xcd, 0xac, 0x93,
    0xac, 0x93, 0xb2, 0xcd, 0xac, 0x93, 0xb2, 0xcd, 0xac, 0x93, 0xb2, 0xcd, 0xac, 0x93, 0xb2, 0xcd,
    0xac, 0x93, 0xb2, 0xcd, 0xac, 0x93, 0xb2, 0xcd, 0xac, 0x93, 0xb2, 0xcd, 0xac, 0x93, 0xb2, 0xcd,
    0xb2, 0xcd, 0xac, 0x93, 0xb2, 0xcd, 0xac, 0x93, 0xb2, 0xcd, 0xac, 0x93, 0xb2, 0xcd, 0xac, 0x93,
    0xb2, 0xcd, 0xac, 0x93, 0xb2, 0xcd, 0xac, 0x93, 0xb2, 0xcd, 0xac, 0x93, 0xb2, 0xcd, 0xac, 0x93,
    0xac, 0x93, 0xb2, 0xcd, 0xac, 0x93, 0xb2, 0xcd, 0xac, 0x93, 0xb2, 0xcd, 0xac, 0x93, 0xb2, 0xcd,
    0xac, 0x93, 0xb2, 0xcd, 0xac, 0x93, 0xb2, 0xcd, 0xac, 0x93, 0xb2, 0xcd, 0xac, 0x93, 0xb2, 0xcd,
    0xb2, 0xcd, 0xac, 0x93, 0xb2, 0xcd, 0xac, 0x93, 0xb2, 0xcd, 0xac, 0x93, 0xb2, 0xcd, 0xac, 0x93,
    0xb2, 0xcd, 0xac, 0x93, 0xb2, 0xcd, 0xac, 0x93, 0xb2, 0xcd, 0xac, 0x93, 0xb2, 0xcd, 0xac, 0x93,
    0xac, 0x93, 0xb2, 0xcd, 0xac, 0x93, 0xb2, 0xcd, 0xac, 0x93, 0xb2, 0xcd, 0xac, 0x93, 0xb2, 0xcd,
    0xac, 0x93, 0xb2, 0xcd, 0xac, 0x93, 0xb2, 0xcd, 0xac, 0x93, 0xb2, 0xcd, 0xac, 0x93, 0xb2, 0xcd,
    0xb2, 0xcd, 0xac, 0x93, 0xb2, 0xcd, 0xac, 0x93, 0xb2, 0xcd, 0xac, 0x93, 0xb2, 0xcd, 0xac, 0x93,
    0xb2, 0xcd, 0xac, 0x93, 0xb2, 0xcd, 0xac, 0x93, 0xb2, 0xcd, 0xac, 0x93, 0xb2, 0xcd, 0xac, 0x93,
    0xac, 0x93, 0xb2, 0xcd, 0xac, 0x93, 0xb2, 0xcd, 0xac, 0x93, 0xb2, 0xcd, 0xac, 0x93, 0xb2, 0xcd,
    0xac, 0x93, 0xb2, 0xcd, 0xac, 0x93, 0xb2, 0xcd, 0xac, 0x93, 0xb2, 0xcd, 0xac, 0x93, 0xb2, 0xcd
};

constexpr unsigned char LVL2_BACKGROUND[] = {
    0x55, 0x03, 0x55, 0x03, 0x75, 0x03, 0x55, 0x03, 0x55, 0x03, 0x55, 0x03, 0x55, 0x03, 0x55, 0x03,
    0x55, 0x03, 0x55, 0x03, 0x55, 0x03, 0x55, 0x03, 0x55, 0x03, 0x55, 0x03, 0x55, 0x03, 0x55, 0x03,
    0x75, 0x03, 0x55, 0x03, 0x55, 0x03, 0x55, 0x03, 0x55, 0x03, 0x55, 0x03, 0x55, 0x03, 0x55, 0x03,
    0x55, 0x03, 0x55, 0x03, 0x55, 0x03, 0x75, 0x03, 0x55, 0x03, 0x55, 0x03, 0x55, 0x03, 0x55, 0x03,
    0x75, 0x03, 0x55, 0x03, 0x55, 0x03, 0x55, 0x03, 0x55, 0x03, 0x55, 0x03, 0x55, 0x03, 0x55, 0x03,
    0x55, 0x03, 0x55, 0x03, 0x55, 0x03, 0x55, 0x03, 0x55, 0x03, 0x55, 0x03, 0x55, 0x03, 0x55, 0x03,
    0x55, 0x03, 0x55, 0x03, 0x55, 0x03, 0x55, 0x03, 0x55, 0x03, 0x35, 0x03, 0x55, 0x03, 0x55, 0x03,
    0x55, 0x03, 0x55, 0x03, 0x55, 0x03, 0x35, 0x03, 0x55, 0x03, 0x55, 0x03, 0x55, 0x03, 0x55, 0x03,
    0x55, 0x03, 0x55, 0x03, 0x55, 0x03, 0x55, 0x03, 0x55, 0x03, 0x55, 0x03, 0x55, 0x03, 0x55, 0x03,
    0x55, 0x03, 0x55, 0x03, 0x55, 0x03, 0x55, 0x03, 0x55, 0x03, 0x55, 0x03, 0x75, 0x03, 0x55, 0x03,
    0x55, 0x03, 0x55, 0x03, 0x55, 0x03, 0x75, 0x03, 0x55, 0x03, 0x55, 0x03, 0x55, 0x03, 0x55, 0x03,
    0x55, 0x03, 0x55, 0x03, 0x55, 0x03, 0x75, 0x03, 0x55, 0x03, 0x55, 0x03, 0x55, 0x03, 0x55, 0x03,
    0x55, 0x03, 0x55, 0x03, 0x55, 0x03, 0x55, 0x03, 0x55, 0x03, 0x55, 0x03, 0x55, 0x03, 0x55, 0x03,
    0x55, 0x03, 0x55, 0x03, 0x55, 0x03, 0x55, 0x03, 0x55, 0x03, 0x55, 0x03, 0x55, 0x03, 0x55, 0x03,
    0x55, 0x03, 0x55, 0x03, 0x35, 0x03, 0x55, 0x03, 0x55, 0x03, 0x55, 0x03, 0x55, 0x03, 0x55, 0x03,
    0x75, 0x03, 0x55, 0x03, 0x55, 0x03, 0x55, 0x03, 0x55, 0x03, 0x55, 0x03, 0x55, 0x03, 0x85, 0x00,
    0x35, 0x03, 0x55, 0x03, 0x55, 0x03, 0x55, 0x03, 0x55, 0x03, 0x55, 0x03, 0x55, 0x03, 0x55, 0x03,
    0x55, 0x03, 0x55, 0x03, 0x55, 0x03, 0x55, 0x03, 0x55, 0x03, 0x75, 0x03, 0x55, 0x03, 0x55, 0x03,
    0x55, 0x03, 0x55, 0x03, 0x55, 0x03, 0x55, 0x03, 0x55, 0x03, 0x75, 0x03, 0x55, 0x03, 0x55, 0x03,
    0x55, 0x03, 0x55, 0x03, 0x55, 0x03, 0x55, 0x03, 0x55, 0x03, 0x75, 0x03, 0x75, 0x03, 0x75, 0x03,
    0x55, 0x03, 0x55, 0x03, 0x55, 0x03, 0x55, 0x03, 0x55, 0x03, 0x55, 0x03, 0x55, 0x03, 0x55, 0x03,
    0x55, 0x03, 0x55, 0x03, 0x55, 0x03, 0x55, 0x03, 0x55, 0x03, 0x55, 0x03, 0x55, 0x03, 0x55, 0x03,
    0x55, 0x03, 0x55, 0x03, 0x55, 0x03, 0x55, 0x03, 0x55, 0x03, 0x55, 0x03, 0x55, 0x03, 0x55, 0x03,
    0x55, 0x03, 0x55, 0x03, 0x55, 0x03, 0x55, 0x03, 0x55, 0x03, 0x55, 0x03, 0x75, 0x03, 0x55, 0x03,
    0x55, 0x03, 0x75, 0x03, 0x55, 0x03, 0x55, 0x03, 0x55, 0x03, 0x55, 0x03, 0x75, 0x03, 0x55, 0x03,
    0x55, 0x03, 0x55, 0x03, 0x55, 0x03, 0x55, 0x03, 0x55, 0x03, 0x55, 0x03, 0x55, 0x03, 0x55, 0x03,
    0x55, 0x03, 0x55, 0x03, 0x75, 0x03, 0x55, 0x03, 0x55, 0x03, 0x55, 0x03, 0x55, 0x03, 0x75, 0x03,
    0x55, 0x03, 0x55, 0x03, 0x75, 0x03, 0x55, 0x03, 0x55, 0x03, 0x55, 0x03, 0x55, 0x03, 0x55, 0x03,
    0x55, 0x03, 0x75, 0x03, 0x75, 0x03, 0x55, 0x03, 0x55, 0x03, 0x55, 0x03, 0x55, 0x03, 0x55, 0x03,
    0x55, 0x03, 0x55, 0x03, 0x55, 0x03, 0x55, 0x03, 0x55, 0x03, 0x55, 0x03, 0x55, 0x03, 0x55, 0x03,
    0x55, 0x03, 0x55, 0x03, 0x55, 0x03, 0x55, 0x03, 0x55, 0x03, 0x55, 0x03, 0x55, 0x03, 0x55, 0x03,
    0x55, 0x03, 0x55, 0x03, 0x55, 0x03, 0x75, 0x03, 0x55, 0x03, 0x55, 0x03, 0x55, 0x03, 0x85, 0x00,
    0x55, 0x03, 0x55, 0x03, 0x55, 0x03, 0x55, 0x03, 0x75, 0x03, 0x55, 0x03, 0x55, 0x03, 0x75, 0x03,
    0x55, 0x03, 0x55, 0x03, 0x55, 0x03, 0x55, 0x03, 0x75, 0x03, 0x55, 0x03, 0x55, 0x03, 0x75, 0x03,
    0x55, 0x03, 0x55, 0x03, 0x75, 0x03, 0x75, 0x03, 0x75, 0x03, 0x55, 0x03, 0x75, 0x03, 0x55, 0x03,
    0x55, 0x03, 0x55, 0x03, 0x55, 0x03, 0x55, 0x03, 0x55, 0x03, 0x55, 0x03, 0x55, 0x03, 0x55, 0x03,
    0x75, 0x03, 0x55, 0x03, 0x55, 0x03, 0x55, 0x03, 0x75, 0x03, 0x55, 0x03, 0x75, 0x03, 0x35, 0x03,
    0x75, 0x03, 0x75, 0x03, 0x75, 0x03, 0x55, 0x03, 0x75, 0x03, 0x55, 0x03, 0x55, 0x03, 0x55, 0x03,
    0x75, 0x03, 0x35, 0x03, 0x55, 0x03, 0x55, 0x03, 0x55, 0x03, 0x55, 0x03, 0x75, 0x03, 0x75, 0x03,
    0x55, 0x03, 0x55, 0x03, 0x55, 0x03, 0x75, 0x03, 0x55, 0x03, 0x55, 0x03, 0x75, 0x03, 0x75, 0x03,
    0x35, 0x03, 0x55, 0x03, 0x55, 0x03, 0x55, 0x03, 0x55, 0x03, 0x55, 0x03, 0x75, 0x03, 0x55, 0x03,
    0x55, 0x03, 0x55, 0x03, 0x75, 0x03, 0x55, 0x03, 0x55, 0x03, 0x55, 0x03, 0x55, 0x03, 0x55, 0x03,
    0x55, 0x03, 0x75, 0x03, 0x55, 0x03, 0x55, 0x03, 0x55, 0x03, 0x75, 0x03, 0x55, 0x03, 0x55, 0x03,
    0x55, 0x03, 0x55, 0x03, 0x55, 0x03, 0x55, 0x03, 0x55, 0x03, 0x55, 0x03, 0x55, 0x03, 0x55, 0x03,
    0x75, 0x03, 0x35, 0x03, 0x55, 0x03, 0x75, 0x03, 0x55, 0x03, 0x75, 0x03, 0x55, 0x03, 0x55, 0x03,
    0x75, 0x03, 0x55, 0x03, 0x55, 0x03, 0x55, 0x03, 0x55, 0x03, 0x75, 0x03, 0x55, 0x03, 0x55, 0x03,
    0x55, 0x03, 0x55, 0x03, 0x75, 0x03, 0x55, 0x03, 0x75, 0x03, 0x55, 0x03, 0x75, 0x03, 0x55, 0x03,
    0x55, 0x03, 0x55, 0x03, 0x55, 0x03, 0x75, 0x03, 0x55, 0x03, 0x75, 0x03, 0x55, 0x03, 0x85, 0x00,
    0x75, 0x03, 0x75, 0x03, 0x75, 0x03, 0x75, 0x03, 0x75, 0x03, 0x55, 0x03, 0x75, 0x03, 0x55, 0x03,
    0x55, 0x03, 0x75, 0x03, 0x75, 0x03, 0x75, 0x03, 0x75, 0x03, 0x75, 0x03, 0x75, 0x03, 0x55, 0x03,
    0x75, 0x03, 0x55, 0x03, 0x55, 0x03, 0x55, 0x03, 0x75, 0x03, 0x75, 0x03, 0x55, 0x03, 0x75, 0x03,
    0x55, 0x03, 0x75, 0x03, 0x75, 0x03, 0x55, 0x03, 0x75, 0x03, 0x55, 0x03, 0x75, 0x03, 0x55, 0x03,
    0x55, 0x03, 0x75, 0x03, 0x75, 0x03, 0x75, 0x03, 0x55, 0x03, 0x75, 0x03, 0x55, 0x03, 0x75, 0x03,
    0x55, 0x03, 0x55, 0x03, 0x75, 0x03, 0x55, 0x03, 0x75, 0x03, 0x55, 0x03, 0x55, 0x03, 0x55, 0x03,
    0x55, 0x03, 0x55, 0x03, 0x75, 0x03, 0x55, 0x03, 0x55, 0x03, 0x75, 0x03, 0x55, 0x03, 0x75, 0x03,
    0x75, 0x03, 0x75, 0x03, 0x75, 0x03, 0x55, 0x03, 0x55, 0x03, 0x75, 0x03, 0x55, 0x03, 0x55, 0x03,
    0x75, 0x03, 0x55, 0x03, 0x55, 0x03, 0x75, 0x03, 0x55, 0x03, 0x55, 0x03, 0x55, 0x03, 0x75, 0x03,
    0x75, 0x03, 0x75, 0x03, 0x55, 0x03, 0x75, 0x03, 0x55, 0x03, 0x55, 0x03, 0x75, 0x03, 0x55, 0x03,
    0x55, 0x03, 0x75, 0x03, 0x55, 0x03, 0x75, 0x03, 0x75, 0x03, 0x75, 0x03, 0x75, 0x03, 0x75, 0x03,
    0x55, 0x03, 0x75, 0x03, 0x75, 0x03, 0x75, 0x03, 0x75, 0x03, 0x55, 0x03, 0x55, 0x03, 0x75, 0x03,
    0x55, 0x03, 0x75, 0x03, 0x55, 0x03, 0x55, 0x03, 0x55, 0x03, 0x75, 0x03, 0x75, 0x03, 0x55, 0x03,
    0x55, 0x03, 0x55, 0x03, 0x75, 0x03, 0x55, 0x03, 0x75, 0x03, 0x75, 0x03, 0x75, 0x03, 0x55, 0x03,
    0x75, 0x03, 0x75, 0x03, 0x75, 0x03, 0x75, 0x03, 0x55, 0x03, 0x55, 0x03, 0x75, 0x03, 0x55, 0x03,
    0x75, 0x03, 0x55, 0x03, 0x75, 0x03, 0x55, 0x03, 0x55, 0x03, 0x75, 0x03, 0x55, 0x03, 0x85, 0x00,
    0x76, 0x03, 0x55, 0x03, 0x75, 0x03, 0x75, 0x03, 0x75, 0x03, 0x75, 0x03, 0x55, 0x03, 0x75, 0x03,
    0x75, 0x03, 0x75, 0x03, 0x75, 0x03, 0x55, 0x03, 0x75, 0x03, 0x55, 0x03, 0x75, 0x03, 0x55, 0x03,
    0x55, 0x03, 0x75, 0x03, 0x75, 0x03, 0x75, 0x03, 0x75, 0x03, 0x55, 0x03, 0x76, 0x03, 0x75, 0x03,
    0x75, 0x03, 0x55, 0x03, 0x55, 0x03, 0x55, 0x03, 0x55, 0x03, 0x75, 0x03, 0x75, 0x03, 0x75, 0x03,
    0x55, 0x03, 0x75, 0x03, 0x75, 0x03, 0x75, 0x03, 0x55, 0x03, 0x75, 0x03, 0x75, 0x03, 0x55, 0x03,
    0x75, 0x03, 0x55, 0x03, 0x75, 0x03, 0x75, 0x03, 0x75, 0x03, 0x75, 0x03, 0x55, 0x03, 0x75, 0x03,
    0x75, 0x03, 0x75, 0x03, 0x55, 0x03, 0x75, 0x03, 0x75, 0x03, 0x55, 0x03, 0x75, 0x03, 0x75, 0x03,
    0x75, 0x03, 0x75, 0x03, 0x75, 0x03, 0x75, 0x03, 0x55, 0x03, 0x75, 0x03, 0x55, 0x03, 0x55, 0x03,
    0x76, 0x03, 0x75, 0x03, 0x75, 0x03, 0x55, 0x03, 0x95, 0x03, 0x75, 0x03, 0x75, 0x03, 0x75, 0x03,
    0x75, 0x03, 0x55, 0x03, 0x75, 0x03, 0x55, 0x03, 0x55, 0x03, 0x76, 0x03, 0x75, 0x03, 0x55, 0x03,
    0x75, 0x03, 0x75, 0x03, 0x75, 0x03, 0x75, 0x03, 0x75, 0x03, 0x75, 0x03, 0x55, 0x03, 0x75, 0x03,
    0x75, 0x03, 0x75, 0x03, 0x75, 0x03, 0x75, 0x03, 0x75, 0x03, 0x75, 0x03, 0x55, 0x03, 0x75, 0x03,
    0x55, 0x03, 0x75, 0x03, 0x75, 0x03, 0x75, 0x03, 0x55, 0x03, 0x55, 0x03, 0x75, 0x03, 0x75, 0x03,
    0x75, 0x03, 0x75, 0x03, 0x55, 0x03, 0x55, 0x03, 0x75, 0x03, 0x55, 0x03, 0x55, 0x03, 0x95, 0x03,
    0x55, 0x03, 0x75, 0x03, 0x75, 0x03, 0x75, 0x03, 0x75, 0x03, 0x75, 0x03, 0x75, 0x03, 0x95, 0x03,
    0x75, 0x03, 0x75, 0x03, 0x75, 0x03, 0x75, 0x03, 0x75, 0x03, 0x75, 0x03, 0x95, 0x03, 0x85, 0x00,
    0x75, 0x03, 0x95, 0x03, 0x75, 0x03, 0x95, 0x03, 0x55, 0x03, 0x75, 0x03, 0x75, 0x03, 0x55, 0x03,
    0x75, 0x03, 0x55, 0x03, 0x95, 0x03, 0x75, 0x03, 0x55, 0x03, 0x96, 0x03, 0x75, 0x03, 0x75, 0x03,
    0x75, 0x03, 0x96, 0x03, 0x75, 0x03, 0x55, 0x03, 0x75, 0x03, 0x95, 0x03, 0x55, 0x03, 0x75, 0x03,
    0x95, 0x03, 0x55, 0x03, 0x76, 0x03, 0x75, 0x03, 0x55, 0x03, 0x75, 0x03, 0x75, 0x03, 0x75, 0x03,
    0x75, 0x03, 0x75, 0x03, 0x95, 0x03, 0x75, 0x03, 0x75, 0x03, 0x75, 0x03, 0x75, 0x03, 0x95, 0x03,
    0x55, 0x03, 0x96, 0x03, 0x55, 0x03, 0x75, 0x03, 0x95, 0x03, 0x75, 0x03, 0x75, 0x03, 0x55, 0x03,
    0x95, 0x03, 0x95, 0x03, 0x75, 0x03, 0x75, 0x03, 0x75, 0x03, 0x75, 0x03, 0x75, 0x03, 0x75, 0x03,
    0x75, 0x03, 0x75, 0x03, 0x55, 0x03, 0x95, 0x03, 0x75, 0x03, 0x55, 0x03, 0x75, 0x03, 0x76, 0x03,
    0x75, 0x03, 0x75, 0x03, 0x55, 0x03, 0x75, 0x03, 0x95, 0x03, 0x75, 0x03, 0x75, 0x03, 0x75, 0x03,
    0x95, 0x03, 0x75, 0x03, 0x75, 0x03, 0x75, 0x03, 0x75, 0x03, 0x75, 0x03, 0x75, 0x03, 0x75, 0x03,
    0x75, 0x03, 0x95, 0x03, 0x75, 0x03, 0x75, 0x03, 0x95, 0x03, 0x75, 0x03, 0x95, 0x03, 0x75, 0x03,
    0x95, 0x03, 0x75, 0x03, 0x95, 0x03, 0x75, 0x03, 0x75, 0x03, 0x55, 0x03, 0x75, 0x03, 0x75, 0x03,
    0x55, 0x03, 0x95, 0x03, 0x75, 0x03, 0x75, 0x03, 0x95, 0x03, 0x95, 0x03, 0x95, 0x03, 0x96, 0x03,
    0x95, 0x03, 0x75, 0x03, 0x75, 0x03, 0x75, 0x03, 0x55, 0x03, 0x75, 0x03, 0x75, 0x03, 0x75, 0x03,
    0x75, 0x03, 0x95, 0x03, 0x75, 0x03, 0x75, 0x03, 0x75, 0x03, 0x75, 0x03, 0x76, 0x03, 0x55, 0x03,
    0x96, 0x03, 0x95, 0x03, 0x55, 0x03, 0x75, 0x03, 0x95, 0x03, 0x95, 0x03, 0x75, 0x03, 0x85, 0x00,
    0x75, 0x03, 0x75, 0x03, 0x95, 0x03, 0x95, 0x03, 0x75, 0x03, 0x75, 0x03, 0x75, 0x03, 0x75, 0x03,
    0x95, 0x03, 0x96, 0x03, 0x55, 0x03, 0x75, 0x03, 0x75, 0x03, 0x96, 0x03, 0x95, 0x03, 0x75, 0x03,
    0x95, 0x03, 0x76, 0x03, 0x95, 0x03, 0x95, 0x03, 0x75, 0x03, 0x75, 0x03, 0x75, 0x03, 0x96, 0x03,
    0x96, 0x03, 0x75, 0x03, 0x75, 0x03, 0x95, 0x03, 0x96, 0x03, 0x75, 0x03, 0x95, 0x03, 0x75, 0x03,
    0x95, 0x03, 0x75, 0x03, 0x96, 0x03, 0x75, 0x03, 0x96, 0x03, 0x95, 0x03, 0x95, 0x03, 0x95, 0x03,
    0x95, 0x03, 0x55, 0x03, 0x95, 0x03, 0x75, 0x03, 0x95, 0x03, 0x95, 0x03, 0x75, 0x03, 0x75, 0x03,
    0x95, 0x03, 0x95, 0x03, 0x96, 0x03, 0x95, 0x03, 0x96, 0x03, 0x75, 0x03, 0x75, 0x03, 0x96, 0x03,
    0x95, 0x03, 0x96, 0x03, 0x95, 0x03, 0x75, 0x03, 0x75, 0x03, 0x95, 0x03, 0x55, 0x03, 0x95, 0x03,
    0x96, 0x03, 0x96, 0x03, 0x95, 0x03, 0x95, 0x03, 0x96, 0x03, 0x96, 0x03, 0x75, 0x03, 0x95, 0x03,
    0x95, 0x03, 0x95, 0x03, 0x95, 0x03, 0x95, 0x03, 0x75, 0x03, 0x75, 0x03, 0x75, 0x03, 0x96, 0x03,
    0x75, 0x03, 0x95, 0x03, 0x75, 0x03, 0x95, 0x03, 0x95, 0x03, 0x95, 0x03, 0x95, 0x03, 0x96, 0x03,
    0x96, 0x03, 0x95, 0x03, 0x95, 0x03, 0x95, 0x03, 0x95, 0x03, 0x95, 0x03, 0x95, 0x03, 0x75, 0x03,
    0x96, 0x03, 0x95, 0x03, 0x95, 0x03, 0x96, 0x03, 0x95, 0x03, 0x96, 0x03, 0x75, 0x03, 0x95, 0x03,
    0x75, 0x03, 0x95, 0x03, 0x96, 0x03, 0x95, 0x03, 0x75, 0x03, 0x95, 0x03, 0x95, 0x03, 0x95, 0x03,
    0x95, 0x03, 0x96, 0x03, 0x96, 0x03, 0x95, 0x03, 0x95, 0x03, 0x95, 0x03, 0x75, 0x03, 0x95, 0x03,
    0x75, 0x03, 0x95, 0x03, 0x95, 0x03, 0x95, 0x03, 0x95, 0x03, 0x95, 0x03, 0x75, 0x03, 0x85, 0x00,
    0x96, 0x03, 0x96, 0x03, 0x96, 0x03, 0x96, 0x03, 0x95, 0x03, 0x75, 0x03, 0x96, 0x03, 0x96, 0x03,
    0x95, 0x03, 0x96, 0x03, 0x96, 0x03, 0x96, 0x03, 0x95, 0x03, 0x95, 0x03, 0x95, 0x03, 0x75, 0x03,
    0x96, 0x03, 0x95, 0x03, 0x96, 0x03, 0x96, 0x03, 0x95, 0x03, 0x96, 0x03, 0x96, 0x03, 0x96, 0x03,
    0x95, 0x03, 0x95, 0x03, 0x75, 0x03, 0x96, 0x03, 0x96, 0x03, 0x75, 0x03, 0x96, 0x03, 0x95, 0x03,
    0x95, 0x03, 0x95, 0x03, 0x95, 0x03, 0x96, 0x03, 0x95, 0x03, 0x96, 0x03, 0x96, 0x03, 0x95, 0x03,
    0x95, 0x03, 0x95, 0x03, 0x95, 0x03, 0x95, 0x03, 0x95, 0x03, 0x75, 0x03, 0x95, 0x03, 0x95, 0x03,
    0x95, 0x03, 0x55, 0x03, 0x96, 0x03, 0x96, 0x03, 0x96, 0x03, 0x95, 0x03, 0x75, 0x03, 0x96, 0x03,
    0x96, 0x03, 0x95, 0x03, 0x95, 0x03, 0x95, 0x03, 0x96, 0x03, 0x96, 0x03, 0x96, 0x03, 0x95, 0x03,
    0x96, 0x03, 0x96, 0x03, 0x95, 0x03, 0x96, 0x03, 0x95, 0x03, 0x96, 0x03, 0x75, 0x03, 0x96, 0x03,
    0x95, 0x03, 0x96, 0x03, 0x95, 0x03, 0x96, 0x03, 0x75, 0x03, 0x75, 0x03, 0x96, 0x03, 0x96, 0x03,
    0x95, 0x03, 0x95, 0x03, 0x95, 0x03, 0x96, 0x03, 0x55, 0x03, 0x95, 0x03, 0x96, 0x03, 0xb5, 0x03,
    0x96, 0x03, 0x95, 0x03, 0x75, 0x03, 0xb5, 0x03, 0x96, 0x03, 0x96, 0x03, 0x95, 0x03, 0x95, 0x03,
    0x95, 0x03, 0x75, 0x03, 0x96, 0x03, 0x96, 0x03, 0x95, 0x03, 0x95, 0x03, 0x95, 0x03, 0x95, 0x03,
    0x96, 0x03, 0x95, 0x03, 0x95, 0x03, 0x96, 0x03, 0x95, 0x03, 0x95, 0x03, 0x95, 0x03, 0x96, 0x03,
    0x95, 0x03, 0x95, 0x03, 0x95, 0x03, 0x95, 0x03, 0x95, 0x03, 0x96, 0x03, 0x95, 0x03, 0x96, 0x03,
    0x96, 0x03, 0x96, 0x03, 0x95, 0x03, 0x96, 0x03, 0x95, 0x03, 0x95, 0x03, 0x95, 0x03, 0x85, 0x00,
    0x96, 0x03, 0x75, 0x03, 0x96, 0x03, 0x96, 0x03, 0x96, 0x03, 0x96, 0x03, 0x75, 0x03, 0x96, 0x03,
    0x95, 0x03, 0x95, 0x03, 0x96, 0x03, 0xb6, 0x03, 0xb6, 0x03, 0x95, 0x03, 0x75, 0x03, 0x76, 0x03,
    0x95, 0x03, 0xb6, 0x03, 0x96, 0x03, 0xb6, 0x03, 0x96, 0x03, 0x96, 0x03, 0x96, 0x03, 0x96, 0x03,
    0x75, 0x03, 0x96, 0x03, 0x95, 0x03, 0x96, 0x03, 0x96, 0x03, 0xb6, 0x03, 0x96, 0x03, 0x95, 0x03,
    0x96, 0x03, 0x95, 0x03, 0x96, 0x03, 0x96, 0x03, 0x96, 0x03, 0x96, 0x03, 0x96, 0x03, 0x96, 0x03,
    0x95, 0x03, 0x95, 0x03, 0x95, 0x03, 0x96, 0x03, 0x96, 0x03, 0x96, 0x03, 0x95, 0x03, 0x96, 0x03,
    0x96, 0x03, 0x95, 0x03, 0x75, 0x03, 0x75, 0x03, 0x95, 0x03, 0x95, 0x03, 0x96, 0x03, 0x96, 0x03,
    0x95, 0x03, 0xb6, 0x03, 0x96, 0x03, 0x96, 0x03, 0x96, 0x03, 0x95, 0x03, 0x76, 0x03, 0x96, 0x03,
    0x95, 0x03, 0x96, 0x03, 0x95, 0x03, 0x95, 0x03, 0x96, 0x03, 0x75, 0x03, 0x96, 0x03, 0x96, 0x03,
    0x95, 0x03, 0x75, 0x03, 0x95, 0x03, 0x95, 0x03, 0x96, 0x03, 0xb5, 0x03, 0x95, 0x03, 0x75, 0x03,
    0x95, 0x03, 0x96, 0x03, 0x95, 0x03, 0xb5, 0x03, 0xb6, 0x03, 0x95, 0x03, 0xb6, 0x03, 0x95, 0x03,
    0x96, 0x03, 0x95, 0x03, 0x95, 0x03, 0x96, 0x03, 0xb6, 0x03, 0x95, 0x03, 0x96, 0x03, 0x95, 0x03,
    0x96, 0x03, 0x95, 0x03, 0x96, 0x03, 0x96, 0x03, 0xb6, 0x03, 0x96, 0x03, 0x55, 0x03, 0x95, 0x03,
    0x96, 0x03, 0x95, 0x03, 0xb6, 0x03, 0x75, 0x03, 0x96, 0x03, 0x96, 0x03, 0x96, 0x03, 0xb5, 0x03,
    0x75, 0x03, 0x96, 0x03, 0x96, 0x03, 0x95, 0x03, 0xb6, 0x03, 0x95, 0x03, 0x95, 0x03, 0x75, 0x03,
    0x95, 0x03, 0xb6, 0x03, 0xb6, 0x03, 0xb6, 0x03, 0x96, 0x03, 0x95, 0x03, 0x96, 0x03, 0x85, 0x00,
    0x96, 0x03, 0x95, 0x03, 0x96, 0x03, 0x96, 0x03, 0xb6, 0x03, 0xb6, 0x03, 0x96, 0x03, 0x96, 0x03,
    0xb6, 0x03, 0x96, 0x03, 0x96, 0x03, 0x96, 0x03, 0x96, 0x03, 0x95, 0x03, 0x96, 0x03, 0x96, 0x03,
    0x75, 0x03, 0x96, 0x03, 0x95, 0x03, 0x96, 0x03, 0x96, 0x03, 0x96, 0x03, 0x96, 0x03, 0x96, 0x03,
    0x96, 0x03, 0x96, 0x03, 0x95, 0x03, 0x95, 0x03, 0xb6, 0x03, 0x96, 0x03, 0xb6, 0x03, 0x96, 0x03,
    0x96, 0x03, 0xb6, 0x03, 0xb6, 0x03, 0x95, 0x03, 0x96, 0x03, 0x95, 0x03, 0xb6, 0x03, 0x96, 0x03,
    0x95, 0x03, 0x96, 0x03, 0x96, 0x03, 0xb6, 0x03, 0xb6, 0x03, 0x96, 0x03, 0x96, 0x03, 0x95, 0x03,
    0x96, 0x03, 0x95, 0x03, 0x75, 0x03, 0x75, 0x03, 0x96, 0x03, 0x96, 0x03, 0x96, 0x03, 0x96, 0x03,
    0x96, 0x03, 0x96, 0x03, 0xb6, 0x03, 0xb6, 0x03, 0x95, 0x03, 0x96, 0x03, 0xb6, 0x03, 0x96, 0x03,
    0xb6, 0x03, 0x95, 0x03, 0x96, 0x03, 0xb6, 0x03, 0x95, 0x03, 0x96, 0x03, 0x96, 0x03, 0x95, 0x03,
    0x95, 0x03, 0x96, 0x03, 0x95, 0x03, 0xb6, 0x03, 0x95, 0x03, 0x95, 0x03, 0xb6, 0x03, 0x96, 0x03,
    0x96, 0x03, 0x95, 0x03, 0x96, 0x03, 0xb6, 0x03, 0x75, 0x03, 0xb6, 0x03, 0x96, 0x03, 0x96, 0x03,
    0xb6, 0x03, 0xb6, 0x03, 0x95, 0x03, 0xb6, 0x03, 0x96, 0x03, 0x75, 0x03, 0x95, 0x03, 0x95, 0x03,
    0xb6, 0x03, 0xb6, 0x03, 0x95, 0x03, 0x95, 0x03, 0x96, 0x03, 0x96, 0x03, 0x75, 0x03, 0x95, 0x03,
    0xb6, 0x03, 0x96, 0x03, 0xb6, 0x03, 0x95, 0x03, 0x75, 0x03, 0xb6, 0x03, 0x95, 0x03, 0x96, 0x03,
    0x95, 0x03, 0x95, 0x03, 0xb6, 0x03, 0x75, 0x03, 0xb6, 0x03, 0xb6, 0x03, 0xb5, 0x03, 0xb6, 0x03,
    0x96, 0x03, 0x95, 0x03, 0x96, 0x03, 0x96, 0x03, 0xb5, 0x03, 0xb6, 0x03, 0xb6, 0x03, 0x85, 0x00,
    0xb6, 0x03, 0xb6, 0x03, 0x96, 0x03, 0xb6, 0x03, 0x96, 0x03, 0x96, 0x03, 0x96, 0x03, 0x96, 0x03,
    0xb6, 0x03, 0x96, 0x03, 0x96, 0x03, 0x96, 0x03, 0xb6, 0x03, 0xb6, 0x03, 0x96, 0x03, 0xb6, 0x03,
    0x96, 0x03, 0x96, 0x03, 0x96, 0x03, 0x96, 0x03, 0xb6, 0x03, 0xb6, 0x03, 0xb6, 0x03, 0x95, 0x03,
    0x96, 0x03, 0x96, 0x03, 0x96, 0x03, 0xb6, 0x03, 0xb6, 0x03, 0x96, 0x03, 0xb6, 0x03, 0xb6, 0x03,
    0xb6, 0x03, 0x96, 0x03, 0x96, 0x03, 0x96, 0x03, 0x96, 0x03, 0xb6, 0x03, 0x96, 0x03, 0x96, 0x03,
    0x96, 0x03, 0x96, 0x03, 0x96, 0x03, 0x96, 0x03, 0xb6, 0x03, 0x96, 0x03, 0xb6, 0x03, 0x96, 0x03,
    0xb6, 0x03, 0xb6, 0x03, 0x96, 0x03, 0x96, 0x03, 0x96, 0x03, 0x96, 0x03, 0x96, 0x03, 0xb6, 0x03,
    0xb6, 0x03, 0x95, 0x03, 0x96, 0x03, 0xb6, 0x03, 0x96, 0x03, 0x96, 0x03, 0x96, 0x03, 0x96, 0x03,
    0xb6, 0x03, 0x96, 0x03, 0xb6, 0x03, 0xb6, 0x03, 0x95, 0x03, 0x96, 0x03, 0x96, 0x03, 0x96, 0x03,
    0x96, 0x03, 0x96, 0x03, 0xb6, 0x03, 0x96, 0x03, 0x96, 0x03, 0xb6, 0x03, 0x96, 0x03, 0x96, 0x03,
    0x96, 0x03, 0x96, 0x03, 0x96, 0x03, 0xb6, 0x03, 0xb6, 0x03, 0xb6, 0x03, 0xb6, 0x03, 0xb6, 0x03,
    0xb6, 0x03, 0xb6, 0x03, 0x96, 0x03, 0xb6, 0x03, 0xb6, 0x03, 0xb6, 0x03, 0xb6, 0x03, 0xb6, 0x03,
    0xb6, 0x03, 0xb6, 0x03, 0xb6, 0x03, 0xb6, 0x03, 0x96, 0x03, 0xb6, 0x03, 0xb6, 0x03, 0x95, 0x03,
    0xb6, 0x03, 0x96, 0x03, 0x96, 0x03, 0x96, 0x03, 0x95, 0x03, 0xb6, 0x03, 0x96, 0x03, 0x95, 0x03,
    0xb6, 0x03, 0xb6, 0x03, 0xb6, 0x03, 0x96, 0x03, 0xb6, 0x03, 0x95, 0x03, 0x96, 0x03, 0xb5, 0x03,
    0xb6, 0x03, 0xb6, 0x03, 0x96, 0x03, 0x96, 0x03, 0x96, 0x03, 0xb6, 0x03, 0xb6, 0x03, 0x85, 0x00,
    0xb6, 0x03, 0xb6, 0x03, 0xb6, 0x03, 0xb6, 0x03, 0x96, 0x03, 0xb6, 0x03, 0xb6, 0x03, 0xb6, 0x03,
    0xb6, 0x03, 0xb6, 0x03, 0x96, 0x03, 0xb6, 0x03, 0x96, 0x03, 0xb6, 0x03, 0x36, 0x0c, 0x75, 0x1c,
    0x16, 0x0c, 0xb6, 0x03, 0xb6, 0x03, 0xb6, 0x03, 0xb6, 0x03, 0xb6, 0x03, 0xb6, 0x03, 0xb6, 0x03,
    0xb6, 0x03, 0xb6, 0x03, 0xb6, 0x03, 0xb6, 0x03, 0x96, 0x03, 0xb6, 0x03, 0xb6, 0x03, 0x96, 0x03,
    0xb6, 0x03, 0x96, 0x03, 0xb6, 0x03, 0xb6, 0x03, 0x96, 0x03, 0x96, 0x03, 0x96, 0x03, 0xb6, 0x03,
    0xb6, 0x03, 0x96, 0x03, 0xb6, 0x03, 0xb6, 0x03, 0x96, 0x03, 0x96, 0x03, 0x96, 0x03, 0xb6, 0x03,
    0x96, 0x03, 0xb6, 0x03, 0xb6, 0x03, 0x96, 0x03, 0xb6, 0x03, 0x96, 0x03, 0x96, 0x03, 0xb6, 0x03,
    0xb6, 0x03, 0x96, 0x03, 0xb6, 0x03, 0xb6, 0x03, 0x96, 0x03, 0xb6, 0x03, 0x96, 0x03, 0xb6, 0x03,
    0xb6, 0x03, 0xb6, 0x03, 0xb6, 0x03, 0x96, 0x03, 0xb6, 0x03, 0x96, 0x03, 0xb6, 0x03, 0x96, 0x03,
    0xb6, 0x03, 0x96, 0x03, 0x96, 0x03, 0x96, 0x03, 0xb6, 0x03, 0x96, 0x03, 0x95, 0x03, 0x96, 0x03,
    0xb6, 0x03, 0x96, 0x03, 0x96, 0x03, 0xb6, 0x03, 0xb6, 0x03, 0xb6, 0x03, 0xb6, 0x03, 0x96, 0x03,
    0xb6, 0x03, 0xb6, 0x03, 0xb6, 0x03, 0xb6, 0x03, 0xb6, 0x03, 0xb6, 0x03, 0xb6, 0x03, 0xb6, 0x03,
    0xb6, 0x03, 0xb6, 0x03, 0xb6, 0x03, 0xb6, 0x03, 0xb6, 0x03, 0xb6, 0x03, 0xb6, 0x03, 0xb6, 0x03,
    0xb6, 0x03, 0xb6, 0x03, 0xb6, 0x03, 0x96, 0x03, 0xb6, 0x03, 0xb6, 0x03, 0x95, 0x03, 0xb6, 0x03,
    0xb6, 0x03, 0xb6, 0x03, 0xb6, 0x03, 0xb6, 0x03, 0xb6, 0x03, 0x96, 0x03, 0x95, 0x03, 0xb6, 0x03,
    0x96, 0x03, 0xb6, 0x03, 0x96, 0x03, 0xb6, 0x03, 0x96, 0x03, 0x96, 0x03, 0xb6, 0x03, 0x85, 0x00,
    0xb6, 0x03, 0xb6, 0x03, 0xb6, 0x03, 0xb6, 0x03, 0xb6, 0x03, 0xb6, 0x03, 0xb6, 0x03, 0xb6, 0x03,
    0xb6, 0x03, 0xb6, 0x03, 0x96, 0x03, 0xb6, 0x03, 0xb6, 0x03, 0xb6, 0x03, 0xb6, 0x03, 0xb6, 0x03,
    0xd6, 0x03, 0xd6, 0x2c, 0xb6, 0x24, 0x96, 0x2c, 0xd6, 0x03, 0xd6, 0x03, 0xb6, 0x03, 0xb6, 0x03,
    0xb6, 0x03, 0xb6, 0x03, 0xb6, 0x03, 0xb6, 0x03, 0xb6, 0x03, 0xb6, 0x03, 0xb6, 0x03, 0xb6, 0x03,
    0xb6, 0x03, 0xb6, 0x03, 0xb6, 0x03, 0xb6, 0x03, 0xb6, 0x03, 0xb6, 0x03, 0xb6, 0x03, 0xb6, 0x03,
    0xb6, 0x03, 0xb6, 0x03, 0xb6, 0x03, 0xb6, 0x03, 0x96, 0x03, 0xb6, 0x03, 0xb6, 0x03, 0x96, 0x03,
    0xb6, 0x03, 0x96, 0x03, 0xb6, 0x03, 0xb6, 0x03, 0xb6, 0x03, 0xb6, 0x03, 0xb6, 0x03, 0xb6, 0x03,
    0xb6, 0x03, 0xb6, 0x03, 0xb6, 0x03, 0xb6, 0x03, 0xb6, 0x03, 0xb6, 0x03, 0xb6, 0x03, 0xb6, 0x03,
    0xb6, 0x03, 0xb6, 0x03, 0xb6, 0x03, 0xb6, 0x03, 0xb6, 0x03, 0xb6, 0x03, 0x96, 0x03, 0xb6, 0x03,
    0xb6, 0x03, 0xb6, 0x03, 0xb6, 0x03, 0xb6, 0x03, 0xb6, 0x03, 0xb6, 0x03, 0xb6, 0x03, 0xb6, 0x03,
    0xb6, 0x03, 0xb6, 0x03, 0xb6, 0x03, 0xb6, 0x03, 0xb6, 0x03, 0xb6, 0x03, 0xb6, 0x03, 0xb6, 0x03,
    0xb6, 0x03, 0xb6, 0x03, 0xb6, 0x03, 0xb6, 0x03, 0xb6, 0x03, 0xb6, 0x03, 0xb6, 0x03, 0xb6, 0x03,
    0xb6, 0x03, 0xb6, 0x03, 0xb6, 0x03, 0xb6, 0x03, 0xb6, 0x03, 0xb6, 0x03, 0xb6, 0x03, 0xb6, 0x03,
    0xb6, 0x03, 0xb6, 0x03, 0xb6, 0x03, 0xb6, 0x03, 0xb6, 0x03, 0xb6, 0x03, 0xb6, 0x03, 0xb6, 0x03,
    0xb6, 0x03, 0xb6, 0x03, 0xb6, 0x03, 0xb6, 0x03, 0xb6, 0x03, 0xb6, 0x03, 0xb6, 0x03, 0xb6, 0x03,
    0xb6, 0x03, 0xb6, 0x03, 0xb6, 0x03, 0xb6, 0x03, 0xb6, 0x03, 0x96, 0x03, 0xb6, 0x03, 0xa6, 0x00,
    0xb6, 0x03, 0xb6, 0x03, 0xb6, 0x03, 0xb6, 0x03, 0xb6, 0x03, 0xd6, 0x03, 0xb6, 0x03, 0xb6, 0x03,
    0xb6, 0x03, 0xb6, 0x03, 0xb6, 0x03, 0xb6, 0x03, 0xb6, 0x03, 0xb6, 0x03, 0xb6, 0x03, 0xb6, 0x03,
    0xd6, 0x03, 0xd6, 0x03, 0xd6, 0x03, 0xf7, 0x03, 0xf7, 0x2c, 0x37, 0x3d, 0xf6, 0x34, 0x35, 0x0c,
    0xb4, 0x03, 0x74, 0x03, 0xb5, 0x03, 0xd6, 0x03, 0xb6, 0x03, 0xb6, 0x03, 0xb6, 0x03, 0xb6, 0x03,
    0xb6, 0x03, 0xb6, 0x03, 0xb6, 0x03, 0xb6, 0x03, 0xb6, 0x03, 0xb6, 0x03, 0xb6, 0x03, 0xb6, 0x03,
    0xb6, 0x03, 0xb6, 0x03, 0xb6, 0x03, 0xb6, 0x03, 0xb6, 0x03, 0xb6, 0x03, 0xb6, 0x03, 0xb6, 0x03,
    0xb6, 0x03, 0xb6, 0x03, 0xb6, 0x03, 0xb6, 0x03, 0xb6, 0x03, 0xb6, 0x03, 0xb6, 0x03, 0xb6, 0x03,
    0xb6, 0x03, 0xb6, 0x03, 0xb6, 0x03, 0xb6, 0x03, 0xb6, 0x03, 0xb6, 0x03, 0xb6, 0x03, 0xb6, 0x03,
    0xb6, 0x03, 0xb6, 0x03, 0xb6, 0x03, 0xb6, 0x03, 0xb6, 0x03, 0xb6, 0x03, 0xb6, 0x03, 0xb6, 0x03,
    0xb6, 0x03, 0xb6, 0x03, 0xb6, 0x03, 0xb6, 0x03, 0xb6, 0x03, 0x96, 0x03, 0xb6, 0x03, 0xb6, 0x03,
    0xb6, 0x03, 0xb6, 0x03, 0xb6, 0x03, 0xb6, 0x03, 0xb6, 0x03, 0xb6, 0x03, 0xb6, 0x03, 0xb6, 0x03,
    0xb6, 0x03, 0xb6, 0x03, 0xb6, 0x03, 0xb6, 0x03, 0xb6, 0x03, 0xb6, 0x03, 0xb6, 0x03, 0xb6, 0x03,
    0xb6, 0x03, 0xb6, 0x03, 0xb6, 0x03, 0xb6, 0x03, 0xb6, 0x03, 0xb6, 0x03, 0xb6, 0x03, 0xb6, 0x03,
    0xb6, 0x03, 0xb6, 0x03, 0xb6, 0x03, 0xb6, 0x03, 0xb6, 0x03, 0xb6, 0x03, 0xb6, 0x03, 0xb6, 0x03,
    0xb6, 0x03, 0xb6, 0x03, 0xb6, 0x03, 0xb6, 0x03, 0xb6, 0x03, 0xb6, 0x03, 0xb6, 0x03, 0xb6, 0x03,
    0xb6, 0x03, 0xb6, 0x03, 0xb6, 0x03, 0xb6, 0x03, 0xb6, 0x03, 0xb6, 0x03, 0xb6, 0x03, 0xa7, 0x00,
    0x36, 0x35, 0xd6, 0x03, 0xd6, 0x03, 0xd6, 0x03, 0xd6, 0x03, 0xd6, 0x03, 0xb6, 0x03, 0xb6, 0x03,
    0xd6, 0x03, 0xd6, 0x03, 0xb6, 0x03, 0xb6, 0x03, 0xb6, 0x03, 0xb6, 0x03, 0xb6, 0x03, 0xb6, 0x03,
    0xd6, 0x03, 0xb6, 0x03, 0xb6, 0x03, 0xd6, 0x03, 0xd6, 0x03, 0xd6, 0x03, 0xd6, 0x03, 0xb5, 0x03,
    0x96, 0x03, 0x96, 0x24, 0xd6, 0x2c, 0x16, 0x3d, 0x36, 0x3d, 0xb6, 0x24, 0xb6, 0x03, 0xb6, 0x03,
    0xb6, 0x03, 0xb6, 0x03, 0xb6, 0x03, 0xd6, 0x03, 0xb6, 0x03, 0xb6, 0x03, 0xb6, 0x03, 0xb6, 0x03,
    0xb6, 0x03, 0xb6, 0x03, 0xb6, 0x03, 0xb6, 0x03, 0xb6, 0x03, 0xb6, 0x03, 0xb6, 0x03, 0xb6, 0x03,
    0xb6, 0x03, 0xb6, 0x03, 0xd6, 0x03, 0xb6, 0x03, 0xb6, 0x03, 0xb6, 0x03, 0xb6, 0x03, 0xb6, 0x03,
    0xb6, 0x03, 0xb6, 0x03, 0xb6, 0x03, 0xb6, 0x03, 0xb6, 0x03, 0xb6, 0x03, 0xb6, 0x03, 0xb6, 0x03,
    0xb6, 0x03, 0xb6, 0x03, 0xb6, 0x03, 0xb6, 0x03, 0xb6, 0x03, 0xb6, 0x03, 0xb6, 0x03, 0xb6, 0x03,
    0xb6, 0x03, 0xb6, 0x03, 0xb6, 0x03, 0xb6, 0x03, 0xb6, 0x03, 0xb6, 0x03, 0xb6, 0x03, 0xb6, 0x03,
    0xb6, 0x03, 0xb6, 0x03, 0xb6, 0x03, 0xb6, 0x03, 0xb6, 0x03, 0xd6, 0x03, 0xb6, 0x03, 0xb6, 0x03,
    0xb6, 0x03, 0xb6, 0x03, 0xb6, 0x03, 0xb6, 0x03, 0xb6, 0x03, 0xb6, 0x03, 0xb6, 0x03, 0xb6, 0x03,
    0xb6, 0x03, 0xd6, 0x03, 0xb6, 0x03, 0xb6, 0x03, 0xb6, 0x03, 0xb6, 0x03, 0xb6, 0x03, 0xb6, 0x03,
    0xb6, 0x03, 0xb6, 0x03, 0xb6, 0x03, 0xb6, 0x03, 0xb6, 0x03, 0xd6, 0x03, 0xb6, 0x03, 0xb6, 0x03,
    0xb6, 0x03, 0xb6, 0x03, 0xb6, 0x03, 0xb6, 0x03, 0xb6, 0x03, 0xb6, 0x03, 0xb6, 0x03, 0xb6, 0x03,
    0xb6, 0x03, 0xd6, 0x03, 0xb6, 0x03, 0xb6, 0x03, 0xb6, 0x03, 0xb6, 0x03, 0xb6, 0x03, 0xa6, 0x00,
    0xd5, 0x34, 0xf5, 0x34, 0xb5, 0x24, 0x76, 0x1c, 0xf6, 0x03, 0xd6, 0x03, 0xd6, 0x03, 0xd6, 0x03,
    0xd6, 0x03, 0xd6, 0x03, 0xd6, 0x03, 0xd6, 0x03, 0xd6, 0x03, 0xd6, 0x03, 0xd6, 0x03, 0xd6, 0x03,
    0xb6, 0x03, 0xd6, 0x03, 0xd6, 0x03, 0xd6, 0x03, 0xd6, 0x03, 0xd6, 0x03, 0xd6, 0x03, 0xd6, 0x03,
    0xd6, 0x03, 0xd6, 0x03, 0xd6, 0x03, 0x96, 0x1c, 0x76, 0x14, 0xb6, 0x2c, 0xd6, 0x2c, 0xb5, 0x2c,
    0x76, 0x1c, 0xd6, 0x03, 0xd6, 0x03, 0xd6, 0x03, 0xd6, 0x03, 0xb6, 0x03, 0xd6, 0x03, 0xd6, 0x03,
    0xd6, 0x03, 0xb6, 0x03, 0xd6, 0x03, 0xd6, 0x03, 0xd6, 0x03, 0xb6, 0x03, 0xb6, 0x03, 0xb6, 0x03,
    0xd6, 0x03, 0xd6, 0x03, 0xd6, 0x03, 0xb6, 0x03, 0xb6, 0x03, 0xb6, 0x03, 0xb6, 0x03, 0xb6, 0x03,
    0xb6, 0x03, 0xb6, 0x03, 0xb6, 0x03, 0xb6, 0x03, 0xb6, 0x03, 0xb6, 0x03, 0xb6, 0x03, 0xb6, 0x03,
    0xd6, 0x03, 0xb6, 0x03, 0xb6, 0x03, 0xb6, 0x03, 0xd6, 0x03, 0xb6, 0x03, 0xb6, 0x03, 0xb6, 0x03,
    0xb6, 0x03, 0xb6, 0x03, 0xd6, 0x03, 0xd6, 0x03, 0xb6, 0x03, 0xb6, 0x03, 0xd6, 0x03, 0xb6, 0x03,
    0xb6, 0x03, 0xb6, 0x03, 0xb6, 0x03, 0xb6, 0x03, 0xd6, 0x03, 0xb6, 0x03, 0xb6, 0x03, 0xb6, 0x03,
    0xb6, 0x03, 0xb6, 0x03, 0xb6, 0x03, 0xb6, 0x03, 0xd6, 0x03, 0xb6, 0x03, 0xb6, 0x03, 0xd6, 0x03,
    0xb6, 0x03, 0xb6, 0x03, 0xd6, 0x03, 0xb6, 0x03, 0xd6, 0x03, 0xd6, 0x03, 0xb6, 0x03, 0xd6, 0x03,
    0xb6, 0x03, 0xb6, 0x03, 0xb6, 0x03, 0xb6, 0x03, 0xd6, 0x03, 0xb6, 0x03, 0xb6, 0x03, 0xd6, 0x03,
    0xd6, 0x03, 0xb6, 0x03, 0xd6, 0x03, 0xb6, 0x03, 0xb6, 0x03, 0xd6, 0x03, 0xd6, 0x03, 0xd6, 0x03,
    0xd6, 0x03, 0xb6, 0x03, 0xb6, 0x03, 0xb6, 0x03, 0xd6, 0x03, 0xb6, 0x03, 0xb6, 0x03, 0xa6, 0x00,
    0x15, 0x3d, 0xf6, 0x34, 0x15, 0x3d, 0xd5, 0x34, 0xf6, 0x34, 0x35, 0x0c, 0x95, 0x03, 0x95, 0x03,
    0x95, 0x03, 0xd6, 0x03, 0xd6, 0x03, 0xd6, 0x03, 0xd6, 0x03, 0xd6, 0x03, 0xd6, 0x03, 0xd6, 0x03,
    0xd6, 0x03, 0xd6, 0x03, 0xd6, 0x03, 0xd6, 0x03, 0xd6, 0x03, 0xd6, 0x03, 0xd6, 0x03, 0xd6, 0x03,
    0xd6, 0x03, 0xd6, 0x03, 0xd6, 0x03, 0x56, 0x0c, 0x76, 0x14, 0xf6, 0x2c, 0x17, 0x35, 0x16, 0x35,
    0xb5, 0x2c, 0xb6, 0x03, 0x95, 0x03, 0x36, 0x04, 0x95, 0x03, 0x95, 0x03, 0x95, 0x03, 0xd6, 0x03,
    0xd6, 0x03, 0xd6, 0x03, 0xd6, 0x03, 0xb6, 0x03, 0xb6, 0x03, 0xb6, 0x03, 0xb6, 0x03, 0xd6, 0x03,
    0xd6, 0x03, 0xd6, 0x03, 0xd6, 0x03, 0xd6, 0x03, 0xd6, 0x03, 0xd6, 0x03, 0xd6, 0x03, 0xd6, 0x03,
    0xb6, 0x03, 0xd6, 0x03, 0xd6, 0x03, 0xd6, 0x03, 0xb6, 0x03, 0xd6, 0x03, 0xd6, 0x03, 0xb6, 0x03,
    0xd6, 0x03, 0xd6, 0x03, 0xd6, 0x03, 0xd6, 0x03, 0xb6, 0x03, 0xd6, 0x03, 0xd6, 0x03, 0xd6, 0x03,
    0xb6, 0x03, 0xd6, 0x03, 0xd6, 0x03, 0xd6, 0x03, 0xb6, 0x03, 0xb6, 0x03, 0xb6, 0x03, 0xb6, 0x03,
    0xd6, 0x03, 0xb6, 0x03, 0xd6, 0x03, 0xb6, 0x03, 0xd6, 0x03, 0xd6, 0x03, 0xd6, 0x03, 0xb6, 0x03,
    0xd6, 0x03, 0xd6, 0x03, 0xd6, 0x03, 0xb6, 0x03, 0xd6, 0x03, 0xd6, 0x03, 0xd6, 0x03, 0xd6, 0x03,
    0xd6, 0x03, 0xb6, 0x03, 0xd6, 0x03, 0xb6, 0x03, 0xd6, 0x03, 0xd6, 0x03, 0xd6, 0x03, 0xd6, 0x03,
    0xd6, 0x03, 0xd6, 0x03, 0xb6, 0x03, 0xd6, 0x03, 0xd6, 0x03, 0xd6, 0x03, 0xd6, 0x03, 0xd6, 0x03,
    0xd6, 0x03, 0xd6, 0x03, 0xd6, 0x03, 0xb6, 0x03, 0x95, 0x03, 0xd6, 0x03, 0xd6, 0x03, 0xd6, 0x03,
    0xd6, 0x03, 0xb6, 0x03, 0xd6, 0x03, 0xd6, 0x03, 0xd6, 0x03, 0xd6, 0x03, 0xd6, 0x03, 0xc7, 0x00,
    0xd5, 0x34, 0xf6, 0x34, 0xf5, 0x34, 0xf5, 0x34, 0xf5, 0x34, 0xf5, 0x34, 0xf5, 0x34, 0xf5, 0x34,
    0xd6, 0x34, 0x76, 0x1c, 0xd7, 0x03, 0xd6, 0x03, 0xd6, 0x03, 0xd6, 0x03, 0xd6, 0x03, 0xd6, 0x03,
    0xd6, 0x03, 0xd6, 0x03, 0xd6, 0x03, 0xd6, 0x03, 0xd6, 0x03, 0xd6, 0x03, 0xd6, 0x03, 0xd6, 0x03,
    0xd6, 0x03, 0xd6, 0x03, 0xd6, 0x03, 0xd6, 0x03, 0xd6, 0x03, 0xd6, 0x03, 0xd6, 0x03, 0xd6, 0x03,
    0xb6, 0x03, 0xb5, 0x03, 0xb6, 0x03, 0x35, 0x0c, 0xb6, 0x24, 0x96, 0x03, 0x95, 0x03, 0xd6, 0x03,
    0xd6, 0x03, 0xd6, 0x03, 0xd6, 0x03, 0xd6, 0x03, 0xd6, 0x03, 0xd6, 0x03, 0xd6, 0x03, 0xd6, 0x03,
    0xd6, 0x03, 0xb6, 0x03, 0xd6, 0x03, 0xd6, 0x03, 0xd6, 0x03, 0xd6, 0x03, 0xd6, 0x03, 0xd6, 0x03,
    0xd6, 0x03, 0xd6, 0x03, 0xd6, 0x03, 0xd6, 0x03, 0xd6, 0x03, 0xd6, 0x03, 0xd6, 0x03, 0xd6, 0x03,
    0xd6, 0x03, 0xd6, 0x03, 0xd6, 0x03, 0xd6, 0x03, 0xd6, 0x03, 0xd6, 0x03, 0xd6, 0x03, 0xd6, 0x03,
    0xd6, 0x03, 0xd6, 0x03, 0xd6, 0x03, 0xd6, 0x03, 0xd6, 0x03, 0xd6, 0x03, 0xd6, 0x03, 0xd6, 0x03,
    0xd6, 0x03, 0xd6, 0x03, 0xd6, 0x03, 0xd6, 0x03, 0xd6, 0x03, 0xd6, 0x03, 0xd6, 0x03, 0xd6, 0x03,
    0xd6, 0x03, 0xd6, 0x03, 0xd6, 0x03, 0xd6, 0x03, 0xd6, 0x03, 0xd6, 0x03, 0xd6, 0x03, 0xb6, 0x03,
    0xd6, 0x03, 0xd6, 0x03, 0xd6, 0x03, 0xd6, 0x03, 0xd6, 0x03, 0xd6, 0x03, 0xd6, 0x03, 0xd6, 0x03,
    0xd6, 0x03, 0xd6, 0x03, 0xd6, 0x03, 0xd6, 0x03, 0xd6, 0x03, 0xd6, 0x03, 0xd6, 0x03, 0xd6, 0x03,
    0xd6, 0x03, 0xd6, 0x03, 0xf7, 0x2c, 0xf6, 0x34, 0xd5, 0x34, 0xd6, 0x03, 0x16, 0x3d, 0xd6, 0x03,
    0xd6, 0x03, 0xd6, 0x03, 0xd6, 0x03, 0xd6, 0x03, 0xd6, 0x03, 0xd6, 0x03, 0xd6, 0x03, 0xa6, 0x00,
    0xf6, 0x03, 0xf6, 0x03, 0x16, 0x04, 0xb6, 0x24, 0xf5, 0x34, 0xf5, 0x3c, 0xf5, 0x3c, 0xd6, 0x2c,
    0xf5, 0x34, 0xf5, 0x34, 0xf5, 0x34, 0x76, 0x14, 0xf7, 0x03, 0xd6, 0x03, 0xd6, 0x03, 0xf6, 0x03,
    0xd6, 0x03, 0xd6, 0x03, 0xd6, 0x03, 0xd6, 0x03, 0xd6, 0x03, 0xf6, 0x03, 0xd6, 0x03, 0xf6, 0x03,
    0xf6, 0x03, 0xf6, 0x03, 0xd6, 0x03, 0xd6, 0x03, 0xd6, 0x03, 0xd6, 0x03, 0xd6, 0x03, 0xd6, 0x03,
    0xd6, 0x03, 0xd6, 0x03, 0xd6, 0x03, 0xd6, 0x03, 0xd6, 0x03, 0xf6, 0x03, 0xd6, 0x03, 0xd6, 0x03,
    0xd6, 0x03, 0xd6, 0x03, 0xd6, 0x03, 0xd6, 0x03, 0xd6, 0x03, 0xd6, 0x03, 0xd6, 0x03, 0xd6, 0x03,
    0xd6, 0x03, 0xd6, 0x03, 0xd6, 0x03, 0xd6, 0x03, 0xd6, 0x03, 0xd6, 0x03, 0xd6, 0x03, 0xd6, 0x03,
    0xd6, 0x03, 0xd6, 0x03, 0xd6, 0x03, 0xd6, 0x03, 0xd6, 0x03, 0xd6, 0x03, 0xd6, 0x03, 0xd6, 0x03,
    0xd6, 0x03, 0xd6, 0x03, 0xd6, 0x03, 0xd6, 0x03, 0xd6, 0x03, 0xd6, 0x03, 0xd6, 0x03, 0xd6, 0x03,
    0xd6, 0x03, 0xd6, 0x03, 0xd6, 0x03, 0xd6, 0x03, 0xd6, 0x03, 0xd6, 0x03, 0xd6, 0x03, 0xd6, 0x03,
    0xd6, 0x03, 0xd6, 0x03, 0xd6, 0x03, 0xd6, 0x03, 0xd6, 0x03, 0xd6, 0x03, 0xd6, 0x03, 0xd6, 0x03,
    0xd6, 0x03, 0xd6, 0x03, 0xd6, 0x03, 0xd6, 0x03, 0xd6, 0x03, 0xd6, 0x03, 0xd6, 0x03, 0xd6, 0x03,
    0xd6, 0x03, 0xd6, 0x03, 0xd6, 0x03, 0xd6, 0x03, 0xd6, 0x03, 0xd6, 0x03, 0xd6, 0x03, 0xd6, 0x03,
    0xd6, 0x03, 0xd6, 0x03, 0xd6, 0x03, 0xd6, 0x03, 0xf5, 0x3c, 0xd5, 0x2c, 0xf6, 0x03, 0xd6, 0x03,
    0xd6, 0x03, 0xd6, 0x03, 0x76, 0x14, 0xd6, 0x03, 0xd6, 0x03, 0xd6, 0x03, 0xd6, 0x03, 0xd6, 0x03,
    0xd6, 0x03, 0xd6, 0x03, 0xd6, 0x03, 0xd6, 0x03, 0xd6, 0x03, 0xd6, 0x03, 0xd6, 0x03, 0xa6, 0x00,
    0xd6, 0x03, 0x95, 0x03, 0xb5, 0x03, 0x57, 0x04, 0xd5, 0x03, 0x95, 0x1c, 0xf5, 0x3c, 0x16, 0x35,
    0xf5, 0x3c, 0xf5, 0x34, 0xd5, 0x34, 0xf5, 0x34, 0xf5, 0x34, 0x15, 0x35, 0xd5, 0x03, 0xf6, 0x03,
    0xf6, 0x03, 0xf6, 0x03, 0xf6, 0x03, 0xf6, 0x03, 0x77, 0x14, 0xb5, 0x03, 0x94, 0x03, 0xb4, 0x03,
    0xb4, 0x03, 0xf6, 0x03, 0xf6, 0x03, 0xd6, 0x03, 0xf6, 0x03, 0xd6, 0x03, 0xd6, 0x03, 0xd6, 0x03,
    0xd6, 0x03, 0xd6, 0x03, 0xd6, 0x03, 0xf6, 0x03, 0xd6, 0x03, 0xd6, 0x03, 0xd6, 0x03, 0xd6, 0x03,
    0xd6, 0x03, 0xd6, 0x03, 0xd6, 0x03, 0xd6, 0x03, 0xd6, 0x03, 0xd6, 0x03, 0xd6, 0x03, 0xd6, 0x03,
    0xd6, 0x03, 0xd6, 0x03, 0xd6, 0x03, 0xd6, 0x03, 0xd6, 0x03, 0xd6, 0x03, 0xd6, 0x03, 0xd6, 0x03,
    0xd6, 0x03, 0xd6, 0x03, 0xd6, 0x03, 0xd6, 0x03, 0xd6, 0x03, 0xd6, 0x03, 0xd6, 0x03, 0xd6, 0x03,
    0xd6, 0x03, 0xd6, 0x03, 0xd6, 0x03, 0xd6, 0x03, 0xd6, 0x03, 0xd6, 0x03, 0xd6, 0x03, 0xd6, 0x03,
    0xd6, 0x03, 0xd6, 0x03, 0xd6, 0x03, 0xd6, 0x03, 0xd6, 0x03, 0xd6, 0x03, 0xd6, 0x03, 0xd6, 0x03,
    0xd6, 0x03, 0xf6, 0x03, 0xd6, 0x03, 0xd6, 0x03, 0xd6, 0x03, 0xd6, 0x03, 0xd6, 0x03, 0xd6, 0x03,
    0xd6, 0x03, 0xd6, 0x03, 0xd6, 0x03, 0xd6, 0x03, 0xd6, 0x03, 0xd6, 0x03, 0xd6, 0x03, 0xf6, 0x03,
    0xd6, 0x03, 0xd6, 0x03, 0xd6, 0x03, 0xd6, 0x03, 0xd6, 0x03, 0xd6, 0x03, 0xd6, 0x03, 0xd6, 0x03,
    0xb6, 0x03, 0xd6, 0x03, 0xf6, 0x03, 0xf6, 0x03, 0xf6, 0x03, 0xd6, 0x03, 0xf6, 0x03, 0xd6, 0x03,
    0xd6, 0x03, 0xd6, 0x03, 0xf6, 0x03, 0xf6, 0x03, 0xd6, 0x03, 0xd6, 0x03, 0xd6, 0x03, 0xd6, 0x03,
    0xd6, 0x03, 0xd6, 0x03, 0xd6, 0x03, 0xf6, 0x03, 0xd6, 0x03, 0xd6, 0x03, 0xd6, 0x03, 0x85, 0x00,
    0xf6, 0x03, 0xb6, 0x03, 0xd6, 0x03, 0x56, 0x0c, 0xf5, 0x34, 0x15, 0x3d, 0x15, 0x35, 0xb6, 0x24,
    0x36, 0x04, 0xf6, 0x03, 0xd5, 0x34, 0xd6, 0x2c, 0xf5, 0x3c, 0xd5, 0x34, 0xf6, 0x34, 0x15, 0x3d,
    0x15, 0x3d, 0xf6, 0x03, 0x17, 0x04, 0x56, 0x0c, 0xf6, 0x03, 0x76, 0x14, 0xb6, 0x24, 0x56, 0x0c,
    0xd6, 0x2c, 0xb6, 0x24, 0x16, 0x3d, 0x76, 0x0c, 0xd6, 0x03, 0xf6, 0x03, 0xf6, 0x03, 0xf6, 0x03,
    0xf6, 0x03, 0xf6, 0x03, 0xf6, 0x03, 0xf6, 0x03, 0xf6, 0x03, 0xd6, 0x03, 0xf6, 0x03, 0xd6, 0x03,
    0xd6, 0x03, 0xf6, 0x03, 0xd6, 0x03, 0xf6, 0x03, 0xf6, 0x03, 0xd6, 0x03, 0xf6, 0x03, 0xf6, 0x03,
    0xd6, 0x03, 0xf6, 0x03, 0xd6, 0x03, 0xd6, 0x03, 0xf6, 0x03, 0xd6, 0x03, 0xd6, 0x03, 0xf6, 0x03,
    0xd6, 0x03, 0xd6, 0x03, 0xd6, 0x03, 0xd6, 0x03, 0xf6, 0x03, 0xf6, 0x03, 0xd6, 0x03, 0xd6, 0x03,
    0xd6, 0x03, 0xd6, 0x03, 0xf6, 0x03, 0xf6, 0x03, 0xf6, 0x03, 0xf6, 0x03, 0xd6, 0x03, 0xd6, 0x03,
    0xd6, 0x03, 0xd6, 0x03, 0xd6, 0x03, 0xd6, 0x03, 0xd6, 0x03, 0xd6, 0x03, 0xf6, 0x03, 0xd6, 0x03,
    0xd6, 0x03, 0xd6, 0x03, 0xd6, 0x03, 0xf6, 0x03, 0xf6, 0x03, 0xd6, 0x03, 0xf6, 0x03, 0xd6, 0x03,
    0xf6, 0x03, 0xf6, 0x03, 0xf6, 0x03, 0xd6, 0x03, 0xf6, 0x03, 0xf6, 0x03, 0xf6, 0x03, 0xf6, 0x03,
    0xf6, 0x03, 0xf6, 0x03, 0xf6, 0x03, 0xf6, 0x03, 0xf6, 0x03, 0xf6, 0x03, 0x35, 0x3d, 0x15, 0x45,
    0xb5, 0x2c, 0x35, 0x4d, 0x96, 0x1c, 0xf6, 0x03, 0xf6, 0x03, 0xf6, 0x03, 0xf6, 0x03, 0xd6, 0x03,
    0xf6, 0x03, 0xd6, 0x03, 0xf6, 0x03, 0xf6, 0x03, 0xf6, 0x03, 0xf6, 0x03, 0xd6, 0x03, 0xd6, 0x03,
    0xd6, 0x03, 0xd6, 0x03, 0xd6, 0x03, 0xf6, 0x03, 0xd6, 0x03, 0xd6, 0x03, 0xd6, 0x03, 0x86, 0x00,
    0xf6, 0x03, 0xf6, 0x03, 0xf6, 0x03, 0xf6, 0x03, 0xf6, 0x03, 0xf6, 0x03, 0x35, 0x3d, 0xf5, 0x34,
    0xf5, 0x3c, 0xf5, 0x34, 0xd6, 0x2c, 0xd6, 0x2c, 0xd6, 0x2c, 0xd6, 0x34, 0xd6, 0x2c, 0xf5, 0x3c,
    0x15, 0x35, 0xf5, 0x34, 0xf5, 0x34, 0x15, 0x3d, 0x35, 0x14, 0xf7, 0x03, 0xd7, 0x03, 0xf6, 0x2c,
    0x37, 0x04, 0xf7, 0x03, 0x35, 0x3d, 0x15, 0x3d, 0x15, 0x3d, 0xd6, 0x24, 0xf7, 0x03, 0x17, 0x04,
    0xf6, 0x03, 0xf6, 0x03, 0xf6, 0x03, 0xf6, 0x03, 0xf6, 0x03, 0xf6, 0x03, 0xf6, 0x03, 0xf6, 0x03,
    0xf6, 0x03, 0xd6, 0x03, 0xf6, 0x03, 0xf6, 0x03, 0xf6, 0x03, 0xf6, 0x03, 0xf6, 0x03, 0xd6, 0x03,
    0xd6, 0x03, 0xf6, 0x03, 0xf6, 0x03, 0xf6, 0x03, 0xf6, 0x03, 0xf6, 0x03, 0xd6, 0x03, 0xd6, 0x03,
    0xd6, 0x03, 0xd6, 0x03, 0xf6, 0x03, 0xf6, 0x03, 0xf6, 0x03, 0xf6, 0x03, 0xf6, 0x03, 0xf7, 0x03,
    0xd6, 0x03, 0xf6, 0x03, 0xd6, 0x03, 0xf6, 0x03, 0xf6, 0x03, 0xf6, 0x03, 0xf6, 0x03, 0xf6, 0x03,
    0xf6, 0x03, 0xd6, 0x03, 0xf6, 0x03, 0xd6, 0x03, 0xd6, 0x03, 0xf6, 0x03, 0xd6, 0x03, 0xf6, 0x03,
    0xf6, 0x03, 0xf6, 0x03, 0xf6, 0x03, 0xf6, 0x03, 0xf6, 0x03, 0xf6, 0x03, 0xf6, 0x03, 0xf6, 0x03,
    0xf6, 0x03, 0xf6, 0x03, 0xf6, 0x03, 0xf6, 0x03, 0xd6, 0x03, 0xf6, 0x03, 0xd6, 0x03, 0xf6, 0x03,
    0xf6, 0x03, 0xf6, 0x03, 0xf6, 0x03, 0xf6, 0x03, 0x15, 0x3d, 0x15, 0x3d, 0xf5, 0x3c, 0xf5, 0x34,
    0xb6, 0x03, 0xf6, 0x03, 0xf6, 0x03, 0xf6, 0x03, 0xf6, 0x03, 0xf6, 0x03, 0xf6, 0x03, 0xf6, 0x03,
    0xf6, 0x03, 0xf6, 0x03, 0xf6, 0x03, 0xf6, 0x03, 0xf6, 0x03, 0xf6, 0x03, 0xf6, 0x03, 0xf6, 0x03,
    0xf6, 0x03, 0xf6, 0x03, 0xf6, 0x03, 0xf6, 0x03, 0xf6, 0x03, 0xd6, 0x03, 0xf6, 0x03, 0x85, 0x00,
    0xf6, 0x03, 0xf6, 0x03, 0xf7, 0x03, 0xf6, 0x03, 0x17, 0x04, 0xf7, 0x03, 0xf6, 0x03, 0xf6, 0x03,
    0xf6, 0x03, 0x16, 0x35, 0xd6, 0x2c, 0xd6, 0x2c, 0xd6, 0x34, 0xf6, 0x34, 0xd5, 0x34, 0x15, 0x35,
    0x15, 0x3d, 0x15, 0x3d, 0x16, 0x35, 0x15, 0x3d, 0x15, 0x35, 0xf5, 0x34, 0xf5, 0x34, 0xf5, 0x34,
    0xd6, 0x34, 0xf5, 0x34, 0xf6, 0x34, 0xf6, 0x34, 0xf5, 0x34, 0xf5, 0x34, 0xf6, 0x34, 0x16, 0x3d,
    0xb6, 0x1c, 0xf7, 0x03, 0xf6, 0x03, 0xf6, 0x03, 0xf6, 0x03, 0xf6, 0x03, 0xf6, 0x03, 0xf6, 0x03,
    0xf6, 0x03, 0xf6, 0x03, 0xf6, 0x03, 0xf6, 0x03, 0xf6, 0x03, 0xf6, 0x03, 0xf6, 0x03, 0xf6, 0x03,
    0xf6, 0x03, 0xd6, 0x03, 0xf6, 0x03, 0xf6, 0x03, 0xf6, 0x03, 0xf6, 0x03, 0xf6, 0x03, 0xf6, 0x03,
    0xf6, 0x03, 0xf6, 0x03, 0xf6, 0x03, 0xf6, 0x03, 0xf6, 0x03, 0xf6, 0x03, 0xf6, 0x03, 0xf6, 0x03,
    0xf6, 0x03, 0xf6, 0x03, 0xf6, 0x03, 0xf6, 0x03, 0xf6, 0x03, 0xf6, 0x03, 0xf6, 0x03, 0xf6, 0x03,
    0xf6, 0x03, 0xf6, 0x03, 0xf6, 0x03, 0xf6, 0x03, 0xf6, 0x03, 0xf6, 0x03, 0xf6, 0x03, 0xf6, 0x03,
    0xf6, 0x03, 0xf6, 0x03, 0xf6, 0x03, 0xf6, 0x03, 0xf6, 0x03, 0xf6, 0x03, 0xf6, 0x03, 0xf6, 0x03,
    0xf6, 0x03, 0xf6, 0x03, 0xf6, 0x03, 0xf6, 0x03, 0xf6, 0x03, 0xf6, 0x03, 0xf6, 0x03, 0xf6, 0x03,
    0x15, 0x3d, 0x15, 0x3d, 0x15, 0x45, 0x15, 0x3d, 0xf5, 0x3c, 0x55, 0x0c, 0x16, 0x04, 0xf6, 0x03,
    0xf6, 0x03, 0xf6, 0x03, 0xf6, 0x03, 0xf6, 0x03, 0xf6, 0x03, 0xf6, 0x03, 0xf6, 0x03, 0xf6, 0x03,
    0xf6, 0x03, 0xf6, 0x03, 0xf6, 0x03, 0xf6, 0x03, 0xf6, 0x03, 0xf6, 0x03, 0xf6, 0x03, 0xf6, 0x03,
    0xf6, 0x03, 0xf6, 0x03, 0xf6, 0x03, 0xf6, 0x03, 0xf6, 0x03, 0xf6, 0x03, 0xf6, 0x03, 0x85, 0x00,
    0x17, 0x04, 0xf6, 0x03, 0x16, 0x04, 0xf6, 0x03, 0xf6, 0x03, 0xf7, 0x03, 0x16, 0x04, 0x17, 0x04,
    0x17, 0x04, 0xf6, 0x03, 0xf6, 0x03, 0x16, 0x04, 0x15, 0x0c, 0x15, 0x0c, 0x15, 0x04, 0x16, 0x04,
    0x16, 0x04, 0x16, 0x04, 0x36, 0x04, 0x15, 0x04, 0x15, 0x0c, 0xd6, 0x34, 0xd5, 0x2c, 0x15, 0x35,
    0x75, 0x1c, 0xd5, 0x2c, 0x15, 0x35, 0xf6, 0x34, 0xb6, 0x2c, 0xd5, 0x2c, 0xd6, 0x2c, 0xd6, 0x2c,
    0xf6, 0x34, 0xf6, 0x2c, 0x76, 0x0c, 0x17, 0x04, 0xf6, 0x03, 0xf6, 0x03, 0xf6, 0x03, 0xf6, 0x03,
    0xf6, 0x03, 0xf6, 0x03, 0xf6, 0x03, 0xf6, 0x03, 0xf6, 0x03, 0xf6, 0x03, 0xf6, 0x03, 0xf6, 0x03,
    0xf6, 0x03, 0xf6, 0x03, 0xf6, 0x03, 0xf6, 0x03, 0xf6, 0x03, 0xf6, 0x03, 0x16, 0x04, 0x16, 0x04,
    0xf6, 0x03, 0xf6, 0x03, 0xf6, 0x03, 0xf6, 0x03, 0xf6, 0x03, 0x16, 0x04, 0xf6, 0x03, 0x16, 0x04,
    0xf6, 0x03, 0xf6, 0x03, 0xf6, 0x03, 0xf6, 0x03, 0xf6, 0x03, 0xf6, 0x03, 0xf6, 0x03, 0xf6, 0x03,
    0xf6, 0x03, 0xf6, 0x03, 0xf6, 0x03, 0xf6, 0x03, 0xf6, 0x03, 0xf6, 0x03, 0xf6, 0x03, 0xf6, 0x03,
    0xf6, 0x03, 0xf6, 0x03, 0xf6, 0x03, 0xf6, 0x03, 0xf6, 0x03, 0xf6, 0x03, 0xf6, 0x03, 0xf6, 0x03,
    0xf6, 0x03, 0xf6, 0x03, 0xf6, 0x03, 0xf6, 0x03, 0x76, 0x14, 0x35, 0x0c, 0xb7, 0x1c, 0x35, 0x0c,
    0x15, 0x0c, 0x35, 0x0c, 0x35, 0x0c, 0x15, 0x0c, 0x35, 0x0c, 0x16, 0x04, 0x16, 0x04, 0xf6, 0x03,
    0xf6, 0x03, 0xf6, 0x03, 0xf6, 0x03, 0xf6, 0x03, 0xf6, 0x03, 0xf6, 0x03, 0xf6, 0x03, 0xf6, 0x03,
    0xf6, 0x03, 0xf6, 0x03, 0xf6, 0x03, 0xf6, 0x03, 0xf6, 0x03, 0xf6, 0x03, 0xf6, 0x03, 0xf6, 0x03,
    0xf6, 0x03, 0xf6, 0x03, 0xf6, 0x03, 0xf6, 0x03, 0xf6, 0x03, 0xf6, 0x03, 0xf6, 0x03, 0x85, 0x00,
    0x16, 0x04, 0x16, 0x04, 0x16, 0x04, 0xf6, 0x03, 0x17, 0x04, 0x56, 0x0c, 0x36, 0x3d, 0x36, 0x3d,
    0x78, 0x45, 0x16, 0x04, 0x16, 0x04, 0x17, 0x04, 0x16, 0x04, 0xf6, 0x03, 0x16, 0x04, 0x16, 0x04,
    0x16, 0x04, 0x17, 0x04, 0x16, 0x04, 0x16, 0x04, 0x16, 0x04, 0xd5, 0x2c, 0xf6, 0x03, 0xf6, 0x03,
    0x37, 0x04, 0xf6, 0x03, 0x16, 0x04, 0x76, 0x1c, 0xf6, 0x34, 0xd6, 0x2c, 0xd6, 0x2c, 0xd6, 0x2c,
    0xd6, 0x2c, 0xf6, 0x34, 0xf6, 0x34, 0x17, 0x04, 0x17, 0x04, 0xf6, 0x03, 0xf6, 0x03, 0xf6, 0x03,
    0xf6, 0x03, 0xf6, 0x03, 0x16, 0x04, 0xf6, 0x03, 0x16, 0x04, 0xf6, 0x03, 0xf6, 0x03, 0xf6, 0x03,
    0xf7, 0x03, 0xf7, 0x03, 0x16, 0x04, 0xf6, 0x03, 0xf6, 0x03, 0x16, 0x04, 0x16, 0x04, 0xf6, 0x03,
    0x17, 0x04, 0xf6, 0x03, 0x16, 0x04, 0x16, 0x04, 0xf6, 0x03, 0x16, 0x04, 0xf6, 0x03, 0x16, 0x04,
    0xf6, 0x03, 0x16, 0x04, 0x16, 0x04, 0xf6, 0x03, 0x16, 0x04, 0xf6, 0x03, 0x16, 0x04, 0xf6, 0x03,
    0xf6, 0x03, 0xf6, 0x03, 0xf6, 0x03, 0xf6, 0x03, 0x16, 0x04, 0xf6, 0x03, 0x16, 0x04, 0xf6, 0x03,
    0xf6, 0x03, 0xf6, 0x03, 0xf6, 0x03, 0xf6, 0x03, 0xf6, 0x03, 0xf6, 0x03, 0x16, 0x04, 0xf7, 0x03,
    0xf7, 0x03, 0x16, 0x04, 0xf7, 0x03, 0x76, 0x45, 0x15, 0x04, 0xd6, 0x03, 0xd6, 0x03, 0x16, 0x04,
    0x16, 0x04, 0xf6, 0x03, 0x16, 0x04, 0x17, 0x04, 0x16, 0x04, 0xf6, 0x03, 0xf6, 0x03, 0x16, 0x04,
    0x16, 0x04, 0x16, 0x04, 0xf6, 0x03, 0x16, 0x04, 0xf6, 0x03, 0xf6, 0x03, 0xf6, 0x03, 0xf6, 0x03,
    0xf6, 0x03, 0xf6, 0x03, 0xf6, 0x03, 0xf6, 0x03, 0xf6, 0x03, 0xf6, 0x03, 0xf6, 0x03, 0xf6, 0x03,
    0xf6, 0x03, 0xf6, 0x03, 0xf6, 0x03, 0xf6, 0x03, 0xf6, 0x03, 0xf6, 0x03, 0x16, 0x04, 0x86, 0x00,
    0x16, 0x04, 0x16, 0x04, 0x16, 0x04, 0x17, 0x04, 0x17, 0x04, 0x17, 0x04, 0x17, 0x04, 0x17, 0x04,
    0x15, 0x04, 0x15, 0x3d, 0x36, 0x04, 0x36, 0x04, 0x16, 0x04, 0x17, 0x04, 0x17, 0x04, 0x17, 0x04,
    0x16, 0x04, 0x16, 0x04, 0x16, 0x04, 0x16, 0x04, 0x17, 0x04, 0x37, 0x04, 0x36, 0x04, 0x17, 0x04,
    0x17, 0x04, 0x16, 0x04, 0x77, 0x0c, 0x37, 0x04, 0x17, 0x04, 0xd6, 0x2c, 0xd6, 0x2c, 0xf5, 0x34,
    0xd6, 0x2c, 0xf6, 0x34, 0xf5, 0x34, 0x16, 0x04, 0xf7, 0x03, 0x16, 0x04, 0x16, 0x04, 0xf6, 0x03,
    0xf7, 0x03, 0x17, 0x04, 0x16, 0x04, 0xf7, 0x03, 0xf7, 0x03, 0x16, 0x04, 0x17, 0x04, 0x16, 0x04,
    0xf6, 0x03, 0x16, 0x04, 0x16, 0x04, 0x16, 0x04, 0x17, 0x04, 0x16, 0x04, 0xf6, 0x03, 0xf7, 0x03,
    0x16, 0x04, 0x16, 0x04, 0xf6, 0x03, 0x17, 0x04, 0x16, 0x04, 0x17, 0x04, 0xf6, 0x03, 0x16, 0x04,
    0xf6, 0x03, 0x16, 0x04, 0x16, 0x04, 0xf6, 0x03, 0x16, 0x04, 0x16, 0x04, 0x16, 0x04, 0xf6, 0x03,
    0x16, 0x04, 0x16, 0x04, 0xf6, 0x03, 0xf7, 0x03, 0xf6, 0x03, 0x16, 0x04, 0x16, 0x04, 0xf6, 0x03,
    0x17, 0x04, 0x16, 0x04, 0x16, 0x04, 0x17, 0x04, 0x16, 0x04, 0x16, 0x04, 0x16, 0x04, 0x17, 0x04,
    0x35, 0x3d, 0x15, 0x3d, 0xb6, 0x24, 0x17, 0x04, 0x17, 0x04, 0x17, 0x04, 0x16, 0x04, 0x16, 0x04,
    0x17, 0x04, 0x16, 0x04, 0x17, 0x04, 0x16, 0x04, 0x16, 0x04, 0xf6, 0x03, 0x17, 0x04, 0x16, 0x04,
    0x16, 0x04, 0x16, 0x04, 0x16, 0x04, 0x16, 0x04, 0x16, 0x04, 0x16, 0x04, 0x17, 0x04, 0x16, 0x04,
    0x16, 0x04, 0x16, 0x04, 0xf6, 0x03, 0xf6, 0x03, 0x16, 0x04, 0x16, 0x04, 0x16, 0x04, 0x16, 0x04,
    0xf6, 0x03, 0x16, 0x04, 0x16, 0x04, 0x16, 0x04, 0x16, 0x04, 0xf6, 0x03, 0xf6, 0x03, 0x85, 0x00,
    0x17, 0x04, 0x16, 0x04, 0x16, 0x04, 0xf5, 0x03, 0xb5, 0x03, 0xd5, 0x03, 0xd5, 0x03, 0xd5, 0x03,
    0xb5, 0x03, 0xb5, 0x03, 0xb5, 0x03, 0xf6, 0x03, 0x17, 0x04, 0x16, 0x04, 0x16, 0x04, 0x17, 0x04,
    0x17, 0x04, 0x16, 0x04, 0x16, 0x04, 0x16, 0x04, 0x16, 0x04, 0x16, 0x04, 0x17, 0x04, 0x37, 0x04,
    0x16, 0x04, 0x37, 0x04, 0x37, 0x04, 0xb5, 0x03, 0xb5, 0x03, 0xd5, 0x03, 0x76, 0x14, 0xd6, 0x34,
    0xd6, 0x2c, 0xf6, 0x34, 0xd6, 0x34, 0x56, 0x0c, 0xf6, 0x03, 0xd5, 0x03, 0xf6, 0x03, 0xf6, 0x03,
    0xb5, 0x03, 0x16, 0x04, 0x17, 0x04, 0x17, 0x04, 0x16, 0x04, 0x17, 0x04, 0x17, 0x04, 0x16, 0x04,
    0x17, 0x04, 0x16, 0x04, 0x16, 0x04, 0x17, 0x04, 0x16, 0x04, 0x16, 0x04, 0x16, 0x04, 0x16, 0x04,
    0x16, 0x04, 0x16, 0x04, 0x16, 0x04, 0x16, 0x04, 0x16, 0x04, 0x17, 0x04, 0x17, 0x04, 0x17, 0x04,
    0x17, 0x04, 0x16, 0x04, 0x16, 0x04, 0x16, 0x04, 0x16, 0x04, 0x16, 0x04, 0x16, 0x04, 0x17, 0x04,
    0x16, 0x04, 0x17, 0x04, 0x16, 0x04, 0x16, 0x04, 0x16, 0x04, 0x16, 0x04, 0x16, 0x04, 0x16, 0x04,
    0x16, 0x04, 0xf6, 0x03, 0x16, 0x04, 0x16, 0x04, 0x16, 0x04, 0x16, 0x04, 0x16, 0x04, 0x17, 0x04,
    0x16, 0x04, 0x16, 0x04, 0x16, 0x04, 0x16, 0x04, 0x16, 0x04, 0x16, 0x04, 0x16, 0x04, 0x17, 0x04,
    0x16, 0x04, 0x16, 0x04, 0x16, 0x04, 0xf6, 0x03, 0x16, 0x04, 0x16, 0x04, 0x17, 0x04, 0xf6, 0x03,
    0x16, 0x04, 0x17, 0x04, 0x16, 0x04, 0x16, 0x04, 0x16, 0x04, 0x16, 0x04, 0x16, 0x04, 0x16, 0x04,
    0x16, 0x04, 0x17, 0x04, 0x16, 0x04, 0x16, 0x04, 0x16, 0x04, 0x16, 0x04, 0x16, 0x04, 0x16, 0x04,
    0x16, 0x04, 0x16, 0x04, 0x16, 0x04, 0x16, 0x04, 0x94, 0x03, 0x95, 0x03, 0x94, 0x03, 0x85, 0x00,
    0xf6, 0x03, 0x37, 0x04, 0x56, 0x45, 0x15, 0x3d, 0x15, 0x3d, 0x15, 0x45, 0xf5, 0x34, 0x15, 0x3d,
    0x15, 0x3d, 0x15, 0x3d, 0x35, 0x3d, 0x76, 0x45, 0x56, 0x45, 0x17, 0x04, 0x36, 0x04, 0x37, 0x04,
    0x17, 0x04, 0x37, 0x04, 0x36, 0x04, 0x37, 0x04, 0x17, 0x04, 0x37, 0x04, 0x17, 0x04, 0x37, 0x04,
    0x37, 0x04, 0x37, 0x04, 0x37, 0x04, 0xf6, 0x03, 0x17, 0x04, 0x76, 0x14, 0xd6, 0x34, 0xd6, 0x34,
    0xf6, 0x34, 0xf6, 0x03, 0x76, 0x14, 0xd6, 0x2c, 0xb6, 0x24, 0xf6, 0x34, 0xf6, 0x34, 0xd6, 0x2c,
    0x15, 0x3d, 0xf6, 0x2c, 0x17, 0x04, 0x16, 0x04, 0x17, 0x04, 0x16, 0x04, 0x16, 0x04, 0x17, 0x04,
    0x17, 0x04, 0x16, 0x04, 0x37, 0x04, 0x16, 0x04, 0x17, 0x04, 0x16, 0x04, 0x17, 0x04, 0x36, 0x04,
    0x16, 0x04, 0x16, 0x04, 0x37, 0x04, 0x16, 0x04, 0x36, 0x04, 0x37, 0x04, 0x17, 0x04, 0x37, 0x04,
    0x17, 0x04, 0x16, 0x04, 0x17, 0x04, 0x36, 0x04, 0x17, 0x04, 0x17, 0x04, 0x16, 0x04, 0x16, 0x04,
    0x16, 0x04, 0x36, 0x04, 0x16, 0x04, 0x37, 0x04, 0x16, 0x04, 0x17, 0x04, 0x16, 0x04, 0x17, 0x04,
    0x17, 0x04, 0x16, 0x04, 0x16, 0x04, 0x16, 0x04, 0x16, 0x04, 0x16, 0x04, 0x37, 0x04, 0x17, 0x04,
    0x16, 0x04, 0x16, 0x04, 0x16, 0x04, 0x16, 0x04, 0x16, 0x04, 0x36, 0x04, 0x37, 0x04, 0x37, 0x04,
    0x16, 0x04, 0x16, 0x04, 0x16, 0x04, 0x16, 0x04, 0x17, 0x04, 0x16, 0x04, 0x37, 0x04, 0x37, 0x04,
    0x36, 0x04, 0x16, 0x04, 0x37, 0x04, 0x16, 0x04, 0x16, 0x04, 0x37, 0x04, 0x37, 0x04, 0x16, 0x04,
    0x37, 0x04, 0x16, 0x04, 0x36, 0x04, 0x16, 0x04, 0x16, 0x04, 0x17, 0x04, 0x37, 0x04, 0x37, 0x04,
    0xb8, 0x4d, 0x97, 0x4d, 0x96, 0x55, 0x96, 0x55, 0x55, 0x4d, 0x55, 0x4d, 0x35, 0x4d, 0xa6, 0x00,
    0x57, 0x04, 0x37, 0x04, 0x57, 0x04, 0xb6, 0x1c, 0x35, 0x45, 0x15, 0x45, 0x15, 0x3d, 0xf5, 0x34,
    0x35, 0x45, 0x35, 0x45, 0x15, 0x45, 0x35, 0x45, 0x35, 0x45, 0x34, 0x4d, 0x37, 0x04, 0x37, 0x04,
    0x37, 0x04, 0x37, 0x04, 0x37, 0x04, 0x37, 0x04, 0x15, 0x3d, 0x57, 0x04, 0x37, 0x04, 0x37, 0x04,
    0x37, 0x04, 0x37, 0x04, 0x37, 0x04, 0x37, 0x04, 0x77, 0x04, 0x37, 0x04, 0x57, 0x04, 0x76, 0x14,
    0xd6, 0x2c, 0xf6, 0x2c, 0xd6, 0x2c, 0xd6, 0x2c, 0xf5, 0x34, 0xd6, 0x2c, 0xf6, 0x2c, 0xf6, 0x34,
    0xf5, 0x34, 0x55, 0x4d, 0x55, 0x55, 0x55, 0x4d, 0x35, 0x45, 0x35, 0x45, 0x57, 0x04, 0x17, 0x04,
    0x37, 0x04, 0x17, 0x04, 0x37, 0x04, 0x36, 0x04, 0x36, 0x04, 0x17, 0x04, 0x17, 0x04, 0x37, 0x04,
    0x36, 0x04, 0x17, 0x04, 0x36, 0x04, 0x37, 0x04, 0x37, 0x04, 0x36, 0x04, 0x37, 0x04, 0x36, 0x04,
    0x57, 0x04, 0x57, 0x04, 0x37, 0x04, 0x37, 0x04, 0x37, 0x04, 0x16, 0x04, 0x17, 0x04, 0x37, 0x04,
    0x36, 0x04, 0x36, 0x04, 0x37, 0x04, 0x37, 0x04, 0x37, 0x04, 0x37, 0x04, 0x17, 0x04, 0x37, 0x04,
    0x16, 0x04, 0x37, 0x04, 0x37, 0x04, 0x36, 0x04, 0x16, 0x04, 0x16, 0x04, 0x37, 0x04, 0x16, 0x04,
    0x16, 0x04, 0x36, 0x04, 0x37, 0x04, 0x36, 0x04, 0x37, 0x04, 0x16, 0x04, 0x16, 0x04, 0x36, 0x04,
    0x36, 0x04, 0x17, 0x04, 0x36, 0x04, 0x37, 0x04, 0x37, 0x04, 0x37, 0x04, 0x36, 0x04, 0x36, 0x04,
    0x36, 0x04, 0x16, 0x04, 0x37, 0x04, 0x36, 0x04, 0x17, 0x04, 0x16, 0x04, 0x16, 0x04, 0x37, 0x04,
    0x37, 0x04, 0x17, 0x04, 0x36, 0x04, 0x37, 0x04, 0x17, 0x04, 0x37, 0x04, 0x55, 0x4d, 0x35, 0x4d,
    0x35, 0x4d, 0x55, 0x4d, 0x55, 0x4d, 0x55, 0x4d, 0x35, 0x4d, 0x35, 0x4d, 0x55, 0x4d, 0x85, 0x00,
    0x16, 0x35, 0x16, 0x35, 0x77, 0x0c, 0x57, 0x04, 0x37, 0x04, 0x57, 0x04, 0x35, 0x45, 0x15, 0x3d,
    0x15, 0x3d, 0x15, 0x3d, 0x35, 0x45, 0x35, 0x45, 0x15, 0x45, 0x35, 0x45, 0x95, 0x1c, 0x96, 0x1c,
    0x37, 0x04, 0x37, 0x04, 0x37, 0x04, 0x37, 0x04, 0xd7, 0x1c, 0xd6, 0x24, 0xd6, 0x24, 0x76, 0x0c,
    0x56, 0x0c, 0x37, 0x04, 0x37, 0x04, 0x37, 0x04, 0x57, 0x04, 0x37, 0x04, 0x37, 0x04, 0x37, 0x04,
    0x37, 0x04, 0x96, 0x14, 0x37, 0x04, 0xb6, 0x14, 0xb6, 0x1c, 0x96, 0x1c, 0xf5, 0x2c, 0xf6, 0x2c,
    0xf6, 0x34, 0x15, 0x3d, 0x35, 0x3d, 0x35, 0x4d, 0x55, 0x4d, 0x95, 0x65, 0xf5, 0x3c, 0x96, 0x14,
    0x16, 0x04, 0x36, 0x04, 0x36, 0x04, 0x16, 0x04, 0x37, 0x04, 0x37, 0x04, 0x37, 0x04, 0x17, 0x04,
    0x37, 0x04, 0x37, 0x04, 0x36, 0x04, 0x57, 0x04, 0x37, 0x04, 0x37, 0x04, 0x37, 0x04, 0x36, 0x04,
    0x36, 0x04, 0x37, 0x04, 0x37, 0x04, 0x36, 0x04, 0x37, 0x04, 0x37, 0x04, 0x36, 0x04, 0x37, 0x04,
    0x36, 0x04, 0x37, 0x04, 0x37, 0x04, 0x37, 0x04, 0x37, 0x04, 0x57, 0x04, 0x37, 0x04, 0x36, 0x04,
    0x37, 0x04, 0x36, 0x04, 0x36, 0x04, 0x57, 0x04, 0x36, 0x04, 0x37, 0x04, 0x16, 0x04, 0x37, 0x04,
    0x36, 0x04, 0x36, 0x04, 0x37, 0x04, 0x37, 0x04, 0x37, 0x04, 0x36, 0x04, 0x36, 0x04, 0x17, 0x04,
    0x37, 0x04, 0x37, 0x04, 0x37, 0x04, 0x37, 0x04, 0x36, 0x04, 0x37, 0x04, 0x17, 0x04, 0x37, 0x04,
    0x37, 0x04, 0x37, 0x04, 0x37, 0x04, 0x37, 0x04, 0x37, 0x04, 0x37, 0x04, 0x36, 0x04, 0x37, 0x04,
    0x37, 0x04, 0x37, 0x04, 0x37, 0x04, 0x76, 0x14, 0x35, 0x45, 0x35, 0x4d, 0x55, 0x4d, 0x35, 0x4d,
    0x35, 0x4d, 0x55, 0x4d, 0x55, 0x4d, 0x55, 0x4d, 0x55, 0x4d, 0x55, 0x4d, 0x55, 0x4d, 0x86, 0x00,
    0xb4, 0x6d, 0xd4, 0x75, 0xb4, 0x7d, 0x96, 0x14, 0x57, 0x04, 0x57, 0x04, 0x37, 0x04, 0x58, 0x04,
    0x75, 0x55, 0x55, 0x4d, 0x55, 0x45, 0x95, 0x5d, 0x16, 0x45, 0x94, 0x65, 0x35, 0x45, 0x55, 0x45,
    0x35, 0x45, 0x37, 0x04, 0x57, 0x04, 0x57, 0x04, 0x37, 0x04, 0x57, 0x04, 0x37, 0x04, 0x57, 0x04,
    0x77, 0x0c, 0x54, 0x4d, 0x56, 0x04, 0x57, 0x04, 0x37, 0x04, 0x37, 0x04, 0x37, 0x04, 0x57, 0x04,
    0x57, 0x04, 0x57, 0x04, 0x57, 0x04, 0x57, 0x04, 0x37, 0x04, 0x37, 0x04, 0x37, 0x04, 0x37, 0x04,
    0x17, 0x04, 0x37, 0x04, 0x57, 0x04, 0x16, 0x35, 0xf5, 0x3c, 0xf6, 0x34, 0x16, 0x35, 0x35, 0x45,
    0x15, 0x3d, 0xb6, 0x14, 0x37, 0x04, 0x37, 0x04, 0x77, 0x04, 0x37, 0x04, 0x37, 0x04, 0x37, 0x04,
    0x37, 0x04, 0x37, 0x04, 0x36, 0x04, 0x37, 0x04, 0x37, 0x04, 0x37, 0x04, 0x37, 0x04, 0x37, 0x04,
    0x37, 0x04, 0x37, 0x04, 0x56, 0x04, 0x57, 0x04, 0x37, 0x04, 0x57, 0x04, 0x37, 0x04, 0x56, 0x04,
    0x37, 0x04, 0x57, 0x04, 0x37, 0x04, 0x37, 0x04, 0x37, 0x04, 0x37, 0x04, 0x36, 0x04, 0x57, 0x04,
    0x37, 0x04, 0x37, 0x04, 0x37, 0x04, 0x57, 0x04, 0x36, 0x04, 0x37, 0x04, 0x37, 0x04, 0x37, 0x04,
    0x37, 0x04, 0x37, 0x04, 0x37, 0x04, 0x37, 0x04, 0x36, 0x04, 0x57, 0x04, 0x37, 0x04, 0x57, 0x04,
    0x37, 0x04, 0x37, 0x04, 0x56, 0x04, 0x56, 0x04, 0x57, 0x04, 0x56, 0x04, 0x57, 0x04, 0x57, 0x04,
    0x37, 0x04, 0x37, 0x04, 0x56, 0x04, 0x36, 0x04, 0x36, 0x04, 0x57, 0x04, 0x36, 0x04, 0x37, 0x04,
    0x37, 0x04, 0x57, 0x04, 0x97, 0x14, 0x35, 0x4d, 0x35, 0x4d, 0x55, 0x4d, 0x55, 0x4d, 0x35, 0x4d,
    0x35, 0x4d, 0x55, 0x4d, 0x55, 0x4d, 0x55, 0x4d, 0x35, 0x4d, 0x35, 0x4d, 0x55, 0x4d, 0x85, 0x00,
    0xb4, 0x75, 0xd4, 0x75, 0xd4, 0x75, 0xd4, 0x7d, 0xd4, 0x7d, 0xf4, 0x7d, 0x75, 0x5d, 0x95, 0x5d,
    0xd5, 0x24, 0xb5, 0x6d, 0xb4, 0x6d, 0xb5, 0x6d, 0xb5, 0x6d, 0x55, 0x55, 0x55, 0x4d, 0x35, 0x45,
    0x35, 0x4d, 0x35, 0x0c, 0x57, 0x04, 0x57, 0x04, 0x57, 0x04, 0x57, 0x04, 0x77, 0x04, 0x57, 0x04,
    0x57, 0x04, 0x57, 0x04, 0x57, 0x04, 0x57, 0x04, 0x37, 0x04, 0x57, 0x04, 0x57, 0x04, 0x37, 0x04,
    0x57, 0x04, 0x57, 0x04, 0x37, 0x04, 0x57, 0x04, 0x37, 0x04, 0x57, 0x04, 0x57, 0x04, 0x37, 0x04,
    0x57, 0x04, 0x57, 0x04, 0x56, 0x04, 0x37, 0x04, 0x96, 0x0c, 0x37, 0x04, 0xd6, 0x2c, 0x35, 0x45,
    0x35, 0x4d, 0x55, 0x55, 0x55, 0x4d, 0x57, 0x3d, 0x57, 0x04, 0x57, 0x04, 0x37, 0x04, 0x37, 0x04,
    0x57, 0x04, 0x57, 0x04, 0x57, 0x04, 0x57, 0x04, 0x57, 0x04, 0x57, 0x04, 0x57, 0x04, 0x57, 0x04,
    0x57, 0x04, 0x37, 0x04, 0x57, 0x04, 0x37, 0x04, 0x57, 0x04, 0x57, 0x04, 0x57, 0x04, 0x57, 0x04,
    0x57, 0x04, 0x36, 0x04, 0x57, 0x04, 0x57, 0x04, 0x57, 0x04, 0x57, 0x04, 0x57, 0x04, 0x37, 0x04,
    0x37, 0x04, 0x37, 0x04, 0x37, 0x04, 0x37, 0x04, 0x57, 0x04, 0x56, 0x04, 0x37, 0x04, 0x37, 0x04,
    0x37, 0x04, 0x57, 0x04, 0x37, 0x04, 0x37, 0x04, 0x37, 0x04, 0x57, 0x04, 0x57, 0x04, 0x37, 0x04,
    0x57, 0x04, 0x57, 0x04, 0x37, 0x04, 0x57, 0x04, 0x37, 0x04, 0x37, 0x04, 0x37, 0x04, 0x57, 0x04,
    0x37, 0x04, 0x57, 0x04, 0x57, 0x04, 0x57, 0x04, 0x58, 0x04, 0x57, 0x04, 0x37, 0x04, 0x57, 0x04,
    0x57, 0x04, 0x57, 0x04, 0x35, 0x86, 0xd4, 0x7d, 0x95, 0x65, 0x55, 0x55, 0x55, 0x4d, 0xb4, 0x75,
    0xd4, 0x75, 0x95, 0x5d, 0x55, 0x4d, 0x35, 0x4d, 0x35, 0x4d, 0x35, 0x4d, 0x55, 0x4d, 0x86, 0x00,
    0xd4, 0x75, 0xb4, 0x6d, 0xd4, 0x75, 0xd4, 0x75, 0xb4, 0x75, 0x54, 0x55, 0xd4, 0x75, 0x94, 0x6d,
    0xd4, 0x75, 0xb5, 0x75, 0xb4, 0x75, 0xb5, 0x75, 0xd4, 0x75, 0xd5, 0x6d, 0xb4, 0x75, 0xd5, 0x6d,
    0x55, 0x55, 0x75, 0x55, 0x57, 0x04, 0x57, 0x04, 0x57, 0x04, 0x57, 0x04, 0x57, 0x04, 0x57, 0x04,
    0x57, 0x04, 0x77, 0x04, 0x77, 0x04, 0x77, 0x04, 0x77, 0x04, 0x57, 0x04, 0x77, 0x04, 0x57, 0x04,
    0x57, 0x04, 0x57, 0x04, 0x57, 0x04, 0x57, 0x04, 0x57, 0x04, 0x77, 0x04, 0x57, 0x04, 0x57, 0x04,
    0x57, 0x04, 0x37, 0x04, 0x57, 0x04, 0x57, 0x04, 0x57, 0x04, 0x57, 0x04, 0x57, 0x04, 0x57, 0x04,
    0x57, 0x04, 0x36, 0x04, 0xf4, 0x03, 0xf4, 0x03, 0x14, 0x04, 0x36, 0x3d, 0x35, 0x3d, 0x77, 0x45,
    0x37, 0x2d, 0x97, 0x0c, 0x57, 0x04, 0x57, 0x04, 0x57, 0x04, 0x57, 0x04, 0x57, 0x04, 0x57, 0x04,
    0x57, 0x04, 0x57, 0x04, 0x57, 0x04, 0x57, 0x04, 0x57, 0x04, 0x57, 0x04, 0x57, 0x04, 0x57, 0x04,
    0x57, 0x04, 0x77, 0x04, 0x57, 0x04, 0x57, 0x04, 0x57, 0x04, 0x57, 0x04, 0x37, 0x04, 0x57, 0x04,
    0x57, 0x04, 0x57, 0x04, 0x57, 0x04, 0x57, 0x04, 0x57, 0x04, 0x57, 0x04, 0x57, 0x04, 0x57, 0x04,
    0x57, 0x04, 0x57, 0x04, 0x57, 0x04, 0x57, 0x04, 0x57, 0x04, 0x57, 0x04, 0x57, 0x04, 0x57, 0x04,
    0x57, 0x04, 0x57, 0x04, 0x57, 0x04, 0x57, 0x04, 0x57, 0x04, 0x57, 0x04, 0x77, 0x04, 0x77, 0x04,
    0x97, 0x0c, 0x57, 0x04, 0xb6, 0x65, 0xd4, 0x75, 0xf4, 0x7d, 0x16, 0x6e, 0xf7, 0x5d, 0xd7, 0x55,
    0xd7, 0x5d, 0xb4, 0x6d, 0xd5, 0x75, 0xd4, 0x7d, 0xd4, 0x7d, 0xd5, 0x75, 0x54, 0x55, 0x55, 0x4d,
    0x34, 0x4d, 0x55, 0x4d, 0x55, 0x4d, 0x55, 0x4d, 0x55, 0x4d, 0x35, 0x04, 0x36, 0x04, 0x86, 0x00,
    0xd4, 0x7d, 0xd4, 0x7d, 0xd5, 0x75, 0xb4, 0x6d, 0xd4, 0x75, 0xf5, 0x7d, 0x76, 0x55, 0xd4, 0x7d,
    0xb5, 0x75, 0xd4, 0x75, 0xb4, 0x75, 0xb5, 0x6d, 0xb5, 0x6d, 0xd4, 0x75, 0x75, 0x5d, 0xb4, 0x6d,
    0xb4, 0x75, 0x15, 0x3d, 0xb7, 0x0c, 0x77, 0x04, 0x57, 0x04, 0x77, 0x04, 0x77, 0x04, 0x77, 0x04,
    0x77, 0x04, 0x77, 0x04, 0xf7, 0x1c, 0x77, 0x04, 0x77, 0x04, 0x77, 0x04, 0x77, 0x04, 0x77, 0x04,
    0x57, 0x04, 0x77, 0x04, 0x77, 0x04, 0x77, 0x04, 0x57, 0x04, 0x77, 0x04, 0x57, 0x04, 0x77, 0x04,
    0x57, 0x04, 0x77, 0x04, 0x77, 0x04, 0x77, 0x04, 0x57, 0x04, 0x57, 0x04, 0x77, 0x04, 0x77, 0x04,
    0x57, 0x04, 0x77, 0x04, 0x77, 0x04, 0x97, 0x04, 0x57, 0x04, 0x97, 0x0c, 0x97, 0x04, 0xb7, 0x14,
    0x16, 0x35, 0x15, 0x45, 0x15, 0x3d, 0xf6, 0x2c, 0x77, 0x04, 0x77, 0x04, 0x57, 0x04, 0x57, 0x04,
    0x77, 0x04, 0x77, 0x04, 0x77, 0x04, 0x77, 0x04, 0x57, 0x04, 0x57, 0x04, 0x57, 0x04, 0x77, 0x04,
    0x77, 0x04, 0x57, 0x04, 0x77, 0x04, 0x77, 0x04, 0x77, 0x04, 0x77, 0x04, 0x77, 0x04, 0x57, 0x04,
    0x57, 0x04, 0x77, 0x04, 0x77, 0x04, 0x77, 0x04, 0x57, 0x04, 0x57, 0x04, 0x57, 0x04, 0x57, 0x04,
    0x77, 0x04, 0x57, 0x04, 0x57, 0x04, 0x57, 0x04, 0x77, 0x04, 0x77, 0x04, 0x77, 0x04, 0x57, 0x04,
    0x77, 0x04, 0x77, 0x04, 0x77, 0x04, 0x57, 0x04, 0x77, 0x04, 0x77, 0x04, 0x57, 0x04, 0x57, 0x04,
    0x34, 0x8e, 0xb3, 0x7d, 0xb5, 0x6d, 0xb4, 0x7d, 0xb5, 0x6d, 0x95, 0x65, 0x95, 0x65, 0xd4, 0x7d,
    0xd4, 0x85, 0xd4, 0x75, 0x94, 0x6d, 0x55, 0x4d, 0x75, 0x55, 0x75, 0x4d, 0x55, 0x4d, 0x55, 0x4d,
    0x35, 0x4d, 0x55, 0x4d, 0x55, 0x4d, 0xb7, 0x1c, 0x57, 0x04, 0x57, 0x04, 0x57, 0x04, 0xa6, 0x00,
    0xd4, 0x75, 0xd4, 0x7d, 0xd4, 0x75, 0xd4, 0x7d, 0xb5, 0x65, 0x95, 0x5d, 0xd5, 0x75, 0xd4, 0x75,
    0xb5, 0x6d, 0xb5, 0x6d, 0xd5, 0x75, 0xb4, 0x75, 0xd4, 0x7d, 0xd4, 0x7d, 0x95, 0x65, 0xb5, 0x65,
    0xb4, 0x75, 0x35, 0x45, 0x36, 0x3d, 0x97, 0x0c, 0x77, 0x04, 0x77, 0x04, 0x77, 0x04, 0xb7, 0x55,
    0x98, 0x04, 0x56, 0x4d, 0x56, 0x45, 0xb5, 0x6d, 0x54, 0x9e, 0xf7, 0x24, 0xb9, 0x04, 0xb8, 0x0c,
    0x77, 0x04, 0x57, 0x04, 0x77, 0x04, 0x77, 0x04, 0x77, 0x04, 0x77, 0x04, 0x77, 0x04, 0x77, 0x04,
    0x57, 0x04, 0x77, 0x04, 0x77, 0x04, 0x77, 0x04, 0x77, 0x04, 0x77, 0x04, 0x77, 0x04, 0x57, 0x04,
    0x77, 0x04, 0x57, 0x04, 0x57, 0x04, 0x77, 0x04, 0x77, 0x04, 0x77, 0x04, 0x97, 0x04, 0x97, 0x04,
    0x77, 0x04, 0x77, 0x04, 0x77, 0x04, 0x77, 0x04, 0x77, 0x04, 0xd6, 0x1c, 0x77, 0x04, 0x57, 0x04,
    0x57, 0x04, 0x77, 0x04, 0x77, 0x04, 0x77, 0x04, 0x77, 0x04, 0x77, 0x04, 0x77, 0x04, 0x77, 0x04,
    0x77, 0x04, 0x77, 0x04, 0x77, 0x04, 0x77, 0x04, 0x77, 0x04, 0x77, 0x04, 0x77, 0x04, 0x77, 0x04,
    0x77, 0x04, 0x77, 0x04, 0x77, 0x04, 0x77, 0x04, 0x77, 0x04, 0x97, 0x04, 0x77, 0x04, 0x77, 0x04,
    0x77, 0x04, 0x77, 0x04, 0x77, 0x04, 0x77, 0x04, 0x77, 0x04, 0x57, 0x04, 0x97, 0x04, 0x77, 0x04,
    0x57, 0x04, 0x77, 0x04, 0x77, 0x04, 0x78, 0x04, 0x98, 0x04, 0x97, 0x04, 0xb4, 0x75, 0xd4, 0x75,
    0xd5, 0x6d, 0xd4, 0x75, 0xf5, 0x7d, 0x95, 0x65, 0x75, 0x5d, 0x75, 0x5d, 0x55, 0x4d, 0x55, 0x55,
    0x55, 0x4d, 0x55, 0x4d, 0x55, 0x4d, 0x55, 0x4d, 0x75, 0x55, 0x55, 0x4d, 0x55, 0x4d, 0x35, 0x4d,
    0x35, 0x4d, 0xf6, 0x34, 0x77, 0x04, 0x77, 0x04, 0x57, 0x04, 0x77, 0x04, 0x77, 0x04, 0xa6, 0x00,
    0xd4, 0x7d, 0xd5, 0x75, 0xd5, 0x75, 0xd4, 0x75, 0xd4, 0x75, 0xd4, 0x75, 0xd4, 0x75, 0xd4, 0x75,
    0xd4, 0x75, 0xd4, 0x75, 0xd4, 0x75, 0xd5, 0x75, 0xd4, 0x75, 0x55, 0x55, 0xb4, 0x6d, 0x94, 0x6d,
    0xf6, 0x6d, 0xb5, 0x75, 0x34, 0x45, 0x34, 0x0c, 0x56, 0x04, 0x97, 0x04, 0x77, 0x04, 0xf6, 0x6d,
    0xd4, 0x7d, 0xd4, 0x7d, 0xb4, 0x75, 0x95, 0x65, 0xd4, 0x7d, 0x34, 0x9e, 0x53, 0xb6, 0x52, 0xbe,
    0x12, 0x0c, 0x97, 0x04, 0x77, 0x04, 0x77, 0x04, 0x77, 0x04, 0x77, 0x04, 0x77, 0x04, 0x77, 0x04,
    0x97, 0x04, 0x97, 0x04, 0x77, 0x04, 0x77, 0x04, 0x77, 0x04, 0x77, 0x04, 0x77, 0x04, 0x77, 0x04,
    0x77, 0x04, 0x77, 0x04, 0x77, 0x04, 0x77, 0x04, 0x77, 0x04, 0x77, 0x04, 0x77, 0x04, 0x97, 0x04,
    0x77, 0x04, 0x77, 0x04, 0x77, 0x04, 0x77, 0x04, 0x77, 0x04, 0x77, 0x04, 0x77, 0x04, 0x97, 0x04,
    0x77, 0x04, 0x97, 0x04, 0x97, 0x04, 0x77, 0x04, 0x97, 0x04, 0x97, 0x04, 0x77, 0x04, 0x77, 0x04,
    0x77, 0x04, 0x77, 0x04, 0x97, 0x04, 0x77, 0x04, 0x97, 0x04, 0x97, 0x04, 0x77, 0x04, 0x77, 0x04,
    0x77, 0x04, 0x57, 0x04, 0x97, 0x04, 0x77, 0x04, 0x97, 0x04, 0x77, 0x04, 0x77, 0x04, 0x77, 0x04,
    0x77, 0x04, 0x77, 0x04, 0x77, 0x04, 0x77, 0x04, 0x77, 0x04, 0x77, 0x04, 0x77, 0x04, 0x97, 0x04,
    0x77, 0x04, 0x77, 0x04, 0x74, 0x0c, 0xd4, 0x7d, 0xd4, 0x75, 0xd4, 0x7d, 0xd4, 0x7d, 0xd4, 0x7d,
    0x94, 0x6d, 0xb5, 0x6d, 0x55, 0x4d, 0x55, 0x4d, 0x55, 0x4d, 0x55, 0x4d, 0x55, 0x4d, 0x55, 0x4d,
    0x55, 0x4d, 0x55, 0x4d, 0x57, 0x3d, 0x77, 0x45, 0x97, 0x45, 0x97, 0x45, 0x57, 0x2d, 0x77, 0x3d,
    0x77, 0x04, 0x77, 0x04, 0x77, 0x04, 0x77, 0x04, 0x77, 0x04, 0x77, 0x04, 0x77, 0x04, 0xc7, 0x00,
    0x35, 0x0c, 0x34, 0x04, 0x54, 0x5d, 0xb5, 0x75, 0x55, 0x4d, 0xd5, 0x7d, 0xd4, 0x75, 0xd4, 0x75,
    0xb5, 0x75, 0xd4, 0x75, 0xd5, 0x75, 0xd4, 0x75, 0xb5, 0x75, 0xd5, 0x75, 0x95, 0x65, 0x95, 0x65,
    0x76, 0x4d, 0x94, 0x6d, 0xd4, 0x7d, 0xd4, 0x7d, 0xb5, 0x6d, 0xd5, 0x6d, 0x37, 0x76, 0x78, 0x45,
    0xb5, 0x6d, 0xd5, 0x75, 0x14, 0x8e, 0xb4, 0xbe, 0xb4, 0x75, 0x73, 0xbe, 0x73, 0xb6, 0xf4, 0x8d,
    0x74, 0xae, 0x99, 0x86, 0x98, 0x04, 0x97, 0x04, 0x77, 0x04, 0x97, 0x04, 0x77, 0x04, 0x97, 0x04,
    0x77, 0x04, 0x77, 0x04, 0x77, 0x04, 0x97, 0x04, 0x77, 0x04, 0x97, 0x04, 0x97, 0x04, 0x97, 0x04,
    0x97, 0x04, 0x77, 0x04, 0x97, 0x04, 0x97, 0x04, 0x77, 0x04, 0x77, 0x04, 0x97, 0x04, 0x77, 0x04,
    0x97, 0x04, 0x77, 0x04, 0x77, 0x04, 0x97, 0x04, 0x77, 0x04, 0x97, 0x04, 0x97, 0x04, 0x77, 0x04,
    0x97, 0x04, 0x97, 0x04, 0x97, 0x04, 0x77, 0x04, 0x97, 0x04, 0x77, 0x04, 0x97, 0x04, 0x97, 0x04,
    0x77, 0x04, 0x77, 0x04, 0x97, 0x04, 0x77, 0x04, 0x97, 0x04, 0x77, 0x04, 0x97, 0x04, 0x77, 0x04,
    0x97, 0x04, 0x97, 0x04, 0x97, 0x04, 0x77, 0x04, 0x97, 0x04, 0x77, 0x04, 0x77, 0x04, 0x97, 0x04,
    0x97, 0x04, 0x77, 0x04, 0x97, 0x04, 0x97, 0x04, 0x77, 0x04, 0x97, 0x04, 0x97, 0x04, 0x77, 0x04,
    0xb7, 0x0c, 0x96, 0x55, 0xd4, 0x75, 0xd4, 0x7d, 0xf5, 0x7d, 0x54, 0x5d, 0x55, 0x4d, 0xd5, 0x75,
    0x34, 0x4d, 0x56, 0x4d, 0x55, 0x4d, 0x55, 0x4d, 0x55, 0x4d, 0x36, 0x3d, 0x36, 0x3d, 0x96, 0x0c,
    0x35, 0x04, 0x76, 0x04, 0x77, 0x04, 0x77, 0x04, 0x97, 0x04, 0x77, 0x04, 0x97, 0x04, 0x77, 0x04,
    0x97, 0x04, 0x77, 0x04, 0x77, 0x04, 0x77, 0x04, 0x77, 0x04, 0x77, 0x04, 0x77, 0x04, 0xc7, 0x00,
    0xb7, 0x0c, 0x97, 0x04, 0x97, 0x04, 0x98, 0x04, 0xb5, 0x6d, 0xd4, 0x75, 0xb5, 0x6d, 0xd4, 0x7d,
    0xb5, 0x75, 0xd4, 0x75, 0xb5, 0x6d, 0xd5, 0x75, 0xd4, 0x75, 0xd4, 0x7d, 0xb5, 0x6d, 0xb4, 0x75,
    0xb5, 0x75, 0xb5, 0x6d, 0xb5, 0x6d, 0xb5, 0x6d, 0xb4, 0x75, 0xb5, 0x75, 0xb5, 0x6d, 0xd5, 0x75,
    0xd4, 0x7d, 0x16, 0x2d, 0xb5, 0xb6, 0x53, 0xb6, 0xf5, 0x85, 0x54, 0xae, 0x53, 0xae, 0x53, 0xb6,
    0x53, 0xb6, 0x73, 0xb6, 0x12, 0xae, 0x97, 0x04, 0x97, 0x04, 0x97, 0x04, 0x97, 0x04, 0x97, 0x04,
    0x97, 0x04, 0x97, 0x04, 0x97, 0x04, 0x77, 0x04, 0x77, 0x04, 0x97, 0x04, 0x97, 0x04, 0x97, 0x04,
    0x97, 0x04, 0x97, 0x04, 0x97, 0x04, 0x77, 0x04, 0x97, 0x04, 0x97, 0x04, 0xb7, 0x04, 0x97, 0x04,
    0x97, 0x04, 0x97, 0x04, 0x77, 0x04, 0x77, 0x04, 0x97, 0x04, 0x97, 0x04, 0x77, 0x04, 0xb7, 0x04,
    0x97, 0x04, 0x97, 0x04, 0xb7, 0x0c, 0x97, 0x04, 0x77, 0x04, 0x97, 0x04, 0x97, 0x04, 0x97, 0x04,
    0x97, 0x04, 0x77, 0x04, 0x97, 0x04, 0x97, 0x04, 0x97, 0x04, 0x97, 0x04, 0xb7, 0x04, 0x97, 0x04,
    0x97, 0x04, 0x97, 0x04, 0x77, 0x04, 0x97, 0x04, 0x97, 0x04, 0x97, 0x04, 0x97, 0x04, 0x97, 0x04,
    0x77, 0x04, 0x76, 0x8e, 0xf4, 0x8d, 0x97, 0x04, 0x77, 0x04, 0x97, 0x04, 0xd4, 0x7d, 0xd4, 0x75,
    0xd4, 0x85, 0xd4, 0x7d, 0xd5, 0x7d, 0xd4, 0x7d, 0x75, 0x55, 0xb5, 0x65, 0x56, 0x45, 0x55, 0x4d,
    0x55, 0x4d, 0x55, 0x4d, 0x55, 0x4d, 0x55, 0x4d, 0xb7, 0x04, 0xd7, 0x0c, 0x97, 0x04, 0x97, 0x04,
    0xb7, 0x0c, 0x77, 0x04, 0x97, 0x04, 0x77, 0x04, 0x77, 0x04, 0x97, 0x04, 0x97, 0x04, 0x97, 0x04,
    0x77, 0x04, 0x77, 0x04, 0x77, 0x04, 0x77, 0x04, 0x77, 0x04, 0x77, 0x04, 0x77, 0x04, 0xc7, 0x00,
    0xb7, 0x04, 0x97, 0x04, 0xb7, 0x04, 0xb7, 0x0c, 0x97, 0x04, 0xb7, 0x04, 0x98, 0x04, 0xb8, 0x04,
    0x96, 0x14, 0x77, 0x86, 0x16, 0x7e, 0xd4, 0x75, 0xd5, 0x75, 0xd4, 0x75, 0xd5, 0x75, 0xb5, 0x75,
    0xd5, 0x75, 0xb5, 0x75, 0xb5, 0x6d, 0xf5, 0x75, 0xd4, 0x75, 0xd5, 0x75, 0xb4, 0x75, 0xb5, 0x65,
    0xb5, 0x75, 0xb5, 0x65, 0xf5, 0x75, 0x53, 0xae, 0x74, 0xb6, 0x53, 0xae, 0xd4, 0x85, 0x75, 0xae,
    0x53, 0xb6, 0x54, 0x9e, 0x72, 0xbe, 0x36, 0x04, 0x97, 0x04, 0x97, 0x04, 0x97, 0x04, 0x97, 0x04,
    0xb7, 0x4d, 0x36, 0x04, 0x56, 0x04, 0x56, 0x04, 0xb7, 0x04, 0x97, 0x04, 0x97, 0x04, 0xb7, 0x04,
    0xb7, 0x04, 0x97, 0x04, 0x97, 0x04, 0x97, 0x04, 0x97, 0x04, 0x97, 0x04, 0x97, 0x04, 0x97, 0x04,
    0x97, 0x04, 0x97, 0x04, 0xb7, 0x04, 0x97, 0x04, 0x77, 0x04, 0x97, 0x04, 0x97, 0x04, 0x97, 0x04,
    0xb7, 0x04, 0xb7, 0x04, 0x97, 0x04, 0xb7, 0x04, 0x97, 0x04, 0x97, 0x04, 0x97, 0x04, 0x97, 0x04,
    0xb7, 0x04, 0x97, 0x04, 0x97, 0x04, 0x97, 0x04, 0xb7, 0x04, 0x97, 0x04, 0xb7, 0x0c, 0x97, 0x04,
    0xb7, 0x04, 0x97, 0x04, 0x97, 0x04, 0x97, 0x04, 0x97, 0x04, 0xb7, 0x04, 0x15, 0x04, 0x37, 0x04,
    0xf5, 0x7d, 0xf4, 0x85, 0xd4, 0x7d, 0xf5, 0x7d, 0xf4, 0x7d, 0xd4, 0x7d, 0xf5, 0x7d, 0xd5, 0x75,
    0xb4, 0x75, 0xf4, 0x7d, 0xd6, 0x5d, 0xf7, 0x6d, 0xb7, 0x55, 0xd7, 0x65, 0xd7, 0x5d, 0xb7, 0x55,
    0x97, 0x4d, 0x97, 0x04, 0x97, 0x04, 0x97, 0x04, 0x77, 0x04, 0xb7, 0x04, 0xb7, 0x04, 0x97, 0x04,
    0x97, 0x04, 0xb7, 0x04, 0x97, 0x04, 0xb7, 0x04, 0x98, 0x04, 0x97, 0x04, 0x97, 0x04, 0x97, 0x04,
    0x97, 0x04, 0x97, 0x04, 0x56, 0x04, 0x56, 0x04, 0x37, 0x04, 0x36, 0x04, 0xd6, 0x1c, 0xc7, 0x00,
    0xb7, 0x0c, 0xb7, 0x04, 0xb7, 0x04, 0xb7, 0x0c, 0xb7, 0x0c, 0xb7, 0x0c, 0xd7, 0x0c, 0xb7, 0x0c,
    0xb7, 0x0c, 0xb7, 0x04, 0x97, 0x04, 0xb4, 0x24, 0xd4, 0x75, 0xd5, 0x75, 0xb5, 0x75, 0xd5, 0x75,
    0xd5, 0x75, 0x95, 0x65, 0xd5, 0x75, 0xf5, 0x75, 0xd5, 0x75, 0xd5, 0x75, 0xb5, 0x6d, 0xf6, 0x75,
    0xb5, 0x6d, 0xd5, 0x75, 0xb4, 0x75, 0x94, 0x75, 0x33, 0xa6, 0x73, 0xb6, 0x53, 0xb6, 0x94, 0xbe,
    0x53, 0xb6, 0x73, 0xbe, 0x53, 0xb6, 0x18, 0xaf, 0xd7, 0x0c, 0x97, 0x04, 0xb7, 0x0c, 0xd7, 0x0c,
    0xd8, 0x0c, 0x76, 0x04, 0x56, 0x04, 0x94, 0x1c, 0x17, 0x5e, 0xb7, 0x04, 0xb8, 0x04, 0xb7, 0x04,
    0xb7, 0x04, 0xb7, 0x04, 0xb7, 0x04, 0xb7, 0x0c, 0xb7, 0x04, 0x97, 0x04, 0xb7, 0x04, 0xb7, 0x04,
    0xb7, 0x04, 0xb7, 0x04, 0xb7, 0x04, 0xb7, 0x04, 0xb7, 0x04, 0xb7, 0x04, 0x97, 0x04, 0xb7, 0x04,
    0xb7, 0x04, 0x97, 0x04, 0xb7, 0x04, 0xb7, 0x04, 0xb7, 0x0c, 0x97, 0x04, 0xb7, 0x04, 0x97, 0x04,
    0x97, 0x04, 0xb7, 0x04, 0xb7, 0x04, 0xb7, 0x04, 0xb7, 0x04, 0xb7, 0x0c, 0xb7, 0x04, 0xb7, 0x04,
    0x97, 0x04, 0xb8, 0x04, 0x97, 0x04, 0x38, 0x76, 0x78, 0x76, 0x98, 0x86, 0xd4, 0x7d, 0xd5, 0x75,
    0xd5, 0x75, 0xf5, 0x7d, 0x75, 0x5d, 0x15, 0x86, 0x95, 0x65, 0x95, 0x5d, 0x75, 0x5d, 0xb5, 0x24,
    0x95, 0x14, 0x56, 0x04, 0xb8, 0x04, 0x97, 0x04, 0xb7, 0x04, 0x97, 0x04, 0xb7, 0x04, 0xb7, 0x04,
    0x97, 0x04, 0xb7, 0x0c, 0xb7, 0x04, 0xb7, 0x04, 0x97, 0x04, 0xb7, 0x04, 0xb7, 0x04, 0xb7, 0x04,
    0x97, 0x04, 0x97, 0x04, 0xb7, 0x04, 0xb7, 0x04, 0xb7, 0x04, 0xb7, 0x0c, 0xb7, 0x04, 0x77, 0x04,
    0xb7, 0x55, 0x77, 0x45, 0x55, 0x4d, 0x55, 0x45, 0x96, 0x04, 0x76, 0x04, 0x76, 0x0c, 0xe7, 0x00,
    0xb8, 0x0c, 0xd8, 0x04, 0xd7, 0x0c, 0xd8, 0x0c, 0xb8, 0x0c, 0xd7, 0x0c, 0xd7, 0x0c, 0xd7, 0x0c,
    0xb7, 0x0c, 0xd7, 0x0c, 0xb7, 0x0c, 0xd7, 0x0c, 0xb3, 0x75, 0xb5, 0x6d, 0xd5, 0x75, 0xd5, 0x75,
    0xd5, 0x75, 0xd5, 0x75, 0xd5, 0x75, 0xd5, 0x75, 0xd5, 0x75, 0xb5, 0x6d, 0xd5, 0x75, 0xd5, 0x75,
    0xd5, 0x75, 0x55, 0x4d, 0xd4, 0x75, 0xd5, 0x75, 0xd5, 0x7d, 0x53, 0xb6, 0x54, 0x9e, 0x74, 0xa6,
    0x54, 0xa6, 0x35, 0x96, 0x54, 0xae, 0xd9, 0x96, 0xd9, 0x04, 0xd9, 0x04, 0xd7, 0x0c, 0xd8, 0x0c,
    0xb8, 0x0c, 0xd7, 0x0c, 0xb7, 0x04, 0xd8, 0x0c, 0x97, 0x04, 0xd4, 0x7d, 0x56, 0x3d, 0xd8, 0x04,
    0xb8, 0x04, 0xd8, 0x04, 0xb8, 0x04, 0xd8, 0x04, 0xb7, 0x0c, 0xb7, 0x0c, 0xb7, 0x0c, 0xb7, 0x0c,
    0x97, 0x04, 0xb7, 0x04, 0xb7, 0x04, 0xb7, 0x0c, 0xb7, 0x04, 0xb8, 0x04, 0xb7, 0x04, 0xd7, 0x0c,
    0xb7, 0x04, 0xb7, 0x0c, 0xb7, 0x0c, 0xb7, 0x04, 0xb7, 0x04, 0xb7, 0x04, 0xb7, 0x04, 0xb7, 0x04,
    0xb7, 0x04, 0xb7, 0x04, 0xb7, 0x04, 0xb7, 0x04, 0xb7, 0x0c, 0xb7, 0x0c, 0xd7, 0x0c, 0xd7, 0x0c,
    0xd7, 0x0c, 0xd5, 0x6d, 0x96, 0x5d, 0xd5, 0x75, 0xd5, 0x75, 0x75, 0x55, 0xf4, 0x7d, 0xf5, 0x7d,
    0x95, 0x65, 0xd4, 0x7d, 0xd4, 0x7d, 0xf5, 0x7d, 0x96, 0x55, 0xd7, 0x0c, 0xb7, 0x0c, 0xb7, 0x0c,
    0xb7, 0x0c, 0xd7, 0x0c, 0xb7, 0x0c, 0xb7, 0x04, 0xb7, 0x0c, 0xb7, 0x04, 0xb7, 0x04, 0xb7, 0x04,
    0xb7, 0x0c, 0xb7, 0x04, 0xb7, 0x0c, 0xb7, 0x04, 0xb8, 0x04, 0xb7, 0x0c, 0x97, 0x04, 0xb7, 0x04,
    0xb7, 0x04, 0xb7, 0x0c, 0xb8, 0x04, 0xb7, 0x04, 0x75, 0x55, 0x56, 0x4d, 0x55, 0x4d, 0x55, 0x4d,
    0x75, 0x4d, 0xd8, 0x04, 0xb7, 0x0c, 0xb7, 0x04, 0xb7, 0x0c, 0xb7, 0x0c, 0xb7, 0x0c, 0xe8, 0x00,
    0xd7, 0x0c, 0xd8, 0x0c, 0xd7, 0x0c, 0x37, 0x35, 0xf7, 0x14, 0x77, 0x3d, 0xd7, 0x0c, 0xd8, 0x0c,
    0x77, 0x35, 0xf7, 0x1c, 0xf7, 0x14, 0xd8, 0x0c, 0xb8, 0x04, 0xd8, 0x0c, 0x17, 0x25, 0x36, 0x35,
    0x56, 0x3d, 0x56, 0x3d, 0xd5, 0x75, 0xd5, 0x75, 0xd5, 0x75, 0xd5, 0x75, 0xb5, 0x65, 0xb5, 0x75,
    0xd5, 0x75, 0xf5, 0x7d, 0xd5, 0x75, 0xd5, 0x75, 0xf4, 0x85, 0x15, 0x96, 0x53, 0xb6, 0x34, 0x9e,
    0x54, 0xae, 0x73, 0xb6, 0x73, 0xb6, 0x54, 0xae, 0x34, 0x9e, 0x93, 0xbe, 0x57, 0x7e, 0x93, 0xb6,
    0x98, 0x86, 0x96, 0x0c, 0xd7, 0x0c, 0xd8, 0x0c, 0xd7, 0x0c, 0xb8, 0x0c, 0x17, 0x1d, 0xb7, 0x4d,
    0x76, 0x55, 0xd5, 0x6d, 0xb5, 0x6d, 0xf6, 0x65, 0xd7, 0x4d, 0xb8, 0x45, 0xb7, 0x04, 0xd7, 0x0c,
    0xd7, 0x0c, 0xd7, 0x0c, 0xb7, 0x0c, 0xd8, 0x0c, 0xd8, 0x0c, 0xd8, 0x0c, 0xd8, 0x0c, 0xb8, 0x0c,
    0xd7, 0x0c, 0xb8, 0x0c, 0xd8, 0x0c, 0xd7, 0x0c, 0xd7, 0x0c, 0xd7, 0x0c, 0xb7, 0x0c, 0xd7, 0x0c,
    0xd7, 0x0c, 0xb7, 0x04, 0xb7, 0x0c, 0xb7, 0x0c, 0x17, 0x25, 0x97, 0x4d, 0x97, 0x4d, 0xd7, 0x55,
    0xd5, 0x75, 0xf5, 0x7d, 0xd5, 0x7d, 0xd5, 0x75, 0xd5, 0x75, 0xd5, 0x75, 0x36, 0x3d, 0x56, 0x45,
    0x77, 0x45, 0xb7, 0x0c, 0xd7, 0x0c, 0xb7, 0x0c, 0xd7, 0x0c, 0xb7, 0x0c, 0xb7, 0x0c, 0xd7, 0x0c,
    0xd8, 0x0c, 0xd7, 0x0c, 0xd7, 0x0c, 0xb7, 0x0c, 0xb7, 0x0c, 0xb8, 0x04, 0xb7, 0x04, 0xb7, 0x0c,
    0xb7, 0x04, 0xd7, 0x0c, 0xb7, 0x0c, 0xd7, 0x0c, 0xb7, 0x04, 0xb8, 0x04, 0xd7, 0x0c, 0xb7, 0x04,
    0xd7, 0x0c, 0x77, 0x3d, 0xf6, 0x24, 0xf6, 0x24, 0xf7, 0x24, 0x97, 0x0c, 0xb7, 0x0c, 0xb7, 0x0c,
    0x97, 0x04, 0xb7, 0x0c, 0xb7, 0x04, 0xb7, 0x04, 0xb8, 0x04, 0xb7, 0x04, 0xd7, 0x0c, 0xc7, 0x00,
    0xd7, 0x0c, 0xd7, 0x0c, 0xd8, 0x0c, 0xd8, 0x0c, 0xd8, 0x0c, 0xd8, 0x0c, 0xd8, 0x0c, 0x56, 0x35,
    0xd6, 0x65, 0x36, 0x3d, 0xd5, 0x6d, 0xd7, 0x5d, 0xd7, 0x0c, 0xd7, 0x0c, 0xd7, 0x0c, 0xd8, 0x0c,
    0xb8, 0x04, 0xb8, 0x04, 0xd8, 0x04, 0x37, 0x35, 0xf5, 0x75, 0xd5, 0x75, 0xb5, 0x6d, 0xf5, 0x75,
    0xd5, 0x75, 0xd6, 0x6d, 0xd5, 0x75, 0xd5, 0x75, 0xf5, 0x7d, 0xf5, 0x7d, 0xf5, 0x7d, 0x35, 0x9e,
    0x34, 0x96, 0x35, 0x96, 0x73, 0xbe, 0x75, 0xae, 0x93, 0xbe, 0x72, 0xbe, 0x95, 0xae, 0x74, 0x9e,
    0xf5, 0x7d, 0xb4, 0xc6, 0xd8, 0x0c, 0xd8, 0x0c, 0xd7, 0x0c, 0xd7, 0x0c, 0xf8, 0x0c, 0xd8, 0x0c,
    0xf8, 0x0c, 0xf9, 0x04, 0xd8, 0x04, 0xd8, 0x04, 0xd8, 0x04, 0x36, 0x35, 0xf5, 0x75, 0xb7, 0x04,
    0xf7, 0x14, 0xd7, 0x0c, 0xd8, 0x0c, 0xd7, 0x0c, 0xd7, 0x0c, 0xd7, 0x0c, 0xd8, 0x0c, 0xd7, 0x0c,
    0xd7, 0x0c, 0xd7, 0x0c, 0xd8, 0x0c, 0xd8, 0x0c, 0xd8, 0x0c, 0xd8, 0x0c, 0xd7, 0x0c, 0xd7, 0x0c,
    0xd7, 0x0c, 0xd7, 0x0c, 0xd7, 0x14, 0xd5, 0x6d, 0xd5, 0x6d, 0xd6, 0x75, 0xd5, 0x75, 0xf5, 0x75,
    0xf9, 0x04, 0xd8, 0x04, 0xf8, 0x0c, 0xd8, 0x04, 0xd8, 0x04, 0xd9, 0x04, 0xf7, 0x14, 0xd7, 0x0c,
    0xd7, 0x0c, 0xb7, 0x0c, 0xd7, 0x0c, 0xb8, 0x0c, 0xd7, 0x0c, 0xd7, 0x0c, 0xb7, 0x04, 0xd7, 0x0c,
    0xd8, 0x0c, 0xd7, 0x0c, 0xd7, 0x0c, 0xb7, 0x0c, 0xd7, 0x0c, 0xb8, 0x04, 0xd7, 0x0c, 0xd7, 0x0c,
    0xd7, 0x0c, 0xb8, 0x04, 0xb7, 0x04, 0xb7, 0x0c, 0xd7, 0x0c, 0xb7, 0x04, 0xd7, 0x0c, 0x56, 0x35,
    0xb5, 0x6d, 0xd8, 0x04, 0xd8, 0x04, 0xd7, 0x0c, 0xd7, 0x0c, 0xd7, 0x0c, 0xb7, 0x0c, 0xd8, 0x0c,
    0xb8, 0x0c, 0xb8, 0x04, 0xd7, 0x0c, 0xd7, 0x0c, 0xb7, 0x0c, 0xb7, 0x0c, 0xd7, 0x0c, 0xa6, 0x00,
    0xd8, 0x0c, 0xf8, 0x0c, 0xf8, 0x0c, 0xd8, 0x0c, 0xf8, 0x14, 0xf7, 0x0c, 0xf7, 0x14, 0xd8, 0x0c,
    0x77, 0x3d, 0xf7, 0x14, 0x96, 0x55, 0x76, 0x4d, 0xb5, 0x6d, 0x37, 0x2d, 0xf8, 0x0c, 0xf8, 0x0c,
    0xf8, 0x0c, 0xf8, 0x0c, 0xd7, 0x0c, 0xf8, 0x0c, 0xf7, 0x14, 0xd7, 0x0c, 0xd7, 0x0c, 0xd8, 0x0c,
    0xf8, 0x0c, 0xd9, 0x04, 0xd5, 0x75, 0xd5, 0x75, 0xd5, 0x75, 0xb5, 0x75, 0xd5, 0x7d, 0xf5, 0x75,
    0xf5, 0x75, 0xd5, 0x7d, 0xd6, 0x75, 0x94, 0xb6, 0x15, 0x86, 0x73, 0xbe, 0x73, 0xb6, 0x74, 0xb6,
    0x73, 0xb6, 0x16, 0x8e, 0x93, 0xbe, 0xf8, 0x0c, 0xd7, 0x0c, 0xf8, 0x0c, 0xf8, 0x0c, 0xf8, 0x0c,
    0xf8, 0x0c, 0xd7, 0x0c, 0xf7, 0x0c, 0xf7, 0x0c, 0xd7, 0x0c, 0xd8, 0x0c, 0xf8, 0x0c, 0xd7, 0x0c,
    0xd7, 0x14, 0x18, 0x1d, 0xd8, 0x0c, 0xd7, 0x0c, 0xd8, 0x0c, 0xf7, 0x0c, 0xd8, 0x0c, 0xd7, 0x0c,
    0xd8, 0x0c, 0xf7, 0x0c, 0xd7, 0x0c, 0xd8, 0x0c, 0xf8, 0x0c, 0xf8, 0x0c, 0xf8, 0x0c, 0x37, 0x2d,
    0xd5, 0x6d, 0x76, 0x4d, 0xf8, 0x14, 0xf7, 0x14, 0xd8, 0x0c, 0xd7, 0x0c, 0xd7, 0x14, 0xf7, 0x0c,
    0xf7, 0x14, 0xf7, 0x0c, 0xf7, 0x0c, 0xd8, 0x0c, 0xd7, 0x14, 0xf8, 0x14, 0xf7, 0x0c, 0xd7, 0x0c,
    0xd8, 0x0c, 0xd8, 0x0c, 0xd7, 0x0c, 0xd7, 0x0c, 0xb8, 0x0c, 0xd8, 0x0c, 0xd8, 0x0c, 0xd8, 0x0c,
    0xd8, 0x0c, 0xd7, 0x0c, 0xd8, 0x0c, 0xd8, 0x0c, 0xd8, 0x0c, 0xd7, 0x0c, 0xd7, 0x0c, 0xb8, 0x04,
    0xd7, 0x0c, 0xd7, 0x0c, 0xd7, 0x0c, 0xd7, 0x0c, 0xd7, 0x04, 0xd7, 0x0c, 0xd8, 0x0c, 0xd8, 0x0c,
    0xd7, 0x0c, 0xd8, 0x0c, 0xd8, 0x0c, 0xb8, 0x04, 0xd8, 0x0c, 0xd7, 0x0c, 0xd8, 0x0c, 0xb7, 0x04,
    0xd7, 0x0c, 0xd7, 0x0c, 0xd8, 0x04, 0xd7, 0x0c, 0xd8, 0x0c, 0xd8, 0x0c, 0xb8, 0x04, 0xc6, 0x00,
    0xf8, 0x14, 0xf7, 0x14, 0xf8, 0x0c, 0xf8, 0x14, 0xf8, 0x14, 0xf7, 0x14, 0xf8, 0x14, 0xf7, 0x14,
    0xf8, 0x14, 0xf8, 0x14, 0xf8, 0x14, 0x97, 0x3d, 0x97, 0x4d, 0x98, 0x45, 0xf7, 0x6d, 0x95, 0x65,
    0xd5, 0x75, 0xf7, 0x14, 0xf8, 0x0c, 0xf8, 0x0c, 0xf7, 0x14, 0xf8, 0x0c, 0xf8, 0x0c, 0xf7, 0x0c,
    0xf8, 0x0c, 0xf8, 0x0c, 0xf7, 0x14, 0xf7, 0x14, 0xf8, 0x0c, 0xf8, 0x14, 0xd7, 0x0c, 0xf8, 0x5d,
    0xf8, 0x5d, 0x18, 0x66, 0x35, 0x8e, 0x15, 0x8e, 0x94, 0xb6, 0xf5, 0x85, 0x34, 0x9e, 0x54, 0x9e,
    0x74, 0xb6, 0x74, 0xae, 0x74, 0xb6, 0x96, 0x9e, 0xf5, 0x24, 0xd4, 0x34, 0xf6, 0x14, 0xf8, 0x14,
    0xf8, 0x14, 0xf7, 0x14, 0xf8, 0x14, 0xf7, 0x14, 0xf8, 0x14, 0xf8, 0x0c, 0xf7, 0x0c, 0xf8, 0x0c,
    0xf8, 0x0c, 0xd7, 0x0c, 0x16, 0x25, 0xf8, 0x14, 0xf8, 0x14, 0xf8, 0x0c, 0xf8, 0x0c, 0xf8, 0x0c,
    0xf8, 0x14, 0xf7, 0x0c, 0xf8, 0x14, 0xd7, 0x0c, 0xd7, 0x5d, 0xf8, 0x14, 0xf7, 0x14, 0xf8, 0x0c,
    0xf8, 0x14, 0xd7, 0x0c, 0xf7, 0x14, 0xf7, 0x14, 0xf7, 0x0c, 0xf8, 0x14, 0xd7, 0x14, 0xf8, 0x14,
    0xf8, 0x0c, 0xd8, 0x0c, 0xd8, 0x0c, 0xf8, 0x0c, 0xf7, 0x14, 0xf8, 0x0c, 0xf8, 0x0c, 0xf8, 0x0c,
    0xf7, 0x0c, 0xf8, 0x14, 0xf8, 0x14, 0xf8, 0x0c, 0xf8, 0x0c, 0xf8, 0x14, 0xd7, 0x0c, 0xd6, 0x1c,
    0x36, 0x3d, 0xf7, 0x1c, 0xf8, 0x14, 0xf8, 0x0c, 0xf8, 0x14, 0xf7, 0x14, 0xf7, 0x14, 0xf8, 0x0c,
    0xf8, 0x0c, 0xd7, 0x0c, 0xd7, 0x0c, 0xd8, 0x0c, 0xd8, 0x0c, 0xd7, 0x0c, 0xd8, 0x0c, 0xd8, 0x0c,
    0xd8, 0x0c, 0xd7, 0x0c, 0xd8, 0x0c, 0xd8, 0x0c, 0xf8, 0x0c, 0xd8, 0x0c, 0xf8, 0x0c, 0xd8, 0x0c,
    0xd7, 0x0c, 0xd8, 0x0c, 0xd7, 0x0c, 0xd8, 0x0c, 0xf8, 0x0c, 0xd7, 0x0c, 0xf8, 0x0c, 0xc6, 0x00,
    0x18, 0x15, 0xf8, 0x14, 0xf8, 0x14, 0x18, 0x15, 0x18, 0x15, 0x18, 0x15, 0xf8, 0x14, 0x18, 0x15,
    0x18, 0x15, 0x18, 0x15, 0x18, 0x15, 0x18, 0x15, 0x18, 0x15, 0x18, 0x15, 0xf8, 0x14, 0x18, 0x15,
    0x77, 0x3d, 0xb6, 0x5d, 0xf5, 0x85, 0x14, 0x8e, 0xf8, 0x0c, 0xf8, 0x14, 0x18, 0x15, 0xf8, 0x0c,
    0xf8, 0x14, 0xf8, 0x14, 0xf7, 0x14, 0xf8, 0x14, 0x18, 0x15, 0x18, 0x15, 0xf8, 0x14, 0x18, 0x15,
    0xf7, 0x14, 0xf8, 0x0c, 0x19, 0x0d, 0x19, 0x0d, 0x19, 0x0d, 0x39, 0x0d, 0xd9, 0x4d, 0x55, 0x8e,
    0x15, 0x86, 0x93, 0xbe, 0x55, 0x96, 0x73, 0xbe, 0x36, 0x86, 0x35, 0x96, 0x54, 0xa6, 0x14, 0x8e,
    0xb6, 0x55, 0x37, 0x2d, 0x18, 0x15, 0xf8, 0x14, 0x18, 0x15, 0x18, 0x15, 0xf8, 0x0c, 0xf8, 0x14,
    0xf8, 0x0c, 0x18, 0x0d, 0x19, 0x0d, 0x76, 0x3d, 0x57, 0x2d, 0xf8, 0x14, 0xf8, 0x14, 0xf8, 0x0c,
    0xf8, 0x14, 0xf8, 0x14, 0xf8, 0x14, 0xf8, 0x14, 0xf8, 0x14, 0xf8, 0x0c, 0xf8, 0x14, 0xf8, 0x14,
    0xf8, 0x14, 0xf8, 0x14, 0xf8, 0x14, 0xf8, 0x14, 0xf7, 0x14, 0xf7, 0x14, 0xf8, 0x14, 0xf8, 0x0c,
    0xf8, 0x14, 0xf8, 0x14, 0xf8, 0x14, 0xf8, 0x14, 0xf8, 0x14, 0xf8, 0x14, 0xf8, 0x14, 0xf8, 0x14,
    0x18, 0x15, 0xf8, 0x14, 0xf8, 0x14, 0xf8, 0x14, 0xd8, 0x0c, 0xf8, 0x14, 0xf8, 0x14, 0x18, 0x15,
    0x18, 0x0d, 0xf8, 0x14, 0xf7, 0x14, 0xf8, 0x14, 0xd8, 0x0c, 0xf7, 0x14, 0xf8, 0x0c, 0xf8, 0x14,
    0xf8, 0x14, 0xf8, 0x0c, 0xf7, 0x0c, 0xf8, 0x14, 0xf8, 0x0c, 0xf8, 0x0c, 0xf8, 0x14, 0xf8, 0x0c,
    0xf8, 0x0c, 0xf7, 0x0c, 0xf8, 0x0c, 0xf8, 0x14, 0xf8, 0x0c, 0xf8, 0x14, 0xf8, 0x0c, 0xd8, 0x0c,
    0xd8, 0x0c, 0xf8, 0x0c, 0xd8, 0x0c, 0xf7, 0x14, 0xf8, 0x0c, 0xf8, 0x0c, 0xf8, 0x0c, 0xa6, 0x00,
    0x18, 0x15, 0x18, 0x15, 0x18, 0x15, 0x18, 0x15, 0x18, 0x15, 0x17, 0x1d, 0x18, 0x15, 0x18, 0x15,
    0x18, 0x15, 0x18, 0x15, 0x18, 0x15, 0x18, 0x15, 0x18, 0x15, 0x18, 0x15, 0x18, 0x15, 0x18, 0x1d,
    0x17, 0x15, 0x18, 0x15, 0x17, 0x1d, 0x76, 0x45, 0x16, 0x86, 0xf5, 0x7d, 0xd5, 0x75, 0x96, 0x0c,
    0x18, 0x15, 0x18, 0x15, 0x18, 0x15, 0x18, 0x15, 0x38, 0x1d, 0x38, 0x15, 0x39, 0x15, 0x18, 0x15,
    0x18, 0x15, 0x18, 0x15, 0x18, 0x15, 0x18, 0x15, 0x17, 0x15, 0xf8, 0x14, 0x18, 0x15, 0x18, 0x15,
    0x18, 0x15, 0x18, 0x15, 0x38, 0x0d, 0x17, 0x76, 0xb6, 0x5d, 0x72, 0xc6, 0xd6, 0x6d, 0xf5, 0x7d,
    0x73, 0xbe, 0x15, 0x86, 0xb5, 0x75, 0xf8, 0x55, 0x39, 0x15, 0x39, 0x15, 0x18, 0x15, 0x18, 0x15,
    0x18, 0x15, 0x18, 0x15, 0x18, 0x15, 0xf7, 0x14, 0xf8, 0x14, 0x18, 0x15, 0x18, 0x15, 0x18, 0x15,
    0x17, 0x15, 0x18, 0x15, 0xf8, 0x14, 0xf8, 0x14, 0x18, 0x15, 0x18, 0x15, 0xf7, 0x14, 0xf8, 0x14,
    0xf8, 0x14, 0x18, 0x15, 0x17, 0x15, 0x17, 0x15, 0x18, 0x15, 0x18, 0x15, 0x18, 0x15, 0xf8, 0x14,
    0x18, 0x15, 0x18, 0x15, 0x18, 0x15, 0x18, 0x15, 0x18, 0x15, 0xf8, 0x14, 0xf8, 0x14, 0x17, 0x15,
    0x18, 0x15, 0x18, 0x15, 0x18, 0x15, 0x18, 0x15, 0xf8, 0x14, 0x19, 0x0d, 0x18, 0x0d, 0xf8, 0x14,
    0x18, 0x15, 0x18, 0x15, 0xf8, 0x14, 0xf8, 0x14, 0xf7, 0x14, 0x18, 0x15, 0xf8, 0x14, 0xf8, 0x14,
    0xf8, 0x14, 0xf8, 0x0c, 0x39, 0x0d, 0x39, 0x15, 0x97, 0x96, 0x19, 0x15, 0x19, 0x0d, 0x93, 0xbe,
    0x15, 0x8e, 0x97, 0x96, 0xf8, 0x0c, 0xf8, 0x14, 0xf8, 0x14, 0xf8, 0x0c, 0xf8, 0x0c, 0xf7, 0x14,
    0xf8, 0x0c, 0xf8, 0x0c, 0xf8, 0x0c, 0xf8, 0x0c, 0xf8, 0x14, 0xf8, 0x14, 0xf8, 0x14, 0xc7, 0x00,
    0xb3, 0x1c, 0x18, 0x15, 0x18, 0x15, 0x18, 0x15, 0x38, 0x15, 0x18, 0x15, 0x38, 0x1d, 0x18, 0x15,
    0x38, 0x1d, 0x18, 0x15, 0x18, 0x1d, 0x38, 0x15, 0x18, 0x15, 0x18, 0x15, 0x38, 0x1d, 0x18, 0x15,
    0x17, 0x1d, 0x18, 0x1d, 0x38, 0x1d, 0x38, 0x15, 0xb8, 0x45, 0x18, 0x15, 0x18, 0x0d, 0xb8, 0x4d,
    0x58, 0x2d, 0x38, 0x1d, 0x38, 0x1d, 0x38, 0x1d, 0x38, 0x15, 0xf8, 0x55, 0xd7, 0x4d, 0x77, 0x3d,
    0x16, 0x25, 0x16, 0x25, 0xb5, 0x14, 0xb5, 0x14, 0x18, 0x15, 0x18, 0x15, 0x18, 0x15, 0x18, 0x1d,
    0x18, 0x15, 0x17, 0x15, 0x18, 0x15, 0x18, 0x15, 0x18, 0x15, 0x18, 0x15, 0xf8, 0x55, 0x38, 0x66,
    0x38, 0x66, 0xf6, 0x85, 0x15, 0x86, 0xf5, 0x7d, 0x15, 0x7e, 0x15, 0x7e, 0xf6, 0x6d, 0xf6, 0x24,
    0xf5, 0x24, 0x16, 0x1d, 0x18, 0x15, 0x18, 0x1d, 0x17, 0x1d, 0x18, 0x15, 0x18, 0x15, 0x18, 0x15,
    0x18, 0x15, 0x18, 0x15, 0x18, 0x15, 0x18, 0x1d, 0x18, 0x15, 0x18, 0x1d, 0x18, 0x1d, 0x18, 0x1d,
    0x18, 0x15, 0x18, 0x15, 0x18, 0x15, 0x18, 0x1d, 0x18, 0x15, 0x18, 0x15, 0x18, 0x15, 0x18, 0x15,
    0x18, 0x15, 0x18, 0x15, 0x18, 0x15, 0x17, 0x1d, 0x18, 0x15, 0x18, 0x15, 0x18, 0x15, 0x18, 0x15,
    0x38, 0x1d, 0x37, 0x1d, 0xd6, 0x1c, 0xb5, 0x14, 0x36, 0x35, 0x38, 0x6e, 0xb8, 0x55, 0x18, 0x15,
    0x18, 0x15, 0x18, 0x15, 0x18, 0x15, 0x18, 0x15, 0x18, 0x15, 0x18, 0x15, 0x18, 0x15, 0xf7, 0x0c,
    0xb4, 0x24, 0x92, 0x1c, 0x54, 0xb6, 0x54, 0xae, 0x73, 0xbe, 0x73, 0xbe, 0x74, 0xae, 0x55, 0x9e,
    0x16, 0x7e, 0xd6, 0x75, 0xb5, 0x65, 0xd6, 0x1c, 0x18, 0x15, 0xd7, 0x0c, 0xf8, 0x0c, 0xf8, 0x14,
    0xf8, 0x0c, 0xf8, 0x14, 0xf8, 0x0c, 0x18, 0x15, 0x18, 0x15, 0x17, 0x15, 0xf8, 0x14, 0xc7, 0x00,
    0x74, 0xb6, 0x72, 0xc6, 0xd5, 0x7d, 0xd5, 0x75, 0x15, 0x8e, 0x38, 0x1d, 0x18, 0x1d, 0x38, 0x1d,
    0x38, 0x1d, 0x38, 0x1d, 0x38, 0x1d, 0x38, 0x1d, 0x38, 0x1d, 0x38, 0x1d, 0x38, 0x1d, 0x38, 0x1d,
    0x38, 0x1d, 0x38, 0x15, 0x38, 0x1d, 0x38, 0x1d, 0x38, 0x1d, 0x18, 0x15, 0x38, 0x1d, 0x38, 0x15,
    0x38, 0x1d, 0x38, 0x25, 0x38, 0x1d, 0x58, 0x1d, 0x38, 0x1d, 0x38, 0x1d, 0x38, 0x1d, 0x38, 0x15,
    0x97, 0x45, 0xd6, 0x6d, 0xd6, 0x6d, 0xd6, 0x6d, 0xd5, 0x75, 0xd5, 0x75, 0x38, 0x1d, 0x38, 0x1d,
    0x38, 0x1d, 0x38, 0x1d, 0x38, 0x1d, 0x38, 0x1d, 0x37, 0x1d, 0x38, 0x1d, 0x18, 0x1d, 0x38, 0x1d,
    0x38, 0x1d, 0x58, 0x1d, 0x58, 0x1d, 0x58, 0x15, 0x38, 0x15, 0x39, 0x0d, 0x97, 0x4d, 0xf6, 0x75,
    0xd6, 0x6d, 0xd6, 0x6d, 0xb5, 0x65, 0xd5, 0x6d, 0xb5, 0x65, 0xb5, 0x6d, 0x18, 0x15, 0x38, 0x1d,
    0x18, 0x1d, 0x38, 0x1d, 0x38, 0x1d, 0x38, 0x1d, 0x18, 0x15, 0x38, 0x1d, 0x18, 0x1d, 0x38, 0x1d,
    0x38, 0x1d, 0x18, 0x1d, 0x18, 0x1d, 0x38, 0x1d, 0x38, 0x1d, 0x18, 0x1d, 0x18, 0x1d, 0x18, 0x1d,
    0x18, 0x1d, 0x38, 0x1d, 0x16, 0x76, 0x34, 0x9e, 0x53, 0xb6, 0xd4, 0xbe, 0x96, 0x5d, 0xd6, 0x6d,
    0xd5, 0x75, 0xd5, 0x75, 0x15, 0x7e, 0xf6, 0x7d, 0xf7, 0x0c, 0x38, 0x1d, 0x18, 0x15, 0x18, 0x15,
    0x18, 0x1d, 0x18, 0x1d, 0x18, 0x15, 0x18, 0x15, 0x18, 0x15, 0x18, 0x15, 0x38, 0x1d, 0x52, 0xb6,
    0x73, 0xbe, 0x54, 0xae, 0x94, 0xc6, 0x94, 0xae, 0x73, 0xb6, 0x54, 0x9e, 0x74, 0xb6, 0xf6, 0x75,
    0xf6, 0x7d, 0xf6, 0x75, 0xd6, 0x75, 0xb6, 0x65, 0xb5, 0x6d, 0xd6, 0x6d, 0xd5, 0x6d, 0x96, 0x5d,
    0x96, 0x55, 0x76, 0x4d, 0x18, 0x15, 0x18, 0x15, 0x75, 0x4d, 0xd5, 0x7d, 0xf5, 0x7d, 0xc7, 0x00,
    0x74, 0xb6, 0x36, 0x8e, 0x94, 0xbe, 0x94, 0xb6, 0x94, 0xae, 0x58, 0xbf, 0x58, 0x25, 0x38, 0x1d,
    0x38, 0x1d, 0x58, 0x1d, 0x58, 0x1d, 0x38, 0x1d, 0x58, 0x25, 0x38, 0x1d, 0x38, 0x1d, 0x38, 0x1d,
    0x38, 0x1d, 0x38, 0x1d, 0x58, 0x1d, 0x58, 0x1d, 0x58, 0x1d, 0x58, 0x25, 0x38, 0x1d, 0x58, 0x1d,
    0x38, 0x1d, 0x58, 0x1d, 0x58, 0x1d, 0x38, 0x1d, 0x58, 0x1d, 0x58, 0x1d, 0x38, 0x1d, 0x38, 0x1d,
    0x58, 0x1d, 0x38, 0x1d, 0x38, 0x1d, 0x36, 0x35, 0xf6, 0x7d, 0xf6, 0x75, 0xf6, 0x75, 0x16, 0x76,
    0x16, 0x7e, 0x57, 0x35, 0x58, 0x1d, 0x58, 0x1d, 0x58, 0x1d, 0x38, 0x1d, 0x38, 0x1d, 0x38, 0x1d,
    0x58, 0x1d, 0x58, 0x1d, 0x38, 0x1d, 0x58, 0x1d, 0x38, 0x1d, 0x58, 0x1d, 0x58, 0x1d, 0x38, 0x1d,
    0x58, 0x1d, 0x58, 0x1d, 0x37, 0x1d, 0x58, 0x1d, 0x58, 0x15, 0x15, 0x86, 0xd6, 0x75, 0x36, 0x86,
    0x38, 0x1d, 0x37, 0x1d, 0x38, 0x1d, 0x38, 0x1d, 0x38, 0x1d, 0x38, 0x1d, 0x38, 0x1d, 0x38, 0x1d,
    0x38, 0x1d, 0x38, 0x1d, 0x38, 0x1d, 0x38, 0x1d, 0x38, 0x1d, 0x38, 0x1d, 0x38, 0x1d, 0x38, 0x1d,
    0x58, 0x1d, 0x19, 0x0d, 0x55, 0x9e, 0x15, 0x8e, 0x35, 0x96, 0x16, 0x7e, 0x15, 0x86, 0xf5, 0x7d,
    0x38, 0x1d, 0x38, 0x1d, 0x38, 0x1d, 0x38, 0x1d, 0x38, 0x1d, 0x38, 0x1d, 0x38, 0x1d, 0x38, 0x1d,
    0x38, 0x1d, 0x38, 0x1d, 0x18, 0x15, 0x38, 0x1d, 0x38, 0x15, 0x38, 0x1d, 0xb7, 0x4d, 0x73, 0xbe,
    0x74, 0xae, 0x73, 0xbe, 0x73, 0xb6, 0xf4, 0x8d, 0x54, 0xa6, 0x73, 0xbe, 0x15, 0x96, 0x16, 0x7e,
    0xf6, 0x75, 0xf6, 0x75, 0xf6, 0x75, 0xf6, 0x75, 0xf6, 0x7d, 0xb6, 0x65, 0xd6, 0x75, 0xd6, 0x75,
    0xd6, 0x75, 0x97, 0x4d, 0x38, 0x0d, 0xf7, 0x5d, 0xf6, 0x75, 0xf6, 0x75, 0x16, 0x76, 0xc7, 0x00,
    0x74, 0xae, 0x55, 0x9e, 0x35, 0x8e, 0x75, 0x9e, 0x75, 0xa6, 0x55, 0x9e, 0xf7, 0x5d, 0x58, 0x25,
    0x58, 0x25, 0x58, 0x25, 0x58, 0x25, 0x97, 0x3d, 0xd7, 0x4d, 0x97, 0x45, 0x58, 0x25, 0x58, 0x25,
    0x58, 0x25, 0x58, 0x25, 0x58, 0x25, 0x58, 0x25, 0x58, 0x25, 0x58, 0x1d, 0x38, 0x1d, 0x58, 0x25,
    0x58, 0x25, 0x58, 0x1d, 0x58, 0x25, 0x58, 0x1d, 0x58, 0x25, 0x58, 0x25, 0x58, 0x25, 0x58, 0x25,
    0x58, 0x25, 0x58, 0x1d, 0x58, 0x1d, 0x58, 0x1d, 0x58, 0x25, 0x58, 0x1d, 0x58, 0x1d, 0x58, 0x25,
    0x37, 0x1d, 0xb7, 0x55, 0xd7, 0x55, 0x97, 0x35, 0x58, 0x25, 0xd7, 0x55, 0xd7, 0x55, 0x38, 0x1d,
    0x58, 0x1d, 0x58, 0x25, 0x58, 0x1d, 0x58, 0x1d, 0x58, 0x1d, 0x58, 0x1d, 0x58, 0x25, 0x58, 0x1d,
    0x58, 0x1d, 0x58, 0x1d, 0x38, 0x1d, 0x58, 0x25, 0x58, 0x25, 0x38, 0x1d, 0x58, 0x1d, 0x38, 0x1d,
    0x58, 0x1d, 0x38, 0x1d, 0x38, 0x1d, 0x38, 0x1d, 0x38, 0x1d, 0x58, 0x25, 0x38, 0x1d, 0x58, 0x1d,
    0x58, 0x1d, 0xb7, 0x3d, 0xb7, 0x4d, 0x58, 0x25, 0x38, 0x1d, 0x77, 0x3d, 0x38, 0x6e, 0x57, 0x6e,
    0x35, 0x96, 0x17, 0x76, 0xd6, 0x5d, 0xd7, 0x5d, 0xd7, 0x4d, 0x17, 0x5e, 0x38, 0x1d, 0x38, 0x1d,
    0x58, 0x1d, 0x38, 0x1d, 0x38, 0x1d, 0x38, 0x1d, 0x38, 0x1d, 0x38, 0x1d, 0x58, 0x25, 0x38, 0x1d,
    0x38, 0x1d, 0x38, 0x1d, 0x38, 0x1d, 0x38, 0x1d, 0x38, 0x1d, 0x76, 0x7e, 0x74, 0xb6, 0x73, 0xb6,
    0x54, 0xb6, 0x74, 0xbe, 0x74, 0xa6, 0x74, 0xae, 0x55, 0x96, 0x35, 0x8e, 0xf6, 0x7d, 0x16, 0x7e,
    0xf6, 0x75, 0xd6, 0x75, 0xf6, 0x75, 0xf6, 0x75, 0xd6, 0x75, 0xb6, 0x65, 0xd6, 0x6d, 0xb6, 0x65,
    0xd6, 0x6d, 0xd6, 0x75, 0xf6, 0x75, 0xf6, 0x75, 0xf6, 0x75, 0xf6, 0x7d, 0xf6, 0x75, 0xc7, 0x00,
    0x95, 0xb6, 0x93, 0xbe, 0xf5, 0x7d, 0x55, 0x96, 0x94, 0xb6, 0x94, 0xb6, 0x16, 0x86, 0x54, 0x9e,
    0x78, 0x25, 0x78, 0x25, 0x58, 0x25, 0x58, 0x25, 0x79, 0x1d, 0xf7, 0x5d, 0xd6, 0x6d, 0xd6, 0x65,
    0xb7, 0x45, 0x78, 0x25, 0x77, 0x2d, 0x58, 0x25, 0xb7, 0x45, 0x78, 0x25, 0x58, 0x25, 0x58, 0x25,
    0x58, 0x25, 0x78, 0x25, 0x58, 0x25, 0x78, 0x25, 0x58, 0x25, 0x58, 0x25, 0x58, 0x25, 0x58, 0x25,
    0x58, 0x25, 0x58, 0x25, 0x58, 0x25, 0x58, 0x25, 0x58, 0x1d, 0x58, 0x25, 0x58, 0x25, 0x58, 0x25,
    0x58, 0x1d, 0x97, 0x2d, 0x58, 0x1d, 0x78, 0x25, 0x78, 0x25, 0x98, 0x1d, 0x58, 0x1d, 0x58, 0x25,
    0x78, 0x25, 0x58, 0x1d, 0x38, 0x1d, 0x58, 0x25, 0x78, 0x25, 0x58, 0x25, 0x58, 0x25, 0x58, 0x1d,
    0x58, 0x1d, 0x58, 0x25, 0x58, 0x1d, 0x58, 0x25, 0x58, 0x25, 0x58, 0x25, 0x58, 0x1d, 0x58, 0x25,
    0x58, 0x25, 0x38, 0x1d, 0x58, 0x1d, 0x58, 0x25, 0x58, 0x1d, 0x58, 0x25, 0xb8, 0x45, 0xf6, 0x75,
    0xf6, 0x6d, 0xb7, 0x4d, 0x98, 0x2d, 0x58, 0x1d, 0x58, 0x25, 0x58, 0x25, 0x79, 0x25, 0x59, 0x1d,
    0x58, 0x1d, 0x58, 0x1d, 0x58, 0x1d, 0x38, 0x1d, 0x58, 0x25, 0x58, 0x25, 0x38, 0x15, 0x58, 0x1d,
    0x38, 0x1d, 0x38, 0x1d, 0x58, 0x1d, 0x38, 0x25, 0x58, 0x25, 0x38, 0x25, 0x58, 0x1d, 0x38, 0x25,
    0x38, 0x1d, 0x58, 0x1d, 0x58, 0x1d, 0x58, 0x25, 0x59, 0x0d, 0x73, 0xbe, 0x73, 0xbe, 0x74, 0xbe,
    0x73, 0xbe, 0x73, 0xb6, 0x74, 0xb6, 0xf4, 0x85, 0x16, 0x86, 0x16, 0x7e, 0xf6, 0x75, 0xd6, 0x75,
    0xb6, 0x6d, 0xd6, 0x6d, 0xd6, 0x75, 0xd6, 0x6d, 0xf6, 0x75, 0xf6, 0x7d, 0x16, 0x7e, 0xf6, 0x75,
    0xf6, 0x75, 0xf6, 0x75, 0xf6, 0x75, 0xf6, 0x75, 0xf6, 0x75, 0xd6, 0x75, 0xf6, 0x75, 0xc7, 0x00,
    0x35, 0x8e, 0x36, 0x86, 0xb6, 0xae, 0x16, 0x7e, 0x94, 0xb6, 0x75, 0xae, 0x36, 0x86, 0x16, 0x86,
    0x78, 0x25, 0x78, 0x2d, 0x78, 0x25, 0x78, 0x25, 0x78, 0x2d, 0x78, 0x25, 0x78, 0x25, 0x78, 0x25,
    0xb6, 0x5d, 0xd7, 0x55, 0xf6, 0x75, 0x58, 0x25, 0x78, 0x25, 0x78, 0x25, 0x78, 0x25, 0x78, 0x25,
    0x78, 0x25, 0x78, 0x2d, 0x78, 0x25, 0x78, 0x25, 0x78, 0x25, 0x78, 0x25, 0x78, 0x2d, 0x78, 0x25,
    0x78, 0x25, 0x78, 0x25, 0x78, 0x25, 0x78, 0x25, 0x78, 0x25, 0x78, 0x25, 0x78, 0x2d, 0x58, 0x1d,
    0x78, 0x25, 0x78, 0x25, 0x78, 0x25, 0x78, 0x25, 0x78, 0x25, 0x78, 0x25, 0x78, 0x25, 0x58, 0x1d,
    0x78, 0x25, 0x78, 0x25, 0x58, 0x25, 0x58, 0x25, 0x78, 0x25, 0x78, 0x25, 0x58, 0x25, 0x78, 0x2d,
    0x58, 0x25, 0x78, 0x25, 0x58, 0x1d, 0x58, 0x25, 0x78, 0x25, 0x78, 0x25, 0x58, 0x25, 0x78, 0x25,
    0x78, 0x25, 0x78, 0x25, 0x58, 0x25, 0x58, 0x25, 0x58, 0x25, 0x58, 0x1d, 0x58, 0x25, 0x58, 0x1d,
    0x78, 0x2d, 0x58, 0x25, 0x58, 0x25, 0x58, 0x25, 0x78, 0x25, 0x58, 0x25, 0x58, 0x25, 0x78, 0x25,
    0x58, 0x25, 0x58, 0x25, 0x58, 0x25, 0x58, 0x1d, 0x58, 0x25, 0x58, 0x25, 0x58, 0x1d, 0x58, 0x25,
    0x58, 0x25, 0x58, 0x1d, 0x58, 0x25, 0x58, 0x25, 0x78, 0x25, 0x58, 0x1d, 0x78, 0x25, 0x58, 0x25,
    0x58, 0x1d, 0x58, 0x25, 0x38, 0x1d, 0x74, 0xb6, 0x74, 0xae, 0x73, 0xbe, 0x73, 0xbe, 0x14, 0x8e,
    0x73, 0xb6, 0x74, 0xb6, 0x15, 0x8e, 0xf6, 0x75, 0x16, 0x7e, 0x36, 0x7e, 0xf6, 0x75, 0xb6, 0x6d,
    0xb6, 0x65, 0xf6, 0x75, 0xb6, 0x65, 0xf6, 0x75, 0xf6, 0x75, 0xf6, 0x75, 0xf6, 0x7d, 0xf6, 0x75,
    0xd6, 0x6d, 0xd6, 0x6d, 0xf6, 0x6d, 0xf6, 0x75, 0xf6, 0x75, 0xd6, 0x75, 0xf6, 0x75, 0xe8, 0x00,
    0x16, 0x7e, 0x16, 0x7e, 0x56, 0x8e, 0x15, 0x86, 0x75, 0xa6, 0x94, 0xb6, 0x95, 0xbe, 0x17, 0x6e,
    0x78, 0x2d, 0x78, 0x2d, 0x78, 0x2d, 0x78, 0x2d, 0x78, 0x25, 0x78, 0x2d, 0x78, 0x2d, 0x78, 0x2d,
    0x78, 0x2d, 0x78, 0x2d, 0x78, 0x2d, 0x78, 0x2d, 0x78, 0x2d, 0x78, 0x2d, 0x78, 0x25, 0x58, 0x25,
    0x78, 0x2d, 0x78, 0x2d, 0x78, 0x2d, 0x78, 0x25, 0x78, 0x25, 0x78, 0x2d, 0x78, 0x2d, 0x78, 0x25,
    0x78, 0x25, 0x78, 0x2d, 0x78, 0x25, 0x78, 0x25, 0x98, 0x2d, 0x78, 0x25, 0x78, 0x25, 0x78, 0x25,
    0x78, 0x2d, 0x78, 0x25, 0x78, 0x2d, 0x78, 0x25, 0x78, 0x2d, 0x78, 0x25, 0x78, 0x2d, 0x78, 0x2d,
    0x78, 0x2d, 0x98, 0x2d, 0x78, 0x25, 0x78, 0x25, 0x58, 0x25, 0x78, 0x25, 0x78, 0x25, 0x78, 0x25,
    0x78, 0x2d, 0x78, 0x25, 0x78, 0x2d, 0x58, 0x25, 0x78, 0x2d, 0x78, 0x25, 0x58, 0x25, 0x78, 0x25,
    0x78, 0x25, 0x78, 0x25, 0x78, 0x25, 0x78, 0x25, 0x78, 0x25, 0x78, 0x25, 0x58, 0x25, 0x78, 0x25,
    0x78, 0x25, 0x78, 0x25, 0x78, 0x25, 0x78, 0x25, 0x78, 0x25, 0x78, 0x25, 0x58, 0x25, 0x78, 0x25,
    0x78, 0x25, 0x78, 0x25, 0x58, 0x25, 0x78, 0x25, 0x58, 0x25, 0x78, 0x25, 0x58, 0x25, 0x58, 0x25,
    0x58, 0x25, 0x57, 0x25, 0x58, 0x25, 0x58, 0x1d, 0x78, 0x25, 0x35, 0x3d, 0x55, 0x3d, 0x56, 0x3d,
    0x78, 0x1d, 0x58, 0x25, 0xf5, 0x6d, 0x73, 0xbe, 0x73, 0xbe, 0x74, 0xb6, 0x14, 0x8e, 0x74, 0xbe,
    0x75, 0xae, 0x75, 0xa6, 0xf6, 0x75, 0x16, 0x7e, 0x16, 0x7e, 0xf6, 0x75, 0xf6, 0x75, 0xf6, 0x75,
    0xf6, 0x75, 0xd6, 0x75, 0xd6, 0x75, 0xd6, 0x75, 0xd6, 0x6d, 0xd7, 0x6d, 0x17, 0x6e, 0x18, 0x5e,
    0xf6, 0x6d, 0xd6, 0x6d, 0xd6, 0x6d, 0xf6, 0x75, 0xf6, 0x75, 0xd6, 0x75, 0x54, 0xae, 0xe8, 0x00,
    0xf6, 0x75, 0x36, 0x8e, 0x16, 0x86, 0x16, 0x86, 0x36, 0x8e, 0x55, 0x9e, 0x94, 0xae, 0x74, 0xb6,
    0x15, 0x86, 0x95, 0xae, 0x74, 0xa6, 0x96, 0x9e, 0x36, 0x86, 0x78, 0x2d, 0x98, 0x2d, 0x97, 0x35,
    0x98, 0x35, 0x98, 0x2d, 0x98, 0x2d, 0x98, 0x2d, 0x98, 0x2d, 0x98, 0x2d, 0xb7, 0x35, 0x98, 0x2d,
    0x78, 0x2d, 0x98, 0x35, 0x98, 0x2d, 0x98, 0x2d, 0x98, 0x2d, 0x98, 0x2d, 0x98, 0x35, 0x98, 0x2d,
    0x98, 0x2d, 0x78, 0x2d, 0x98, 0x2d, 0x78, 0x2d, 0x98, 0x2d, 0x78, 0x2d, 0x78, 0x2d, 0x98, 0x2d,
    0x98, 0x2d, 0x78, 0x2d, 0x78, 0x2d, 0x98, 0x35, 0x78, 0x25, 0x98, 0x2d, 0x98, 0x2d, 0x78, 0x2d,
    0x98, 0x2d, 0x98, 0x2d, 0x98, 0x2d, 0x98, 0x2d, 0x98, 0x2d, 0x78, 0x2d, 0x78, 0x2d, 0x78, 0x2d,
    0x78, 0x25, 0x98, 0x35, 0x98, 0x2d, 0x78, 0x25, 0x78, 0x25, 0x78, 0x2d, 0x78, 0x2d, 0x98, 0x2d,
    0x78, 0x25, 0x78, 0x2d, 0x78, 0x25, 0x78, 0x25, 0x98, 0x2d, 0x78, 0x25, 0x78, 0x25, 0x78, 0x2d,
    0x78, 0x25, 0x78, 0x2d, 0x58, 0x25, 0x78, 0x2d, 0x78, 0x25, 0x78, 0x25, 0x58, 0x25, 0x78, 0x25,
    0x78, 0x2d, 0x58, 0x25, 0x78, 0x25, 0x78, 0x25, 0x58, 0x25, 0x78, 0x25, 0x78, 0x25, 0x78, 0x25,
    0x78, 0x25, 0x35, 0xdf, 0x53, 0xb6, 0x92, 0xc6, 0x56, 0x96, 0x55, 0x96, 0xd4, 0xc6, 0xf6, 0x75,
    0x35, 0x8e, 0x58, 0x1d, 0xb5, 0xae, 0x94, 0xbe, 0x74, 0xbe, 0x74, 0xb6, 0x73, 0xbe, 0xb4, 0xbe,
    0x36, 0x8e, 0x16, 0x7e, 0xf6, 0x7d, 0xf6, 0x75, 0xf6, 0x75, 0x16, 0x7e, 0x16, 0x7e, 0xd6, 0x75,
    0xd6, 0x6d, 0xd6, 0x6d, 0xd7, 0x6d, 0xd6, 0x6d, 0x77, 0x45, 0x58, 0x1d, 0x58, 0x1d, 0x58, 0x1d,
    0xb7, 0x55, 0x58, 0x2d, 0x78, 0x35, 0xd6, 0x6d, 0x97, 0x5d, 0x57, 0x25, 0x58, 0x25, 0xe8, 0x00,
    0x16, 0x86, 0x16, 0x7e, 0x36, 0x86, 0x56, 0x8e, 0x36, 0x86, 0x37, 0x7e, 0x36, 0x8e, 0x36, 0x86,
    0x55, 0x9e, 0x94, 0xb6, 0x95, 0xae, 0x75, 0xa6, 0x94, 0xb6, 0x75, 0xa6, 0x95, 0xa6, 0x94, 0xbe,
    0x36, 0x8e, 0x56, 0x35, 0x98, 0x35, 0x98, 0x35, 0x98, 0x35, 0xb8, 0x35, 0x98, 0x2d, 0x98, 0x35,
    0x78, 0x2d, 0x98, 0x2d, 0xd7, 0x4d, 0x16, 0x86, 0x37, 0x7e, 0x98, 0x35, 0xb8, 0x35, 0x98, 0x2d,
    0xb8, 0x2d, 0x98, 0x2d, 0x98, 0x2d, 0x98, 0x2d, 0x98, 0x35, 0x98, 0x2d, 0x98, 0x2d, 0x98, 0x2d,
    0x98, 0x2d, 0x78, 0x2d, 0x98, 0x2d, 0x98, 0x2d, 0x98, 0x35, 0x98, 0x35, 0x78, 0x2d, 0x98, 0x2d,
    0x98, 0x35, 0x78, 0x2d, 0x98, 0x2d, 0x98, 0x2d, 0x98, 0x2d, 0x98, 0x25, 0x98, 0x2d, 0x98, 0x2d,
    0xb8, 0x2d, 0x98, 0x2d, 0x98, 0x2d, 0x98, 0x2d, 0x98, 0x2d, 0x78, 0x25, 0x98, 0x2d, 0x78, 0x2d,
    0x78, 0x25, 0x98, 0x2d, 0x98, 0x35, 0x78, 0x2d, 0x98, 0x2d, 0x78, 0x2d, 0x78, 0x2d, 0x78, 0x2d,
    0x78, 0x25, 0x78, 0x25, 0x78, 0x25, 0x78, 0x25, 0x98, 0x25, 0x78, 0x2d, 0x98, 0x2d, 0x98, 0x2d,
    0x98, 0x25, 0x78, 0x25, 0x78, 0x2d, 0x98, 0x2d, 0x98, 0x2d, 0x98, 0x2d, 0x98, 0x2d, 0x79, 0x1d,
    0xf6, 0x75, 0x94, 0xb6, 0x94, 0xb6, 0x94, 0xbe, 0x94, 0xbe, 0x74, 0xae, 0xb5, 0xb6, 0x36, 0x86,
    0x36, 0x7e, 0x36, 0x7e, 0x36, 0x86, 0x16, 0x7e, 0x35, 0x96, 0xd5, 0x75, 0x74, 0xb6, 0x74, 0xb6,
    0x16, 0x7e, 0xf6, 0x75, 0x36, 0x86, 0x16, 0x7e, 0x16, 0x7e, 0xf6, 0x75, 0xf6, 0x75, 0xf7, 0x6d,
    0xd6, 0x6d, 0x37, 0x6e, 0x58, 0x25, 0x78, 0x25, 0x58, 0x25, 0x78, 0x25, 0x78, 0x25, 0xb7, 0x4d,
    0xd6, 0x6d, 0xd6, 0x6d, 0xd6, 0x6d, 0xf6, 0x75, 0xd6, 0x65, 0x58, 0x2d, 0x58, 0x25, 0xe8, 0x00,
    0x18, 0x66, 0xf8, 0x5d, 0x16, 0x7e, 0x16, 0x76, 0x36, 0x7e, 0x37, 0x86, 0x36, 0x86, 0x16, 0x7e,
    0x36, 0x86, 0x55, 0x8e, 0x75, 0xa6, 0x76, 0x9e, 0x94, 0xbe, 0x75, 0x9e, 0x74, 0xae, 0x95, 0xb6,
    0x75, 0x9e, 0x75, 0xa6, 0x96, 0xa6, 0xf6, 0x6d, 0x97, 0x35, 0xb8, 0x35, 0x98, 0x35, 0x98, 0x35,
    0x98, 0x2d, 0x98, 0x35, 0xb8, 0x35, 0xb8, 0x35, 0x37, 0x66, 0x18, 0x5e, 0x57, 0x76, 0xf6, 0x6d,
    0x37, 0x7e, 0xb7, 0x4d, 0xd7, 0x55, 0xb7, 0x45, 0xb6, 0x4d, 0xd7, 0x55, 0x98, 0x35, 0x98, 0x35,
    0x98, 0x35, 0x98, 0x2d, 0xb8, 0x35, 0x98, 0x2d, 0x98, 0x2d, 0x98, 0x35, 0x98, 0x2d, 0x98, 0x2d,
    0x78, 0x2d, 0x98, 0x2d, 0x98, 0x2d, 0x98, 0x2d, 0x98, 0x2d, 0xd8, 0x4d, 0xb8, 0x45, 0xd7, 0x45,
    0x97, 0x45, 0x97, 0x45, 0xb6, 0x3d, 0xb6, 0x4d, 0xb7, 0x4d, 0xd7, 0x55, 0x98, 0x2d, 0x98, 0x35,
    0x78, 0x2d, 0x78, 0x2d, 0x98, 0x2d, 0x98, 0x35, 0x98, 0x2d, 0x98, 0x2d, 0x98, 0x2d, 0x98, 0x2d,
    0x98, 0x2d, 0x98, 0x2d, 0x98, 0x2d, 0x98, 0x2d, 0x78, 0x2d, 0x98, 0x2d, 0x78, 0x2d, 0x98, 0x2d,
    0x97, 0x2d, 0x98, 0x2d, 0x98, 0x2d, 0x98, 0x2d, 0x98, 0x2d, 0x98, 0x2d, 0x96, 0x55, 0x15, 0x86,
    0x54, 0xa6, 0x94, 0xb6, 0x95, 0xb6, 0x74, 0xae, 0x94, 0xb6, 0x76, 0x9e, 0x16, 0x7e, 0x36, 0x86,
    0x16, 0x7e, 0x36, 0x86, 0x16, 0x7e, 0xf6, 0x7d, 0x56, 0x8e, 0x36, 0x86, 0x56, 0x96, 0x76, 0x9e,
    0xd6, 0x75, 0xf6, 0x7d, 0x16, 0x7e, 0xf6, 0x7d, 0xf6, 0x7d, 0xf6, 0x75, 0xd6, 0x75, 0xf6, 0x75,
    0xd6, 0x75, 0x97, 0x55, 0x77, 0x3d, 0x77, 0x3d, 0xd6, 0x6d, 0xd6, 0x65, 0xd7, 0x65, 0xb7, 0x65,
    0xb7, 0x55, 0xd7, 0x4d, 0xd8, 0x55, 0xb7, 0x4d, 0x78, 0x25, 0x78, 0x25, 0x78, 0x25, 0x09, 0x01,
    0xb8, 0x35, 0xb8, 0x3d, 0x98, 0x2d, 0xb8, 0x35, 0xb8, 0x35, 0xd8, 0x45, 0xb8, 0x35, 0xd8, 0x3d,
    0xd7, 0x5d, 0x17, 0x76, 0x37, 0x86, 0x95, 0xa6, 0x75, 0x9e, 0x56, 0x8e, 0x95, 0xae, 0x93, 0xbe,
    0x94, 0xae, 0x74, 0xae, 0x94, 0xb6, 0x94, 0xbe, 0x56, 0x8e, 0xb8, 0x35, 0x98, 0x35, 0xb8, 0x3d,
    0x98, 0x35, 0xb8, 0x35, 0xb8, 0x35, 0xb8, 0x3d, 0xb8, 0x35, 0xb8, 0x35, 0x98, 0x2d, 0xb8, 0x35,
    0xb8, 0x35, 0xb8, 0x35, 0xb8, 0x35, 0xb8, 0x35, 0xd8, 0x35, 0xd8, 0x4d, 0x16, 0x86, 0xb8, 0x2d,
    0xb8, 0x35, 0x98, 0x35, 0x98, 0x35, 0xb8, 0x35, 0xb7, 0x35, 0xb8, 0x35, 0xb8, 0x35, 0xb8, 0x35,
    0x98, 0x35, 0x98, 0x2d, 0x98, 0x2d, 0xb8, 0x35, 0x98, 0x2d, 0xb8, 0x35, 0xb8, 0x35, 0xb8, 0x2d,
    0xb8, 0x2d, 0xb8, 0x2d, 0xf8, 0x4d, 0xb8, 0x2d, 0x98, 0x2d, 0x17, 0x6e, 0xf6, 0x7d, 0x36, 0x7e,
    0xf6, 0x7d, 0xd6, 0x65, 0x17, 0x76, 0x98, 0x2d, 0xb8, 0x35, 0xb8, 0x35, 0xb8, 0x35, 0xb8, 0x35,
    0x98, 0x35, 0x98, 0x2d, 0x98, 0x2d, 0x98, 0x2d, 0x98, 0x35, 0x98, 0x2d, 0xb8, 0x35, 0x98, 0x2d,
    0x98, 0x35, 0xb8, 0x2d, 0x97, 0x35, 0xb8, 0x35, 0xb8, 0x35, 0x15, 0x2d, 0x94, 0xbe, 0x56, 0x96,
    0x94, 0xae, 0x94, 0xb6, 0x94, 0xb6, 0x94, 0xb6, 0x36, 0x86, 0x36, 0x86, 0x16, 0x7e, 0x36, 0x7e,
    0x56, 0x86, 0x36, 0x7e, 0x16, 0x7e, 0x16, 0x7e, 0x36, 0x86, 0x36, 0x7e, 0x36, 0x86, 0x36, 0x86,
    0x16, 0x7e, 0x16, 0x76, 0xf6, 0x75, 0xf6, 0x75, 0x16, 0x7e, 0xf6, 0x75, 0xf6, 0x75, 0xf6, 0x75,
    0xf6, 0x75, 0xf7, 0x75, 0xd6, 0x6d, 0xd7, 0x75, 0x97, 0x4d, 0xb8, 0x3d, 0x97, 0x3d, 0x78, 0x25,
    0x78, 0x25, 0x78, 0x2d, 0x78, 0x25, 0x78, 0x25, 0x78, 0x2d, 0x78, 0x25, 0x78, 0x25, 0x09, 0x01,
    0xb8, 0x3d, 0x98, 0x3d, 0xb8, 0x35, 0xb8, 0x3d, 0xb8, 0x3d, 0xb8, 0x3d, 0xb8, 0x3d, 0xb8, 0x3d,
    0xb8, 0x3d, 0xb8, 0x3d, 0xb8, 0x3d, 0xd7, 0x45, 0xf6, 0x6d, 0x93, 0xbe, 0x36, 0x8e, 0x36, 0x86,
    0x94, 0xae, 0x95, 0xb6, 0x95, 0xae, 0x94, 0xb6, 0x95, 0xb6, 0x17, 0x7e, 0xb8, 0x3d, 0xb8, 0x3d,
    0xb8, 0x35, 0xb8, 0x3d, 0xb8, 0x35, 0xb8, 0x35, 0xb8, 0x35, 0xd8, 0x3d, 0xb8, 0x3d, 0xb8, 0x35,
    0xb8, 0x3d, 0xb8, 0x3d, 0xb8, 0x35, 0xb8, 0x35, 0xb8, 0x3d, 0xd8, 0x3d, 0xb8, 0x3d, 0xd8, 0x3d,
    0xb8, 0x35, 0xd8, 0x3d, 0xb8, 0x35, 0xb8, 0x3d, 0x98, 0x35, 0xb8, 0x35, 0x98, 0x35, 0xb8, 0x35,
    0xd8, 0x3d, 0x98, 0x2d, 0xb8, 0x35, 0xb8, 0x35, 0xb8, 0x35, 0x98, 0x2d, 0xb8, 0x35, 0xb8, 0x35,
    0xb8, 0x35, 0xd7, 0x3d, 0xb7, 0x3d, 0xd7, 0x3d, 0xb8, 0x35, 0xb8, 0x35, 0xb8, 0x35, 0x98, 0x35,
    0xb8, 0x35, 0xb8, 0x35, 0x98, 0x35, 0xd7, 0x3d, 0xd8, 0x35, 0x98, 0x2d, 0xb8, 0x35, 0x98, 0x2d,
    0xb8, 0x35, 0xb8, 0x3d, 0x98, 0x2d, 0xb8, 0x35, 0x98, 0x35, 0xb8, 0x35, 0xb8, 0x35, 0xb8, 0x35,
    0xb8, 0x35, 0xb8, 0x35, 0x98, 0x35, 0xb7, 0x3d, 0xb8, 0x35, 0x76, 0x3d, 0x95, 0xa6, 0x94, 0xb6,
    0xb5, 0xb6, 0x16, 0x86, 0x95, 0xa6, 0x75, 0x96, 0x75, 0x9e, 0x75, 0x9e, 0x56, 0x8e, 0x36, 0x7e,
    0x36, 0x86, 0x56, 0x86, 0x36, 0x86, 0x36, 0x7e, 0x36, 0x86, 0x36, 0x86, 0x16, 0x7e, 0x16, 0x7e,
    0x16, 0x7e, 0x16, 0x7e, 0xd6, 0x75, 0x16, 0x7e, 0xf6, 0x75, 0x16, 0x7e, 0xf6, 0x75, 0xf6, 0x65,
    0xf6, 0x75, 0x17, 0x6e, 0x98, 0x2d, 0x98, 0x2d, 0x78, 0x25, 0x78, 0x2d, 0x78, 0x2d, 0x98, 0x2d,
    0x78, 0x2d, 0x78, 0x25, 0x78, 0x2d, 0x98, 0x2d, 0x78, 0x25, 0x78, 0x25, 0x78, 0x2d, 0xe8, 0x00,
    0xd8, 0x45, 0xd8, 0x45, 0xb8, 0x3d, 0xd8, 0x45, 0xd8, 0x45, 0xd8, 0x45, 0xb8, 0x45, 0xb8, 0x45,
    0xb8, 0x3d, 0xd8, 0x45, 0xb8, 0x3d, 0xd8, 0x45, 0xd8, 0x45, 0xb8, 0x3d, 0x97, 0x3d, 0x97, 0x35,
    0x97, 0x3d, 0x97, 0x3d, 0x77, 0x35, 0x57, 0x35, 0xb6, 0x55, 0x56, 0x8e, 0xb7, 0xa6, 0x16, 0xc7,
    0xf7, 0xb6, 0x16, 0xbf, 0x16, 0xc7, 0x18, 0x4e, 0x57, 0xc7, 0xd8, 0x4d, 0xd8, 0x45, 0xd8, 0x3d,
    0xb8, 0x3d, 0xd8, 0x45, 0xd8, 0x45, 0xb8, 0x3d, 0xb8, 0x3d, 0xb8, 0x35, 0xb8, 0x35, 0xd7, 0x45,
    0xd8, 0x45, 0xb8, 0x35, 0xb8, 0x35, 0xb8, 0x35, 0xb8, 0x3d, 0xb8, 0x35, 0xb8, 0x3d, 0xb8, 0x3d,
    0xb8, 0x2d, 0xb8, 0x35, 0xb8, 0x35, 0xb8, 0x35, 0xb8, 0x35, 0xb8, 0x35, 0xb8, 0x35, 0xd8, 0x3d,
    0xb8, 0x35, 0x98, 0x35, 0xb8, 0x3d, 0xd8, 0x3d, 0xd8, 0x3d, 0xb8, 0x35, 0xd8, 0x3d, 0xb8, 0x35,
    0xd8, 0x3d, 0xb8, 0x3d, 0xb8, 0x35, 0xb8, 0x3d, 0x98, 0x35, 0xf8, 0x45, 0xb8, 0x3d, 0xb8, 0x35,
    0x98, 0x2d, 0xb8, 0x35, 0x98, 0x35, 0xb8, 0x35, 0xf7, 0x5d, 0xf7, 0xae, 0x17, 0xb7, 0x37, 0xbf,
    0xf7, 0xa6, 0xb7, 0x9e, 0x18, 0x5e, 0xf7, 0x65, 0x97, 0x96, 0x96, 0x96, 0xd5, 0xbe, 0xb5, 0xbe,
    0xb5, 0xb6, 0x75, 0xa6, 0xb5, 0xb6, 0xd6, 0xb6, 0x16, 0x7e, 0x16, 0x76, 0x36, 0x7e, 0x36, 0x86,
    0x16, 0x76, 0x16, 0x7e, 0x16, 0x76, 0x16, 0x7e, 0x37, 0x7e, 0x36, 0x35, 0x37, 0x1d, 0x98, 0x35,
    0x98, 0x2d, 0xb8, 0x35, 0x98, 0x2d, 0x98, 0x2d, 0x98, 0x2d, 0xb8, 0x35, 0x98, 0x35, 0x98, 0x2d,
    0xb8, 0x2d, 0x98, 0x2d, 0x98, 0x2d, 0x98, 0x2d, 0x98, 0x2d, 0x98, 0x35, 0xb8, 0x35, 0x98, 0x2d,
    0x98, 0x2d, 0x98, 0x2d, 0x98, 0x35, 0x98, 0x2d, 0x98, 0x35, 0x98, 0x35, 0x98, 0x2d, 0xe8, 0x00,
    0xb8, 0x45, 0xd8, 0x45, 0xd8, 0x4d, 0xd8, 0x45, 0xd8, 0x4d, 0xd8, 0x45, 0xd7, 0x4d, 0xb8, 0x45,
    0xd8, 0x4d, 0xb8, 0x45, 0xd8, 0x45, 0xd8, 0x45, 0xd8, 0x45, 0xd8, 0x45, 0xd8, 0x45, 0xd8, 0x45,
    0xb8, 0x45, 0xd8, 0x45, 0xd8, 0x45, 0xb8, 0x3d, 0xb8, 0x3d, 0xd8, 0x3d, 0xb8, 0x3d, 0xd7, 0xa6,
    0x94, 0xbe, 0x94, 0xb6, 0xd5, 0xb6, 0x94, 0xb6, 0x95, 0xb6, 0x75, 0x96, 0xd8, 0x4d, 0xd8, 0x3d,
    0xb8, 0x3d, 0xd8, 0x3d, 0xf8, 0x45, 0xd8, 0x45, 0xb8, 0x35, 0xb8, 0x3d, 0xb8, 0x3d, 0xb8, 0x35,
    0xb8, 0x3d, 0xb8, 0x3d, 0xb8, 0x35, 0xd7, 0x3d, 0xb8, 0x35, 0xb8, 0x35, 0xb8, 0x3d, 0xd8, 0x3d,
    0xb8, 0x35, 0xd8, 0x3d, 0xb7, 0x3d, 0xb8, 0x3d, 0xd7, 0x3d, 0xb8, 0x35, 0xd8, 0x45, 0xb8, 0x35,
    0xb8, 0x3d, 0xb8, 0x35, 0xd8, 0x45, 0xb8, 0x3d, 0xb8, 0x35, 0xb8, 0x35, 0xb8, 0x35, 0x98, 0x2d,
    0x98, 0x35, 0xb8, 0x35, 0xb8, 0x3d, 0xb8, 0x35, 0xd7, 0x3d, 0xb8, 0x3d, 0xd8, 0x3d, 0xb8, 0x3d,
    0xb8, 0x3d, 0xb8, 0x3d, 0xb8, 0x35, 0x95, 0xa6, 0x95, 0xa6, 0x75, 0xa6, 0x94, 0xb6, 0x94, 0xbe,
    0x94, 0xbe, 0x75, 0x9e, 0x95, 0xae, 0x55, 0x96, 0x16, 0x7e, 0x16, 0x7e, 0x56, 0x8e, 0x95, 0xa6,
    0x96, 0xa6, 0x56, 0x8e, 0x16, 0x76, 0x37, 0x76, 0x98, 0x35, 0xb8, 0x35, 0xb8, 0x35, 0xb8, 0x35,
    0xb8, 0x35, 0xb8, 0x35, 0xb8, 0x35, 0xb8, 0x35, 0xb8, 0x35, 0xb8, 0x3d, 0x98, 0x35, 0x98, 0x35,
    0xb8, 0x3d, 0x98, 0x2d, 0xd8, 0x35, 0xb8, 0x35, 0xb8, 0x35, 0x98, 0x35, 0xb8, 0x35, 0xb8, 0x35,
    0x98, 0x2d, 0x98, 0x35, 0x98, 0x2d, 0x98, 0x2d, 0xb8, 0x35, 0x98, 0x2d, 0x98, 0x2d, 0x98, 0x35,
    0x98, 0x2d, 0x98, 0x35, 0x98, 0x2d, 0x98, 0x35, 0xb8, 0x35, 0x98, 0x35, 0xb8, 0x35, 0xe8, 0x00,
    0xd7, 0x4d, 0xd8, 0x45, 0xd8, 0x4d, 0xd8, 0x4d, 0xd8, 0x4d, 0xd8, 0x4d, 0xd8, 0x4d, 0xd8, 0x4d,
    0xd8, 0x45, 0xd8, 0x4d, 0xd8, 0x45, 0xd8, 0x45, 0xd7, 0x45, 0xd8, 0x4d, 0xd8, 0x45, 0xd8, 0x45,
    0xd8, 0x4d, 0xd8, 0x45, 0xf7, 0x4d, 0xd7, 0x45, 0xd8, 0x45, 0xd8, 0x45, 0xf7, 0x4d, 0xd8, 0x45,
    0xd8, 0x45, 0x17, 0x66, 0xf7, 0x6d, 0xd4, 0xc6, 0xd4, 0xc6, 0x95, 0xae, 0x36, 0x86, 0xb3, 0xc6,
    0x77, 0x8e, 0x98, 0x35, 0xd7, 0x45, 0xb8, 0x35, 0xd7, 0x3d, 0xb7, 0x3d, 0xd7, 0x45, 0x97, 0x3d,
    0xb7, 0x3d, 0xd8, 0x3d, 0xf7, 0x4d, 0xd8, 0x3d, 0xd8, 0x3d, 0xb8, 0x3d, 0xb8, 0x3d, 0xb8, 0x3d,
    0xd8, 0x3d, 0xb8, 0x45, 0xd8, 0x45, 0xd7, 0x45, 0xd8, 0x3d, 0xd7, 0x45, 0xb8, 0x3d, 0xb8, 0x35,
    0xb8, 0x35, 0xd7, 0x45, 0xd8, 0x3d, 0xb8, 0x3d, 0xd8, 0x3d, 0xd8, 0x35, 0xb8, 0x3d, 0xb8, 0x3d,
    0xb8, 0x3d, 0xb8, 0x3d, 0xb8, 0x3d, 0xb8, 0x3d, 0xd7, 0x45, 0xb8, 0x3d, 0xd8, 0x45, 0xb8, 0x3d,
    0xd8, 0x3d, 0xd6, 0x65, 0x36, 0x8e, 0x75, 0x9e, 0x75, 0xa6, 0x94, 0xb6, 0x35, 0x86, 0x75, 0x9e,
    0xb5, 0xb6, 0x76, 0x9e, 0x95, 0x9e, 0x56, 0x8e, 0x56, 0x8e, 0x56, 0x86, 0x57, 0x86, 0x76, 0x8e,
    0x57, 0x8e, 0x57, 0x86, 0xd7, 0x45, 0x98, 0x35, 0xd8, 0x3d, 0xd7, 0x45, 0xd8, 0x3d, 0xd8, 0x3d,
    0xd8, 0x3d, 0xb8, 0x35, 0xd8, 0x3d, 0xb8, 0x35, 0xb8, 0x3d, 0xb8, 0x3d, 0x98, 0x35, 0xb8, 0x3d,
    0xb8, 0x3d, 0xd8, 0x3d, 0x5b, 0x4e, 0x75, 0x5d, 0x3b, 0x26, 0x1a, 0x2e, 0x1a, 0x2e, 0xf9, 0x3d,
    0x98, 0x35, 0xb8, 0x35, 0x98, 0x35, 0x98, 0x35, 0xb8, 0x35, 0xb8, 0x35, 0xb8, 0x35, 0xb8, 0x35,
    0xb8, 0x35, 0xb8, 0x35, 0xb8, 0x35, 0xb8, 0x35, 0x98, 0x35, 0xb8, 0x35, 0xb8, 0x35, 0xe8, 0x00,
    0xd7, 0x4d, 0xf8, 0x4d, 0xd7, 0x55, 0x37, 0x76, 0x17, 0x66, 0xf8, 0x4d, 0xf7, 0x55, 0xd8, 0x4d,
    0xd8, 0x4d, 0xf8, 0x4d, 0xd7, 0x4d, 0xd8, 0x4d, 0xd8, 0x4d, 0xf8, 0x4d, 0xd8, 0x4d, 0xf8, 0x4d,
    0xd8, 0x4d, 0xf8, 0x4d, 0xf7, 0x4d, 0xf8, 0x55, 0xf7, 0x55, 0xf8, 0x4d, 0xd7, 0x4d, 0xf8, 0x55,
    0xd8, 0x4d, 0xf8, 0x4d, 0xf8, 0x4d, 0xf7, 0x55, 0xd7, 0x45, 0x96, 0x3d, 0x96, 0x3d, 0xb6, 0x45,
    0x96, 0x45, 0xb6, 0x4d, 0xb7, 0x3d, 0xd7, 0x4d, 0xf7, 0x45, 0x97, 0x45, 0x37, 0x76, 0xd6, 0x5d,
    0xb6, 0x55, 0x77, 0x8e, 0x98, 0x8e, 0x77, 0x86, 0x77, 0x86, 0xd8, 0x4d, 0xd7, 0x4d, 0xf8, 0x45,
    0xf8, 0x45, 0xd8, 0x45, 0xd7, 0x45, 0xd8, 0x45, 0xd8, 0x45, 0xd7, 0x45, 0xd8, 0x45, 0xf7, 0x4d,
    0xb8, 0x3d, 0xd8, 0x45, 0xd8, 0x45, 0xb8, 0x3d, 0xd7, 0x45, 0xd8, 0x3d, 0xd8, 0x45, 0xd7, 0x45,
    0xd8, 0x3d, 0xf7, 0x45, 0xd8, 0x45, 0xf8, 0x45, 0xd8, 0x45, 0xf7, 0x55, 0x58, 0x76, 0x77, 0x8e,
    0xf6, 0xb6, 0xb5, 0xb6, 0x94, 0xb6, 0x35, 0x8e, 0x75, 0xae, 0xb4, 0xbe, 0x75, 0xa6, 0x15, 0x86,
    0x36, 0x86, 0x36, 0x86, 0xb6, 0x45, 0x97, 0x35, 0x97, 0x35, 0x97, 0x3d, 0xd8, 0x3d, 0xd7, 0x45,
    0xd8, 0x3d, 0xd8, 0x45, 0xd8, 0x3d, 0xf8, 0x45, 0xb8, 0x3d, 0xb8, 0x3d, 0xb8, 0x45, 0xd8, 0x45,
    0xb8, 0x3d, 0xb8, 0x35, 0xb8, 0x3d, 0xd7, 0x45, 0xf8, 0x45, 0xd8, 0x45, 0xd8, 0x3d, 0xd7, 0x45,
    0xa4, 0x8a, 0xe4, 0x9a, 0x85, 0xb3, 0x86, 0xb3, 0x06, 0x5a, 0x25, 0x62, 0x65, 0x7a, 0x44, 0x82,
    0xd8, 0x3d, 0xb8, 0x3d, 0x98, 0x35, 0xb8, 0x3d, 0xb8, 0x3d, 0xb8, 0x3d, 0xb8, 0x3d, 0xd8, 0x3d,
    0xb8, 0x3d, 0xd8, 0x3d, 0xb7, 0x3d, 0xb8, 0x35, 0xb8, 0x3d, 0xb8, 0x35, 0xb8, 0x35, 0xe8, 0x00,
    0xd7, 0x4d, 0xf7, 0x55, 0xd7, 0x55, 0xd7, 0x4d, 0xf7, 0x65, 0x77, 0x8e, 0x56, 0x8e, 0x36, 0x86,
    0x56, 0x8e, 0x35, 0x8e, 0x16, 0x7e, 0xd8, 0x4d, 0xd8, 0x4d, 0xf8, 0x55, 0xf8, 0x55, 0xf8, 0x55,
    0xf7, 0x55, 0xd7, 0x4d, 0xd8, 0x4d, 0xd7, 0x4d, 0xd8, 0x4d, 0xf8, 0x4d, 0xd8, 0x4d, 0xf8, 0x4d,
    0xf7, 0x55, 0xf8, 0x55, 0xd8, 0x4d, 0xf8, 0x4d, 0xf7, 0x55, 0xf8, 0x55, 0xf7, 0x55, 0xf7, 0x55,
    0xf8, 0x4d, 0xd8, 0x4d, 0xd7, 0x4d, 0xf7, 0x55, 0xf7, 0x4d, 0xf7, 0x4d, 0xd7, 0x4d, 0xf8, 0x4d,
    0xd8, 0x4d, 0xf7, 0x4d, 0xf8, 0x4d, 0xf8, 0x45, 0x16, 0x7e, 0x36, 0x7e, 0xf7, 0x65, 0xd8, 0x4d,
    0xf8, 0x4d, 0xd7, 0x4d, 0xd8, 0x4d, 0xd8, 0x45, 0xd8, 0x45, 0xd8, 0x45, 0xf7, 0x45, 0xd7, 0x45,
    0xd8, 0x45, 0xf8, 0x4d, 0xd8, 0x45, 0x17, 0x4e, 0xd8, 0x45, 0xd8, 0x4d, 0xd8, 0x45, 0xf8, 0x45,
    0x77, 0x86, 0x17, 0x76, 0x36, 0x86, 0xd6, 0xb6, 0x37, 0x76, 0x56, 0x8e, 0xb5, 0xae, 0x95, 0xae,
    0x95, 0xa6, 0x76, 0x96, 0x37, 0x86, 0x36, 0x86, 0x37, 0x7e, 0x17, 0x7e, 0x16, 0x6e, 0xf8, 0x4d,
    0xd8, 0x45, 0xd8, 0x45, 0xd8, 0x45, 0xd8, 0x45, 0xd8, 0x45, 0xf7, 0x45, 0xd8, 0x45, 0xf7, 0x4d,
    0xd8, 0x3d, 0xd8, 0x45, 0xb8, 0x3d, 0xf8, 0x45, 0xf8, 0x45, 0xd8, 0x45, 0xd8, 0x45, 0xd8, 0x3d,
    0xd8, 0x45, 0xd8, 0x45, 0xb7, 0x3d, 0xb7, 0x3d, 0xb8, 0x45, 0xd7, 0x3d, 0xf8, 0x45, 0x0a, 0x8c,
    0x04, 0xa3, 0x85, 0xb3, 0xa5, 0xbb, 0xc4, 0x92, 0x06, 0x62, 0x06, 0x5a, 0x26, 0x62, 0x65, 0x7a,
    0x65, 0x7a, 0x44, 0x82, 0xf8, 0x3d, 0xb8, 0x3d, 0x98, 0x3d, 0xb8, 0x3d, 0xb7, 0x3d, 0xb8, 0x3d,
    0xd8, 0x3d, 0xb8, 0x3d, 0xb8, 0x3d, 0xb8, 0x35, 0xb8, 0x35, 0xd7, 0x3d, 0xb8, 0x3d, 0xe8, 0x00,
    0xf7, 0x55, 0xd7, 0x55, 0xf7, 0x55, 0xf7, 0x55, 0xd7, 0x55, 0xb7, 0x55, 0xf7, 0x5d, 0xf7, 0x55,
    0xd7, 0x55, 0xf7, 0x5d, 0x97, 0x96, 0xd7, 0x9e, 0x76, 0x96, 0x97, 0x3d, 0xb7, 0x4d, 0xd7, 0x55,
    0xf7, 0x55, 0xd7, 0x4d, 0x95, 0xae, 0x95, 0xa6, 0x75, 0x45, 0x96, 0x4d, 0xb7, 0x4d, 0xb6, 0x4d,
    0xb7, 0x4d, 0xb6, 0x55, 0xf7, 0x55, 0x17, 0x56, 0xd7, 0x4d, 0xf8, 0x55, 0xf7, 0x55, 0xf8, 0x4d,
    0xf7, 0x55, 0xf7, 0x55, 0xf7, 0x55, 0xf8, 0x4d, 0x17, 0x56, 0xf8, 0x55, 0x17, 0x56, 0xf8, 0x4d,
    0xf7, 0x55, 0xd7, 0x4d, 0x17, 0x56, 0xf7, 0x55, 0xf7, 0x4d, 0xf7, 0x55, 0xf7, 0x55, 0x57, 0x7e,
    0x57, 0x7e, 0x37, 0x66, 0xd8, 0x4d, 0xf7, 0x4d, 0xf7, 0x4d, 0xf7, 0x55, 0xf7, 0x55, 0x37, 0x7e,
    0x77, 0x86, 0x97, 0x9e, 0x77, 0x8e, 0x97, 0x96, 0x57, 0x86, 0xd8, 0x45, 0x56, 0x8e, 0x57, 0x8e,
    0x97, 0x96, 0x77, 0x8e, 0x97, 0x96, 0x97, 0x96, 0x77, 0x86, 0x97, 0x8e, 0x15, 0x76, 0x96, 0x9e,
    0xf8, 0x4d, 0xd8, 0x45, 0xd7, 0x4d, 0xf7, 0x4d, 0xd7, 0x4d, 0xd8, 0x45, 0xb8, 0x3d, 0xf7, 0x4d,
    0xf8, 0x4d, 0xd8, 0x45, 0xd7, 0x45, 0xd8, 0x45, 0xd8, 0x45, 0xf8, 0x4d, 0xd8, 0x45, 0xf7, 0x45,
    0xd8, 0x45, 0xf7, 0x4d, 0xf8, 0x45, 0xd7, 0x45, 0xf7, 0x4d, 0xd8, 0x45, 0xf8, 0x4d, 0xd8, 0x45,
    0xd8, 0x45, 0xb8, 0x45, 0x3a, 0x4e, 0xd6, 0x6d, 0x04, 0xa3, 0x65, 0xab, 0x04, 0xa3, 0x24, 0xab,
    0x65, 0xb3, 0x85, 0xb3, 0xe4, 0xa2, 0xe4, 0x9a, 0x86, 0x7a, 0x05, 0x5a, 0x06, 0x5a, 0x26, 0x5a,
    0x46, 0x72, 0x65, 0x7a, 0x45, 0x7a, 0xdb, 0x4e, 0x7a, 0x5e, 0xd8, 0x45, 0xd8, 0x45, 0xb8, 0x45,
    0xd7, 0x45, 0xb8, 0x45, 0xd7, 0x3d, 0xd7, 0x3d, 0xd8, 0x3d, 0xb8, 0x3d, 0xb8, 0x3d, 0xe8, 0x00,
    0x17, 0x5e, 0xf7, 0x55, 0xf7, 0x5d, 0xf7, 0x5d, 0xf7, 0x5d, 0xd7, 0x55, 0xf7, 0x5d, 0xd7, 0x55,
    0xd7, 0x55, 0xf7, 0x5d, 0xf7, 0x5d, 0xf7, 0x5d, 0xd6, 0x55, 0xb5, 0x55, 0xd6, 0x55, 0xf7, 0x5d,
    0xf7, 0x65, 0xf7, 0x5d, 0xd6, 0x5d, 0x95, 0x5d, 0x15, 0x7e, 0x75, 0x9e, 0x96, 0xa6, 0x95, 0xae,
    0x95, 0xb6, 0xb5, 0xb6, 0x16, 0xbf, 0x17, 0xb7, 0x17, 0xb7, 0x17, 0xbf, 0x17, 0x5e, 0xf7, 0x55,
    0xf7, 0x55, 0x17, 0x5e, 0x17, 0x56, 0xf7, 0x55, 0x17, 0x56, 0xf7, 0x4d, 0xf7, 0x55, 0x17, 0x56,
    0xf7, 0x4d, 0xd7, 0x4d, 0x17, 0x56, 0xf7, 0x55, 0xf7, 0x55, 0xf7, 0x4d, 0xf7, 0x55, 0xf7, 0x55,
    0xf7, 0x55, 0xf8, 0x4d, 0xf7, 0x4d, 0xf8, 0x55, 0xf7, 0x4d, 0xf7, 0x4d, 0xf7, 0x4d, 0x17, 0x56,
    0xd7, 0x4d, 0xd7, 0x4d, 0xf7, 0x4d, 0xf7, 0x55, 0xf7, 0x4d, 0xf8, 0x4d, 0xd7, 0x4d, 0xd7, 0x4d,
    0xf7, 0x4d, 0x17, 0x56, 0xd7, 0x4d, 0xf8, 0x4d, 0xd8, 0x4d, 0x17, 0x56, 0xd7, 0x4d, 0xf7, 0x55,
    0xf7, 0x4d, 0xf7, 0x4d, 0xf7, 0x4d, 0xf7, 0x4d, 0xf7, 0x4d, 0xf8, 0x4d, 0xf8, 0x4d, 0xf7, 0x55,
    0xf7, 0x55, 0xf7, 0x4d, 0xf7, 0x4d, 0xf8, 0x4d, 0xf7, 0x4d, 0xd7, 0x4d, 0xd7, 0x45, 0xd7, 0x45,
    0xd8, 0x45, 0xf7, 0x4d, 0xf7, 0x4d, 0xf7, 0x4d, 0xf7, 0x4d, 0xd8, 0x4d, 0xd8, 0x4d, 0xd7, 0x4d,
    0xc3, 0x9a, 0xe5, 0x9a, 0x24, 0xa3, 0x85, 0xb3, 0x65, 0xb3, 0x24, 0xab, 0x44, 0xab, 0x24, 0xab,
    0xe3, 0xa2, 0xe4, 0x9a, 0xe5, 0x9a, 0x05, 0x6a, 0x46, 0x72, 0x46, 0x6a, 0x46, 0x6a, 0x26, 0x62,
    0x26, 0x62, 0x06, 0x5a, 0x46, 0x72, 0x65, 0x72, 0xa5, 0x7a, 0xc3, 0x61, 0xd7, 0x45, 0xd8, 0x45,
    0xd7, 0x45, 0xb8, 0x45, 0xd7, 0x45, 0xb8, 0x45, 0xd8, 0x45, 0xd8, 0x45, 0xb7, 0x45, 0x08, 0x01,
    0xf7, 0x55, 0x17, 0x5e, 0xf7, 0x55, 0x17, 0x66, 0xd7, 0x5d, 0xf7, 0x5d, 0xf7, 0x5d, 0xf7, 0x5d,
    0xf7, 0x5d, 0x17, 0x66, 0xf7, 0x5d, 0xf7, 0x5d, 0xf7, 0x5d, 0x17, 0x5e, 0x17, 0x5e, 0x17, 0x66,
    0xf7, 0x5d, 0xf7, 0x5d, 0x17, 0x5e, 0xf7, 0x5d, 0xf7, 0x55, 0xf7, 0x5d, 0xf7, 0x5d, 0x17, 0x66,
    0x16, 0x6e, 0x37, 0x7e, 0x57, 0x86, 0x36, 0x86, 0x56, 0x8e, 0x94, 0xbe, 0x77, 0x96, 0x96, 0xa6,
    0x37, 0x86, 0x17, 0x56, 0xf7, 0x5d, 0x17, 0x5e, 0x18, 0x56, 0xf7, 0x55, 0x17, 0x5e, 0xf7, 0x55,
    0xf7, 0x55, 0x17, 0x5e, 0x17, 0x56, 0xf7, 0x55, 0x17, 0x5e, 0x17, 0x5e, 0xf8, 0x4d, 0xf7, 0x5d,
    0x76, 0x9e, 0x57, 0x8e, 0x56, 0x8e, 0x57, 0x96, 0x36, 0x8e, 0x37, 0x7e, 0xf8, 0x4d, 0x17, 0x6e,
    0x17, 0x56, 0xf7, 0x4d, 0x17, 0x56, 0xf7, 0x4d, 0xf7, 0x55, 0xf7, 0x55, 0xf7, 0x4d, 0xf7, 0x55,
    0x17, 0x56, 0xf8, 0x4d, 0xf7, 0x4d, 0xf7, 0x4d, 0xf7, 0x55, 0xf8, 0x4d, 0xf7, 0x55, 0x17, 0x56,
    0xf7, 0x4d, 0xf7, 0x55, 0x17, 0x56, 0x17, 0x56, 0xf8, 0x4d, 0xf8, 0x55, 0xf7, 0x55, 0xf7, 0x55,
    0xf7, 0x55, 0xf8, 0x4d, 0xf7, 0x4d, 0xf7, 0x4d, 0xf7, 0x4d, 0xf7, 0x4d, 0xd7, 0x4d, 0xf8, 0x4d,
    0xf8, 0x4d, 0xf7, 0x55, 0xd8, 0x45, 0xf7, 0x4d, 0xd7, 0x4d, 0xf7, 0x4d, 0x7a, 0x5e, 0x24, 0xa3,
    0x65, 0xb3, 0x44, 0xab, 0x65, 0xb3, 0x24, 0xab, 0x04, 0xa3, 0x04, 0xa3, 0xe4, 0xa2, 0x24, 0xa3,
    0xe4, 0x9a, 0xe4, 0x9a, 0xc4, 0x9a, 0x26, 0x62, 0x65, 0x72, 0x65, 0x7a, 0x45, 0x6a, 0x26, 0x62,
    0x06, 0x5a, 0x26, 0x5a, 0x26, 0x62, 0x46, 0x72, 0x65, 0x72, 0x65, 0x72, 0x85, 0x7a, 0x23, 0x82,
    0xf8, 0x45, 0xd8, 0x45, 0xf7, 0x4d, 0xd7, 0x45, 0xf7, 0x4d, 0xd8, 0x4d, 0xd7, 0x45, 0xe8, 0x00,
    0xf7, 0x5d, 0xf6, 0x65, 0xf7, 0x5d, 0x17, 0x5e, 0xf7, 0x5d, 0xf7, 0x5d, 0x17, 0x66, 0xf7, 0x5d,
    0xf7, 0x65, 0xf7, 0x5d, 0x17, 0x5e, 0x17, 0x5e, 0x17, 0x5e, 0xf7, 0x5d, 0xf7, 0x5d, 0xf7, 0x5d,
    0x17, 0x5e, 0xf7, 0x5d, 0xf7, 0x5d, 0x17, 0x5e, 0xf7, 0x5d, 0x17, 0x5e, 0xf7, 0x5d, 0xf7, 0x5d,
    0x17, 0x5e, 0x17, 0x5e, 0x17, 0x66, 0xf7, 0x5d, 0x17, 0x66, 0x17, 0x66, 0xd7, 0x5d, 0x17, 0x6e,
    0x17, 0x6e, 0x37, 0x76, 0xf7, 0x5d, 0xf7, 0x5d, 0x17, 0x5e, 0xf7, 0x5d, 0xf7, 0x5d, 0x17, 0x5e,
    0x17, 0x5e, 0xf7, 0x55, 0xf7, 0x55, 0x17, 0x5e, 0xf7, 0x55, 0x37, 0x6e, 0x57, 0x86, 0x77, 0x8e,
    0x77, 0x8e, 0xf7, 0x5d, 0x77, 0x86, 0x77, 0x86, 0x57, 0x7e, 0x57, 0x7e, 0x57, 0x86, 0x37, 0x6e,
    0x17, 0x5e, 0xf7, 0x55, 0x17, 0x56, 0xf7, 0x55, 0x18, 0x56, 0xf7, 0x55, 0x17, 0x56, 0xf8, 0x55,
    0xf7, 0x55, 0x17, 0x56, 0xf7, 0x55, 0xf7, 0x55, 0xf7, 0x4d, 0xf7, 0x4d, 0xf7, 0x55, 0xf8, 0x4d,
    0x17, 0x56, 0xf7, 0x4d, 0xf7, 0x4d, 0xd7, 0x4d, 0x77, 0x86, 0x57, 0x76, 0x17, 0x6e, 0xf7, 0x55,
    0x17, 0x5e, 0xf7, 0x55, 0xf7, 0x55, 0x17, 0x56, 0xd7, 0x4d, 0x17, 0x56, 0x17, 0x56, 0xf7, 0x55,
    0xf7, 0x55, 0xf7, 0x4d, 0xd7, 0x4d, 0xf7, 0x55, 0xf7, 0x55, 0x72, 0x7d, 0x45, 0xa3, 0x65, 0xb3,
    0x45, 0xab, 0x45, 0xb3, 0x24, 0xa3, 0x04, 0xa3, 0xe4, 0xa2, 0x04, 0xa3, 0x04, 0xab, 0x24, 0xa3,
    0x04, 0xa3, 0xa5, 0x8a, 0x67, 0x72, 0x26, 0x62, 0x45, 0x7a, 0x65, 0x7a, 0x65, 0x7a, 0x46, 0x72,
    0x26, 0x62, 0x06, 0x62, 0x26, 0x5a, 0x46, 0x6a, 0x25, 0x62, 0x46, 0x6a, 0x65, 0x72, 0x65, 0x7a,
    0x6b, 0x6b, 0xb6, 0x6d, 0xd6, 0x6d, 0x3a, 0x4e, 0xf7, 0x4d, 0xf7, 0x4d, 0xd7, 0x4d, 0xe8, 0x00,
    0x94, 0xb6, 0x57, 0x8e, 0xd6, 0xae, 0xf7, 0x65, 0x17, 0x66, 0xf7, 0x65, 0x17, 0x66, 0x17, 0x66,
    0x16, 0x66, 0xf7, 0x65, 0x17, 0x66, 0x17, 0x66, 0x17, 0x66, 0x17, 0x66, 0x17, 0x66, 0xf7, 0x5d,
    0xf7, 0x65, 0xf7, 0x5d, 0x37, 0x66, 0x17, 0x66, 0x17, 0x66, 0x17, 0x66, 0x37, 0x66, 0x17, 0x66,
    0x37, 0x66, 0x17, 0x66, 0x17, 0x66, 0x17, 0x5e, 0x17, 0x66, 0x17, 0x66, 0x17, 0x66, 0xf7, 0x5d,
    0x17, 0x66, 0x17, 0x66, 0x17, 0x5e, 0x17, 0x66, 0x17, 0x66, 0x36, 0x66, 0x17, 0x66, 0x17, 0x5e,
    0x17, 0x5e, 0x17, 0x5e, 0x17, 0x66, 0x17, 0x5e, 0x17, 0x66, 0x17, 0x5e, 0x17, 0x5e, 0x17, 0x66,
    0x17, 0x5e, 0x17, 0x5e, 0x17, 0x5e, 0x37, 0x66, 0x17, 0x5e, 0xf7, 0x55, 0xf7, 0x5d, 0x17, 0x5e,
    0x17, 0x5e, 0x17, 0x5e, 0xf7, 0x55, 0xf7, 0x55, 0x17, 0x5e, 0x17, 0x56, 0x17, 0x5e, 0x17, 0x5e,
    0x17, 0x5e, 0x17, 0x56, 0xf7, 0x55, 0xf7, 0x55, 0xf8, 0x55, 0xf7, 0x55, 0xf8, 0x55, 0xf7, 0x55,
    0x17, 0x56, 0x17, 0x56, 0xf7, 0x55, 0x17, 0x56, 0x17, 0x56, 0x17, 0x5e, 0x17, 0x56, 0x17, 0x56,
    0x17, 0x5e, 0xf7, 0x4d, 0x17, 0x56, 0xf7, 0x55, 0xf7, 0x55, 0xf7, 0x55, 0x17, 0x5e, 0xf7, 0x55,
    0xd7, 0x55, 0xf7, 0x55, 0xf7, 0x55, 0x7a, 0x56, 0x24, 0xa3, 0x04, 0xa3, 0x04, 0xa3, 0x04, 0xa3,
    0x24, 0xa3, 0x44, 0xab, 0x04, 0xa3, 0x04, 0xa3, 0x04, 0xa3, 0x64, 0xb3, 0xe4, 0x9a, 0xe4, 0x9a,
    0x45, 0x7a, 0x46, 0x6a, 0x26, 0x62, 0x26, 0x62, 0x26, 0x5a, 0x26, 0x5a, 0x46, 0x72, 0x65, 0x72,
    0x65, 0x7a, 0x65, 0x72, 0x06, 0x62, 0x26, 0x5a, 0x06, 0x5a, 0x26, 0x5a, 0x26, 0x62, 0x26, 0x62,
    0x65, 0x7a, 0x45, 0x7a, 0x65, 0x72, 0x85, 0x82, 0xf9, 0x45, 0xf7, 0x4d, 0xd7, 0x4d, 0x08, 0x01,
    0x95, 0x9e, 0x96, 0xa6, 0x16, 0x86, 0x76, 0x9e, 0x76, 0x96, 0x77, 0x96, 0x17, 0x66, 0x16, 0x76,
    0x37, 0x76, 0x17, 0x66, 0x17, 0x66, 0x17, 0x66, 0x17, 0x66, 0x16, 0x66, 0x16, 0x66, 0x17, 0x66,
    0x17, 0x66, 0xf7, 0x65, 0x17, 0x66, 0xf7, 0x65, 0x37, 0x66, 0x37, 0x66, 0x17, 0x66, 0x17, 0x66,
    0x17, 0x66, 0x17, 0x66, 0x37, 0x66, 0x17, 0x66, 0x17, 0x66, 0x17, 0x66, 0x17, 0x66, 0x17, 0x66,
    0x17, 0x66, 0x17, 0x66, 0x37, 0x66, 0x17, 0x66, 0x17, 0x66, 0x17, 0x66, 0x37, 0x66, 0x17, 0x66,
    0x17, 0x66, 0x17, 0x66, 0x37, 0x66, 0x37, 0x66, 0x37, 0x66, 0x17, 0x66, 0x17, 0x66, 0x17, 0x66,
    0x17, 0x66, 0x17, 0x66, 0xf7, 0x65, 0x17, 0x66, 0x17, 0x66, 0x37, 0x66, 0x17, 0x66, 0x37, 0x66,
    0xf8, 0x5d, 0x17, 0x5e, 0x37, 0x66, 0x17, 0x5e, 0x17, 0x5e, 0x37, 0x5e, 0x17, 0x56, 0x17, 0x56,
    0x37, 0x5e, 0x17, 0x5e, 0x17, 0x5e, 0x17, 0x5e, 0x17, 0x56, 0x17, 0x5e, 0x17, 0x56, 0x37, 0x5e,
    0x17, 0x56, 0x17, 0x5e, 0x17, 0x5e, 0x17, 0x5e, 0x17, 0x5e, 0xf7, 0x55, 0x17, 0x5e, 0xf7, 0x55,
    0x17, 0x5e, 0xf7, 0x55, 0x17, 0x5e, 0xf7, 0x55, 0xf7, 0x55, 0x17, 0x5e, 0x17, 0x5e, 0x17, 0x56,
    0xf7, 0x55, 0x38, 0x46, 0x19, 0x46, 0x66, 0x9b, 0x04, 0xa3, 0x04, 0xa3, 0x04, 0xa3, 0x24, 0xa3,
    0x64, 0xb3, 0x04, 0xa3, 0x04, 0xa3, 0x04, 0xa3, 0xe4, 0xa2, 0x24, 0xab, 0xc4, 0x9a, 0xe5, 0x92,
    0x66, 0x6a, 0x46, 0x6a, 0x26, 0x62, 0x26, 0x62, 0x26, 0x62, 0x45, 0x6a, 0x65, 0x7a, 0x65, 0x7a,
    0x46, 0x72, 0x65, 0x7a, 0x45, 0x6a, 0x26, 0x6a, 0x26, 0x5a, 0x26, 0x5a, 0x06, 0x5a, 0x45, 0x72,
    0x66, 0x72, 0x65, 0x7a, 0x66, 0x7a, 0x65, 0x7a, 0x65, 0x7a, 0x65, 0x7a, 0x65, 0x72, 0x08, 0x01,
    0x17, 0x6e, 0x16, 0x76, 0x16, 0x76, 0x37, 0x7e, 0x77, 0x8e, 0x57, 0x86, 0x56, 0x8e, 0x56, 0x8e,
    0x36, 0x7e, 0x16, 0x76, 0x17, 0x6e, 0x17, 0x6e, 0x16, 0x6e, 0x17, 0x66, 0x17, 0x66, 0x17, 0x6e,
    0x17, 0x66, 0x36, 0x6e, 0x17, 0x6e, 0x17, 0x66, 0x37, 0x66, 0x36, 0x66, 0x17, 0x66, 0x17, 0x66,
    0x36, 0x66, 0x17, 0x6e, 0x36, 0x66, 0x37, 0x6e, 0x36, 0x6e, 0x17, 0x66, 0x17, 0x66, 0x17, 0x66,
    0x37, 0x66, 0x37, 0x6e, 0x37, 0x66, 0x17, 0x66, 0x17, 0x66, 0x37, 0x66, 0x17, 0x66, 0x37, 0x66,
    0x37, 0x66, 0x17, 0x66, 0x17, 0x66, 0x37, 0x66, 0x37, 0x66, 0x37, 0x66, 0x37, 0x66, 0x37, 0x66,
    0x37, 0x66, 0x37, 0x66, 0x37, 0x66, 0x37, 0x66, 0x37, 0x66, 0x37, 0x66, 0x37, 0x66, 0x37, 0x66,
    0x17, 0x66, 0x37, 0x66, 0x37, 0x5e, 0x37, 0x66, 0x17, 0x5e, 0x17, 0x5e, 0x37, 0x66, 0x17, 0x5e,
    0x37, 0x5e, 0x17, 0x5e, 0x17, 0x5e, 0x37, 0x5e, 0x17, 0x5e, 0x37, 0x5e, 0x37, 0x5e, 0x17, 0x5e,
    0x37, 0x66, 0x17, 0x5e, 0x17, 0x5e, 0x37, 0x5e, 0x17, 0x5e, 0x17, 0x66, 0x17, 0x5e, 0x17, 0x66,
    0x17, 0x66, 0x17, 0x5e, 0x17, 0x5e, 0x17, 0x5e, 0x17, 0x5e, 0x17, 0x5e, 0x17, 0x5e, 0x17, 0x5e,
    0x0f, 0x7d, 0x04, 0xa3, 0x04, 0xa3, 0x24, 0xab, 0x04, 0xa3, 0x04, 0xa3, 0x24, 0xab, 0x04, 0xab,
    0x24, 0xa3, 0x04, 0xa3, 0x04, 0xa3, 0x04, 0xa3, 0x24, 0xa3, 0xe5, 0x9a, 0xc5, 0x8a, 0x65, 0x7a,
    0x25, 0xa3, 0x65, 0xb3, 0x26, 0x62, 0x06, 0x62, 0x06, 0x62, 0x26, 0x62, 0x46, 0x72, 0x65, 0x7a,
    0x65, 0x7a, 0x65, 0x7a, 0x65, 0x7a, 0x26, 0x6a, 0x46, 0x6a, 0x46, 0x6a, 0x45, 0x72, 0x25, 0x6a,
    0x26, 0x62, 0x26, 0x62, 0x46, 0x6a, 0x46, 0x72, 0x65, 0x72, 0x65, 0x72, 0x45, 0x72, 0x09, 0x01,
    0xf6, 0x6d, 0x16, 0x6e, 0x16, 0x6e, 0x16, 0x6e, 0x36, 0x6e, 0x16, 0x6e, 0x17, 0x6e, 0x17, 0x6e,
    0x17, 0x6e, 0xf6, 0x65, 0xf7, 0x65, 0x36, 0x6e, 0xf6, 0x65, 0x16, 0x6e, 0x17, 0x6e, 0x17, 0x6e,
    0x36, 0x6e, 0x17, 0x6e, 0x36, 0x7e, 0x16, 0x76, 0x36, 0x76, 0x16, 0x66, 0x17, 0x66, 0x36, 0x6e,
    0x36, 0x6e, 0x37, 0x6e, 0x37, 0x6e, 0x36, 0x6e, 0x17, 0x66, 0x36, 0x6e, 0x37, 0x66, 0x36, 0x66,
    0x16, 0x6e, 0x16, 0x66, 0x17, 0x66, 0x37, 0x66, 0x17, 0x66, 0x17, 0x66, 0x37, 0x6e, 0x37, 0x66,
    0x17, 0x66, 0x36, 0x66, 0x37, 0x6e, 0x37, 0x6e, 0x37, 0x66, 0x17, 0x5e, 0x17, 0x66, 0x57, 0x6e,
    0x37, 0x66, 0x37, 0x66, 0x37, 0x66, 0x17, 0x66, 0x36, 0x6e, 0x37, 0x66, 0x37, 0x66, 0x37, 0x66,
    0x37, 0x66, 0x17, 0x66, 0x17, 0x66, 0x37, 0x66, 0x17, 0x5e, 0x37, 0x66, 0x37, 0x66, 0x17, 0x66,
    0x17, 0x5e, 0x17, 0x5e, 0x17, 0x66, 0x37, 0x66, 0x37, 0x66, 0x37, 0x5e, 0x17, 0x66, 0x37, 0x76,
    0x17, 0x66, 0x96, 0x9e, 0x76, 0x8e, 0x37, 0x7e, 0x37, 0x76, 0x37, 0x66, 0x36, 0x66, 0x37, 0x66,
    0x37, 0x66, 0x37, 0x66, 0x17, 0x66, 0x17, 0x66, 0x37, 0x66, 0x58, 0x66, 0xc2, 0xa2, 0xc3, 0xa2,
    0x45, 0xab, 0x24, 0xa3, 0x44, 0xab, 0xe4, 0xa2, 0x04, 0xa3, 0x24, 0xa3, 0x24, 0xab, 0x04, 0xa3,
    0x04, 0xa3, 0xc4, 0x9a, 0x24, 0xab, 0x44, 0xab, 0x05, 0xa3, 0x66, 0x7a, 0xc5, 0x92, 0xa4, 0x8a,
    0x44, 0xab, 0x44, 0xab, 0x85, 0xbb, 0x06, 0x62, 0x26, 0x62, 0x26, 0x5a, 0x26, 0x62, 0x06, 0x5a,
    0x06, 0x5a, 0x05, 0x62, 0x65, 0x7a, 0x65, 0x7a, 0x65, 0x7a, 0x65, 0x7a, 0x26, 0x62, 0x45, 0x6a,
    0x45, 0x72, 0x45, 0x72, 0x25, 0x6a, 0x26, 0x62, 0x46, 0x6a, 0x45, 0x6a, 0x06, 0x5a, 0x09, 0x01,
    0x36, 0x6e, 0x36, 0x6e, 0x16, 0x6e, 0x36, 0x6e, 0x16, 0x6e, 0x16, 0x76, 0x16, 0x76, 0x56, 0x76,
    0x16, 0x6e, 0xf6, 0x6d, 0x16, 0x6e, 0x36, 0x6e, 0x36, 0x6e, 0x56, 0x76, 0x36, 0x6e, 0x36, 0x76,
    0x16, 0x6e, 0x36, 0x76, 0x96, 0x9e, 0x95, 0xa6, 0xb6, 0x9e, 0xb6, 0xa6, 0x17, 0x6e, 0x36, 0x76,
    0x36, 0x6e, 0x17, 0x6e, 0x37, 0x6e, 0x36, 0x6e, 0x76, 0x8e, 0x57, 0x86, 0x77, 0x96, 0x77, 0x8e,
    0xb4, 0xb6, 0x94, 0xbe, 0x57, 0x7e, 0x37, 0x66, 0x37, 0x66, 0x57, 0x6e, 0x37, 0x6e, 0x37, 0x66,
    0x37, 0x6e, 0x57, 0x6e, 0x17, 0x66, 0x37, 0x6e, 0x36, 0x6e, 0x37, 0x66, 0x37, 0x6e, 0x37, 0x66,
    0x37, 0x6e, 0x17, 0x66, 0x37, 0x66, 0x37, 0x6e, 0x37, 0x66, 0x37, 0x66, 0x37, 0x66, 0x57, 0x66,
    0x37, 0x66, 0x37, 0x66, 0x36, 0x66, 0x37, 0x66, 0x37, 0x66, 0x37, 0x66, 0x37, 0x66, 0x37, 0x66,
    0x37, 0x66, 0x37, 0x66, 0x37, 0x6e, 0x37, 0x7e, 0x57, 0x86, 0x77, 0x8e, 0xb6, 0x9e, 0x76, 0x96,
    0xb5, 0xa6, 0x96, 0x9e, 0x17, 0x76, 0x37, 0x86, 0x37, 0x76, 0x17, 0x66, 0x17, 0x66, 0x17, 0x66,
    0x37, 0x66, 0x37, 0x66, 0x37, 0x66, 0x37, 0x66, 0x37, 0x66, 0x1a, 0x87, 0x04, 0xa3, 0x04, 0xa3,
    0x04, 0xa3, 0x04, 0xa3, 0x04, 0xa3, 0xe4, 0xa2, 0x65, 0xbb, 0x85, 0xb3, 0xe4, 0x9a, 0xe4, 0xa2,
    0xe4, 0xa2, 0x84, 0x8a, 0x64, 0xb3, 0x85, 0x7a, 0x86, 0x7a, 0x05, 0x9b, 0xe5, 0x92, 0x44, 0xab,
    0x44, 0xab, 0x45, 0xab, 0x44, 0xab, 0xe5, 0x9a, 0x26, 0x62, 0x26, 0x62, 0x06, 0x62, 0x06, 0x62,
    0x26, 0x62, 0x45, 0x72, 0x65, 0x7a, 0x85, 0x82, 0x85, 0x82, 0x65, 0x7a, 0x65, 0x7a, 0x06, 0x62,
    0x06, 0x62, 0x25, 0x6a, 0x45, 0x72, 0x45, 0x6a, 0x06, 0x62, 0x26, 0x6a, 0x26, 0x5a, 0x08, 0x01,
    0x36, 0x76, 0x36, 0x6e, 0x36, 0x76, 0x36, 0x76, 0x36, 0x76, 0x36, 0x76, 0x36, 0x76, 0x16, 0x6e,
    0x16, 0x76, 0x56, 0x76, 0x36, 0x76, 0x36, 0x76, 0x36, 0x76, 0x36, 0x76, 0x36, 0x76, 0x36, 0x6e,
    0x16, 0x6e, 0x36, 0x76, 0x36, 0x86, 0x36, 0x86, 0x76, 0x9e, 0x96, 0x96, 0x36, 0x86, 0x56, 0x8e,
    0x37, 0x7e, 0x37, 0x76, 0x36, 0x7e, 0x16, 0x76, 0x16, 0x6e, 0x16, 0x86, 0x37, 0x86, 0x37, 0x7e,
    0x56, 0x86, 0x36, 0x7e, 0x56, 0x8e, 0x96, 0x9e, 0xb5, 0xa6, 0x96, 0x9e, 0x96, 0xae, 0x96, 0xa6,
    0xb5, 0xa6, 0xb6, 0xa6, 0x36, 0x7e, 0x36, 0x76, 0x56, 0x7e, 0x37, 0x6e, 0x37, 0x6e, 0x36, 0x66,
    0x37, 0x6e, 0x56, 0x6e, 0x56, 0x6e, 0x36, 0x6e, 0x37, 0x6e, 0x37, 0x6e, 0x37, 0x6e, 0x57, 0x6e,
    0x57, 0x76, 0x56, 0x76, 0x36, 0x76, 0x56, 0x86, 0x76, 0x86, 0x56, 0x7e, 0x37, 0x76, 0x37, 0x6e,
    0x37, 0x6e, 0x37, 0x66, 0x37, 0x66, 0x97, 0x8e, 0x96, 0x96, 0x77, 0x8e, 0x56, 0x8e, 0x77, 0x86,
    0x37, 0x76, 0x37, 0x6e, 0x17, 0x66, 0x37, 0x66, 0x16, 0x66, 0x37, 0x6e, 0x37, 0x66, 0x37, 0x66,
    0x37, 0x66, 0x36, 0x6e, 0x57, 0x66, 0x92, 0x8d, 0x24, 0xa3, 0xe4, 0xa2, 0x04, 0xa3, 0x24, 0xab,
    0x24, 0xab, 0x04, 0xa3, 0x24, 0xab, 0x44, 0xab, 0x64, 0xb3, 0x44, 0xab, 0x24, 0xa3, 0xa4, 0x92,
    0xc5, 0x92, 0x64, 0xb3, 0x85, 0x7a, 0x85, 0x82, 0x04, 0xa3, 0x44, 0xab, 0x44, 0xab, 0x64, 0xab,
    0x44, 0xab, 0x24, 0xab, 0x25, 0xa3, 0xa5, 0x8a, 0x65, 0x82, 0x65, 0x7a, 0x45, 0x72, 0x45, 0x6a,
    0x26, 0x62, 0x26, 0x62, 0x26, 0x62, 0x45, 0x72, 0x65, 0x7a, 0x85, 0x82, 0x65, 0x7a, 0x45, 0x72,
    0x06, 0x62, 0x26, 0x62, 0x26, 0x62, 0x46, 0x6a, 0x45, 0x7a, 0x45, 0x72, 0x26, 0x62, 0xe8, 0x00,
    0x36, 0x76, 0x36, 0x76, 0x36, 0x76, 0x36, 0x76, 0x56, 0x76, 0x36, 0x76, 0x16, 0x6e, 0x16, 0x6e,
    0x36, 0x76, 0x16, 0x6e, 0x56, 0x76, 0x56, 0x76, 0x36, 0x76, 0x36, 0x76, 0x56, 0x76, 0x16, 0x76,
    0x36, 0x76, 0x56, 0x76, 0x36, 0x76, 0x36, 0x76, 0x36, 0x7e, 0x36, 0x86, 0xf6, 0x75, 0x97, 0x96,
    0x56, 0x96, 0xb6, 0xa6, 0x36, 0x76, 0x16, 0x76, 0x17, 0x76, 0x16, 0x76, 0x36, 0x86, 0x16, 0x76,
    0x16, 0x6e, 0x36, 0x76, 0x16, 0x76, 0x36, 0x76, 0x37, 0x76, 0x36, 0x76, 0x36, 0x76, 0x36, 0x7e,
    0x36, 0x76, 0x37, 0x76, 0x77, 0x96, 0x97, 0x96, 0x57, 0x86, 0x37, 0x76, 0x56, 0x76, 0x56, 0x6e,
    0x56, 0x76, 0x36, 0x6e, 0x16, 0x6e, 0x56, 0x6e, 0x56, 0x6e, 0x36, 0x6e, 0x56, 0x6e, 0x16, 0x76,
    0x36, 0x7e, 0x17, 0x76, 0x37, 0x76, 0x17, 0x76, 0x37, 0x7e, 0x37, 0x86, 0x57, 0x7e, 0x37, 0x6e,
    0x37, 0x6e, 0x56, 0x6e, 0x37, 0x6e, 0x16, 0x76, 0x37, 0x76, 0x17, 0x6e, 0x37, 0x6e, 0x36, 0x66,
    0x37, 0x6e, 0x37, 0x66, 0x37, 0x6e, 0x17, 0x66, 0x37, 0x66, 0x17, 0x66, 0x37, 0x66, 0x37, 0x66,
    0x37, 0x6e, 0x77, 0x7e, 0xc3, 0x92, 0x04, 0xa3, 0x04, 0xa3, 0x04, 0xa3, 0x24, 0xab, 0x04, 0xa3,
    0xe4, 0xa2, 0x45, 0xb3, 0xa5, 0xbb, 0x44, 0xb3, 0x24, 0xab, 0xe4, 0xa2, 0xa5, 0x82, 0x45, 0xb3,
    0xa4, 0xbb, 0x65, 0xab, 0xe4, 0x9a, 0x44, 0xab, 0x44, 0xb3, 0x44, 0xab, 0x44, 0xb3, 0x44, 0xab,
    0x24, 0xab, 0xc5, 0x92, 0xc5, 0x8a, 0xa5, 0x82, 0xa4, 0x8a, 0x65, 0x7a, 0x26, 0x62, 0x26, 0x62,
    0x26, 0x62, 0x06, 0x62, 0x26, 0x62, 0x06, 0x62, 0x26, 0x6a, 0xa5, 0x8a, 0xa4, 0x92, 0xc4, 0x92,
    0xa4, 0x8a, 0x65, 0x72, 0x26, 0x62, 0x26, 0x62, 0x05, 0x62, 0x26, 0x62, 0x26, 0x6a, 0x08, 0x01,
    0x36, 0x8e, 0x36, 0x86, 0x56, 0x8e, 0x36, 0x86, 0x16, 0x76, 0x36, 0x7e, 0x56, 0x76, 0x56, 0x76,
    0x56, 0x7e, 0xb4, 0x7d, 0x14, 0x86, 0x15, 0x86, 0xd4, 0x7d, 0x52, 0x7d, 0x0e, 0x74, 0x2e, 0x7c,
    0x0d, 0x7c, 0x52, 0x85, 0xb4, 0x7d, 0x15, 0x86, 0x56, 0x76, 0x56, 0x7e, 0x36, 0x7e, 0x56, 0x76,
    0x56, 0x76, 0x76, 0x86, 0x36, 0x76, 0x36, 0x7e, 0x16, 0x76, 0x36, 0x7e, 0x56, 0x86, 0x36, 0x7e,
    0x36, 0x7e, 0x36, 0x7e, 0x36, 0x76, 0x36, 0x76, 0x36, 0x76, 0x56, 0x76, 0x16, 0x76, 0x36, 0x76,
    0x56, 0x76, 0x56, 0x76, 0x36, 0x76, 0x56, 0x76, 0x36, 0x76, 0x37, 0x6e, 0x56, 0x6e, 0x36, 0x6e,
    0x56, 0x76, 0x56, 0x76, 0x56, 0x6e, 0x36, 0x6e, 0x57, 0x6e, 0x36, 0x6e, 0x37, 0x6e, 0x37, 0x76,
    0x36, 0x7e, 0x37, 0x76, 0x37, 0x76, 0x36, 0x7e, 0x57, 0x7e, 0x57, 0x7e, 0x57, 0x76, 0x37, 0x6e,
    0x57, 0x6e, 0x56, 0x6e, 0x17, 0x6e, 0x17, 0x6e, 0x37, 0x6e, 0x17, 0x66, 0x37, 0x66, 0x17, 0x66,
    0x37, 0x6e, 0x16, 0x66, 0x37, 0x6e, 0x37, 0x6e, 0x37, 0x6e, 0x37, 0x6e, 0x17, 0x6e, 0x37, 0x66,
    0xc9, 0x93, 0x04, 0x9b, 0x04, 0xa3, 0x04, 0xa3, 0x04, 0xa3, 0x24, 0xab, 0x24, 0xab, 0x04, 0xa3,
    0x44, 0xab, 0x65, 0xb3, 0x65, 0xb3, 0x04, 0xa3, 0xa5, 0x8a, 0xa5, 0x8a, 0x24, 0xa3, 0x25, 0xab,
    0xc5, 0x92, 0xc4, 0x92, 0x44, 0xab, 0x44, 0xab, 0x44, 0xab, 0x44, 0xab, 0x44, 0xab, 0x44, 0xab,
    0x65, 0x7a, 0x85, 0x82, 0x65, 0x82, 0x85, 0x7a, 0x26, 0x62, 0x26, 0x62, 0x26, 0x62, 0x26, 0x62,
    0x26, 0x62, 0x26, 0x62, 0x26, 0x62, 0x26, 0x62, 0x06, 0x62, 0x65, 0x72, 0x65, 0x7a, 0x85, 0x82,
    0xa5, 0x8a, 0xa4, 0x92, 0xa4, 0x8a, 0x25, 0x72, 0x06, 0x5a, 0x06, 0x62, 0x06, 0x62, 0xe8, 0x00,
    0xb6, 0xa6, 0xb6, 0xa6, 0x96, 0xa6, 0x56, 0x8e, 0x76, 0x86, 0x76, 0x86, 0xab, 0x83, 0x2d, 0x7c,
    0x0d, 0x7c, 0x0d, 0x6c, 0x0e, 0x74, 0x0e, 0x6c, 0x0e, 0x6c, 0x0e, 0x6c, 0x0d, 0x74, 0x2d, 0x7c,
    0xed, 0x73, 0x2d, 0x7c, 0x2d, 0x74, 0xed, 0x73, 0x0e, 0x6c, 0x2e, 0x74, 0x0d, 0x74, 0x35, 0x8e,
    0x76, 0x76, 0x56, 0x76, 0x36, 0x76, 0x56, 0x7e, 0x56, 0x86, 0x96, 0xa6, 0xb6, 0xa6, 0x37, 0x7e,
    0x96, 0x96, 0x96, 0x9e, 0x36, 0x7e, 0x36, 0x7e, 0x36, 0x76, 0x36, 0x6e, 0x56, 0x76, 0x36, 0x76,
    0x56, 0x76, 0x56, 0x76, 0x56, 0x76, 0x56, 0x76, 0x56, 0x76, 0x56, 0x76, 0x56, 0x76, 0x56, 0x76,
    0x56, 0x76, 0x56, 0x76, 0x36, 0x76, 0x36, 0x76, 0x77, 0x8e, 0x77, 0x8e, 0x96, 0x9e, 0xb6, 0x9e,
    0xd5, 0xae, 0x76, 0x96, 0xb6, 0xa6, 0xd6, 0xae, 0xb5, 0xa6, 0xb6, 0x9e, 0x97, 0x96, 0x57, 0x86,
    0x56, 0x76, 0x36, 0x76, 0x37, 0x6e, 0x36, 0x6e, 0x37, 0x6e, 0x37, 0x6e, 0x36, 0x6e, 0x57, 0x6e,
    0x05, 0x93, 0xe5, 0x9a, 0xe5, 0x9a, 0xc5, 0x92, 0x4c, 0x8c, 0x37, 0x6e, 0xe4, 0x92, 0x04, 0xa3,
    0x04, 0xa3, 0x04, 0xa3, 0x04, 0xa3, 0x44, 0xab, 0x24, 0xa3, 0x24, 0xab, 0x85, 0xbb, 0x85, 0xbb,
    0xa5, 0xbb, 0xe4, 0x9a, 0x04, 0xa3, 0x86, 0x7a, 0xc5, 0x8a, 0x24, 0xab, 0x04, 0xa3, 0x44, 0xab,
    0x44, 0xb3, 0x44, 0xab, 0x44, 0xab, 0x45, 0xb3, 0x44, 0xab, 0x44, 0xab, 0xc5, 0x8a, 0x85, 0x7a,
    0x86, 0x7a, 0xc4, 0x92, 0xa6, 0x8a, 0x26, 0x6a, 0x26, 0x62, 0x26, 0x62, 0x65, 0x7a, 0x65, 0x82,
    0x65, 0x7a, 0x85, 0x82, 0x65, 0x7a, 0x85, 0x7a, 0x46, 0x62, 0x45, 0x72, 0x26, 0x5a, 0x46, 0x6a,
    0xa6, 0x8a, 0xc4, 0x92, 0xc4, 0x92, 0xc4, 0x92, 0xa4, 0x92, 0x26, 0x62, 0x06, 0x5a, 0x29, 0x01,
    0x96, 0x9e, 0x76, 0xa6, 0x56, 0x9e, 0x2d, 0x84, 0x2d, 0x7c, 0x0d, 0x74, 0x0d, 0x74, 0x0d, 0x74,
    0x0d, 0x74, 0x0e, 0x6c, 0xed, 0x73, 0x0e, 0x6c, 0x0d, 0x74, 0x0e, 0x6c, 0x0d, 0x6c, 0xed, 0x73,
    0x4c, 0x8c, 0x2c, 0x8c, 0x2c, 0x8c, 0x2c, 0x8c, 0x0d, 0x84, 0x0d, 0x7c, 0x2d, 0x84, 0x4d, 0x84,
    0x2c, 0x8c, 0x31, 0x8d, 0x15, 0x7e, 0x35, 0x76, 0x76, 0x7e, 0x76, 0x86, 0x56, 0x86, 0x56, 0x86,
    0x56, 0x7e, 0x36, 0x76, 0x36, 0x76, 0x56, 0x7e, 0x56, 0x76, 0x56, 0x76, 0x56, 0x76, 0x56, 0x76,
    0x56, 0x76, 0x56, 0x76, 0x56, 0x76, 0x36, 0x76, 0x56, 0x76, 0x56, 0x76, 0x56, 0x76, 0x16, 0x76,
    0x37, 0x6e, 0x56, 0x76, 0x77, 0x8e, 0x77, 0x96, 0x97, 0x96, 0xb6, 0xa6, 0xb6, 0x9e, 0xb6, 0xa6,
    0xb5, 0xae, 0x97, 0x96, 0x97, 0x96, 0xb6, 0x9e, 0x77, 0x96, 0x56, 0x76, 0x37, 0x76, 0x37, 0x6e,
    0x56, 0x76, 0x56, 0x76, 0x36, 0x76, 0x37, 0x7e, 0x37, 0x66, 0x58, 0x5e, 0xe5, 0x92, 0x04, 0x9b,
    0xe4, 0x9a, 0xe4, 0x9a, 0xe4, 0x9a, 0xa6, 0x82, 0xc5, 0x8a, 0xa5, 0x82, 0xe4, 0xa2, 0x04, 0xa3,
    0x04, 0xa3, 0xe4, 0xa2, 0x65, 0xb3, 0x65, 0xb3, 0x64, 0xb3, 0xa5, 0xbb, 0x24, 0xab, 0x24, 0xab,
    0x45, 0xab, 0xe4, 0xa2, 0xc5, 0x92, 0x65, 0x72, 0x44, 0xab, 0x24, 0xab, 0x44, 0xab, 0x44, 0xab,
    0x44, 0xb3, 0x44, 0xab, 0x44, 0xab, 0x44, 0xab, 0x44, 0xb3, 0xa4, 0x8a, 0xa6, 0x82, 0x85, 0x82,
    0xc4, 0x92, 0x45, 0x72, 0x05, 0x62, 0xa4, 0x8a, 0x26, 0x6a, 0xc5, 0x92, 0x85, 0x82, 0xe4, 0x9a,
    0xe4, 0x9a, 0xe4, 0x9a, 0xe4, 0x9a, 0xc4, 0x9a, 0xe4, 0x9a, 0x85, 0x82, 0x66, 0x7a, 0x66, 0x7a,
    0x65, 0x72, 0x65, 0x72, 0xa4, 0x8a, 0xa5, 0x8a, 0x84, 0x8a, 0xa4, 0x92, 0x65, 0x82, 0x29, 0x01,
    0x0e, 0x6c, 0x0d, 0x6c, 0x0d, 0x6c, 0x0e, 0x74, 0x0d, 0x6c, 0x0e, 0x6c, 0x0e, 0x6c, 0x0e, 0x6c,
    0x0d, 0x6c, 0x0d, 0x7c, 0xcd, 0x6b, 0xed, 0x73, 0x0d, 0x74, 0xed, 0x73, 0xed, 0x6b, 0xed, 0x6b,
    0x0d, 0x6c, 0x4d, 0x84, 0x2d, 0x8c, 0x4c, 0x94, 0x0c, 0x84, 0x0d, 0x74, 0xed, 0x6b, 0xed, 0x6b,
    0x2d, 0x84, 0x2d, 0x8c, 0xed, 0x73, 0xed, 0x73, 0x2d, 0x84, 0x0d, 0x74, 0xb4, 0x85, 0x56, 0x8e,
    0x77, 0x86, 0x56, 0x7e, 0x56, 0x7e, 0x56, 0x76, 0x56, 0x76, 0x56, 0x7e, 0x56, 0x76, 0x36, 0x76,
    0x56, 0x76, 0x56, 0x76, 0x56, 0x76, 0x36, 0x76, 0x56, 0x76, 0x56, 0x76, 0x36, 0x76, 0x16, 0x7e,
    0x16, 0x7e, 0x16, 0x7e, 0x36, 0x86, 0x36, 0x86, 0x56, 0x8e, 0x77, 0x96, 0x77, 0x8e, 0x57, 0x6e,
    0x36, 0x6e, 0x56, 0x76, 0x56, 0x76, 0x36, 0x76, 0x36, 0x76, 0x16, 0x76, 0x36, 0x76, 0x36, 0x7e,
    0x36, 0x76, 0x56, 0x76, 0x13, 0xa6, 0xd4, 0x95, 0xe4, 0xa2, 0x04, 0xa3, 0xe4, 0x9a, 0x04, 0xa3,
    0x04, 0xa3, 0x04, 0x9b, 0xa5, 0x82, 0x85, 0x82, 0xc4, 0x92, 0xe4, 0x9a, 0x04, 0xa3, 0x04, 0xa3,
    0xe4, 0xa2, 0x24, 0xab, 0x64, 0xb3, 0x85, 0xb3, 0x44, 0xab, 0x44, 0xab, 0x24, 0xab, 0x25, 0xa3,
    0x04, 0xa3, 0x85, 0x82, 0xe4, 0x9a, 0x44, 0xab, 0x44, 0xb3, 0x44, 0xab, 0x44, 0xab, 0x44, 0xab,
    0x44, 0xab, 0x44, 0xab, 0x25, 0xab, 0x45, 0xa3, 0x25, 0xa3, 0xa5, 0x82, 0x85, 0x82, 0xc5, 0x92,
    0x25, 0x6a, 0x45, 0x72, 0x65, 0x72, 0x85, 0x82, 0xc4, 0x92, 0xa4, 0x8a, 0xe4, 0x9a, 0xe4, 0x9a,
    0xe4, 0x9a, 0xc4, 0x92, 0xe5, 0x92, 0xa5, 0x8a, 0xc5, 0x92, 0x85, 0x82, 0x85, 0x7a, 0x65, 0x7a,
    0x85, 0x7a, 0x65, 0x7a, 0x45, 0x72, 0x26, 0x6a, 0x05, 0x62, 0x66, 0x72, 0x26, 0x62, 0x09, 0x01,
    0xed, 0x6b, 0x2d, 0x7c, 0x2d, 0x7c, 0xed, 0x6b, 0x0d, 0x6c, 0xed, 0x6b, 0x0d, 0x74, 0xed, 0x6b,
    0xed, 0x6b, 0xed, 0x6b, 0x0e, 0x6c, 0x0c, 0x8c, 0x4c, 0x94, 0xcd, 0x73, 0xcd, 0x73, 0xed, 0x6b,
    0xed, 0x6b, 0xed, 0x6b, 0xed, 0x6b, 0xed, 0x73, 0x4c, 0x94, 0x4c, 0x94, 0x4c, 0x94, 0xcc, 0x73,
    0xed, 0x6b, 0x0c, 0x8c, 0xed, 0x6b, 0x0d, 0x6c, 0x0d, 0x6c, 0xee, 0x6b, 0x0d, 0x74, 0x0d, 0x6c,
    0xac, 0x6b, 0x4e, 0x7c, 0x56, 0x7e, 0x56, 0x7e, 0x56, 0x7e, 0x56, 0x7e, 0x56, 0x7e, 0x76, 0x7e,
    0xcc, 0x73, 0xac, 0x6b, 0xac, 0x6b, 0xac, 0x6b, 0xcc, 0x6b, 0xcc, 0x73, 0x76, 0x86, 0x56, 0x76,
    0x56, 0x76, 0x76, 0x7e, 0x36, 0x86, 0x56, 0x96, 0xb6, 0xa6, 0xb6, 0xae, 0xd7, 0xae, 0x36, 0x76,
    0x36, 0x76, 0xf6, 0x6d, 0x36, 0x7e, 0x56, 0x86, 0x96, 0x9e, 0x76, 0x9e, 0x96, 0xa6, 0xa3, 0x8a,
    0x83, 0x92, 0xc3, 0x92, 0x24, 0xa3, 0xe4, 0x9a, 0xe4, 0xa2, 0xe4, 0xa2, 0x04, 0xa3, 0x04, 0xa3,
    0xe4, 0x9a, 0xe4, 0x9a, 0xe4, 0x9a, 0x04, 0xa3, 0x04, 0xa3, 0x04, 0xa3, 0x24, 0xa3, 0x85, 0xbb,
    0xa5, 0xbb, 0xa5, 0xbb, 0x44, 0xb3, 0x44, 0xab, 0x44, 0xb3, 0x24, 0xa3, 0xa4, 0x82, 0xc6, 0x8a,
    0x04, 0xa3, 0x44, 0xb3, 0x44, 0xab, 0x44, 0xab, 0x44, 0xab, 0x24, 0xab, 0x24, 0xab, 0x24, 0xab,
    0x44, 0xb3, 0x05, 0xa3, 0xc5, 0x92, 0x65, 0xb3, 0xa5, 0x8a, 0x66, 0x72, 0x66, 0x72, 0x45, 0x72,
    0x64, 0xb3, 0xa5, 0x82, 0xe5, 0x9a, 0xe4, 0xa2, 0xe4, 0x9a, 0xe4, 0x9a, 0xe4, 0xa2, 0xe4, 0x9a,
    0xe4, 0x9a, 0xe4, 0xa2, 0xe4, 0x9a, 0x85, 0x82, 0x85, 0x7a, 0x86, 0x82, 0x85, 0x82, 0x85, 0x82,
    0xc5, 0x92, 0x85, 0x7a, 0x85, 0x7a, 0x65, 0x7a, 0x65, 0x72, 0x26, 0x6a, 0x06, 0x62, 0x29, 0x01,
    0xed, 0x6b, 0xee, 0x6b, 0xee, 0x6b, 0x0d, 0x74, 0x0d, 0x74, 0xcc, 0x73, 0xcc, 0x73, 0xcc, 0x73,
    0xcc, 0x73, 0xed, 0x6b, 0xed, 0x6b, 0xed, 0x73, 0x0c, 0x84, 0x2b, 0x94, 0xec, 0x7b, 0xcc, 0x73,
    0xec, 0x73, 0xed, 0x6b, 0xed, 0x6b, 0xcd, 0x6b, 0x2d, 0x84, 0x2c, 0x8c, 0x2c, 0x84, 0xec, 0x7b,
    0x4c, 0x94, 0x2d, 0x8c, 0x2c, 0x8c, 0x2c, 0x94, 0x2d, 0x8c, 0xec, 0x7b, 0xed, 0x73, 0xed, 0x73,
    0x0d, 0x74, 0x0d, 0x74, 0xed, 0x73, 0xed, 0x73, 0x0c, 0x7c, 0xed, 0x7b, 0x0d, 0x74, 0x2d, 0x7c,
    0x0d, 0x6c, 0x0e, 0x6c, 0x0e, 0x74, 0x2e, 0x6c, 0x2e, 0x74, 0x2e, 0x74, 0x2e, 0x74, 0x2e, 0x74,
    0x4e, 0x74, 0x0e, 0x74, 0x56, 0x76, 0x56, 0x7e, 0x77, 0x8e, 0x36, 0x8e, 0x96, 0xa6, 0xb6, 0xae,
    0x36, 0x86, 0x16, 0x7e, 0x56, 0x96, 0x56, 0x96, 0x97, 0x8e, 0x25, 0xa3, 0x25, 0xa3, 0x25, 0xa3,
    0x25, 0xab, 0x24, 0xa3, 0x04, 0xa3, 0x85, 0xb3, 0x65, 0xb3, 0x85, 0xbb, 0x64, 0xb3, 0x04, 0xa3,
    0xc5, 0x8a, 0x86, 0x82, 0xe4, 0x9a, 0xe4, 0xa2, 0x04, 0xa3, 0x64, 0xb3, 0x44, 0xb3, 0x65, 0xb3,
    0x44, 0xab, 0x44, 0xb3, 0x64, 0xb3, 0x24, 0xab, 0xe5, 0x9a, 0xe5, 0x92, 0x04, 0xa3, 0x64, 0xb3,
    0x65, 0xb3, 0x44, 0xab, 0x44, 0xab, 0x44, 0xab, 0x44, 0xb3, 0x24, 0xab, 0x04, 0xa3, 0x44, 0xab,
    0xc5, 0x8a, 0xa6, 0x7a, 0x86, 0x7a, 0x86, 0x7a, 0x86, 0x7a, 0xc6, 0x92, 0xe4, 0x9a, 0x04, 0xa3,
    0x44, 0xab, 0x44, 0xb3, 0x04, 0xa3, 0xe4, 0x9a, 0xe4, 0xa2, 0xe4, 0x9a, 0xe4, 0x9a, 0xe4, 0x9a,
    0xe4, 0x9a, 0xe4, 0x9a, 0xe4, 0x9a, 0xe4, 0x9a, 0xe4, 0x9a, 0xc5, 0x8a, 0xa5, 0x82, 0x86, 0x7a,
    0x85, 0x82, 0xe4, 0x9a, 0xe4, 0x9a, 0xe4, 0x9a, 0xa5, 0x82, 0x85, 0x7a, 0x66, 0x72, 0x29, 0x01,
    0xcc, 0x73, 0xac, 0x73, 0xcc, 0x73, 0xcc, 0x6b, 0xcc, 0x73, 0xed, 0x6b, 0xcd, 0x6b, 0xed, 0x73,
    0xac, 0x73, 0xed, 0x6b, 0xed, 0x6b, 0xed, 0x6b, 0xed, 0x6b, 0x2b, 0x9c, 0x0b, 0x8c, 0x0b, 0x8c,
    0x0b, 0x8c, 0xec, 0x83, 0xcd, 0x6b, 0xcd, 0x6b, 0xed, 0x6b, 0xed, 0x6b, 0xcd, 0x6b, 0xec, 0x7b,
    0x2c, 0x8c, 0x4c, 0x94, 0x4c, 0x94, 0x4c, 0x94, 0xed, 0x83, 0x0d, 0x74, 0xed, 0x73, 0xed, 0x6b,
    0xec, 0x73, 0xed, 0x73, 0xed, 0x6b, 0xed, 0x73, 0x2c, 0x8c, 0xcc, 0x73, 0xed, 0x73, 0x0d, 0x74,
    0x0e, 0x6c, 0x0d, 0x74, 0x0d, 0x6c, 0x2e, 0x74, 0x2e, 0x74, 0x2e, 0x74, 0x2e, 0x74, 0x2e, 0x6c,
    0x2e, 0x74, 0x4e, 0x74, 0x2e, 0x74, 0x0e, 0x6c, 0x2e, 0x74, 0x55, 0x7e, 0x36, 0x7e, 0x56, 0x8e,
    0x56, 0x96, 0x36, 0x8e, 0x16, 0x7e, 0x45, 0x9b, 0x66, 0xa3, 0x25, 0xa3, 0x04, 0xa3, 0x04, 0xa3,
    0x65, 0xb3, 0x85, 0xb3, 0x85, 0xbb, 0x44, 0xb3, 0x04, 0xa3, 0x24, 0xab, 0x04, 0xa3, 0x04, 0xa3,
    0xc5, 0x82, 0xc5, 0x8a, 0x04, 0xa3, 0x65, 0xb3, 0x65, 0xb3, 0x85, 0xb3, 0x85, 0xb3, 0x85, 0xbb,
    0x85, 0xbb, 0x44, 0xb3, 0x24, 0xab, 0xe5, 0x92, 0x24, 0xab, 0x44, 0xab, 0x64, 0xb3, 0x44, 0xab,
    0x44, 0xb3, 0x44, 0xab, 0x44, 0xb3, 0x24, 0xab, 0x44, 0xb3, 0xe4, 0x9a, 0xe5, 0x9a, 0xa6, 0x82,
    0xc7, 0x82, 0xa6, 0x82, 0x45, 0xab, 0x85, 0xb3, 0x85, 0xbb, 0x85, 0xb3, 0x85, 0xb3, 0x85, 0xb3,
    0xe4, 0x9a, 0x04, 0x9b, 0x44, 0xb3, 0x04, 0xa3, 0xe4, 0x9a, 0xe4, 0x9a, 0xe4, 0x9a, 0xe4, 0x9a,
    0xe4, 0x9a, 0xe4, 0x9a, 0xe4, 0x9a, 0xe4, 0x9a, 0xe4, 0x9a, 0xe4, 0x9a, 0xe4, 0x92, 0xa5, 0x82,
    0x86, 0x82, 0xc4, 0x9a, 0xe4, 0x9a, 0xe4, 0x9a, 0xa5, 0x8a, 0xc4, 0x92, 0xc5, 0x8a, 0x29, 0x01,
    0xec, 0x7b, 0xcc, 0x73, 0xcb, 0x7b, 0xcc, 0x73, 0xac, 0x73, 0xcc, 0x73, 0xac, 0x73, 0x8b, 0x73,
    0xab, 0x73, 0xab, 0x73, 0xcc, 0x73, 0x8b, 0x73, 0xac, 0x73, 0xcd, 0x6b, 0xec, 0x83, 0x0b, 0x8c,
    0xeb, 0x8b, 0x0b, 0x8c, 0xeb, 0x8b, 0xeb, 0x8b, 0xcc, 0x6b, 0xcc, 0x6b, 0xed, 0x6b, 0xcd, 0x6b,
    0xac, 0x73, 0xed, 0x73, 0x0c, 0x84, 0x2c, 0x8c, 0x2c, 0x94, 0xec, 0x83, 0xec, 0x7b, 0xcc, 0x73,
    0xcb, 0x83, 0x0c, 0x84, 0xcb, 0x7b, 0xcb, 0x83, 0xeb, 0x8b, 0x0b, 0x8c, 0x0b, 0x8c, 0xec, 0x7b,
    0xec, 0x7b, 0x0d, 0x74, 0x0d, 0x74, 0x0d, 0x74, 0x0d, 0x74, 0x0e, 0x6c, 0x0d, 0x74, 0x0d, 0x74,
    0x0e, 0x74, 0x2e, 0x6c, 0x2e, 0x74, 0x2e, 0x74, 0x2e, 0x74, 0x2e, 0x74, 0x2e, 0x74, 0xf3, 0xad,
    0xb2, 0xa5, 0xf3, 0xbd, 0x25, 0xa3, 0x44, 0xab, 0x65, 0xab, 0x24, 0xab, 0x44, 0xab, 0x44, 0xab,
    0x65, 0xb3, 0x65, 0xb3, 0x44, 0xab, 0x24, 0xab, 0x24, 0xab, 0x24, 0xab, 0x24, 0xab, 0x24, 0xab,
    0x04, 0xa3, 0x44, 0xab, 0x85, 0xb3, 0x85, 0xb3, 0xa5, 0xbb, 0xa5, 0xbb, 0x85, 0xb3, 0x24, 0xab,
    0xe5, 0x92, 0xe5, 0x9a, 0xe5, 0x9a, 0x24, 0xa3, 0x25, 0xa3, 0x85, 0xbb, 0x85, 0xb3, 0x85, 0xb3,
    0x65, 0xab, 0x25, 0xa3, 0x05, 0x9b, 0x05, 0x9b, 0xc4, 0x8a, 0xa4, 0x82, 0xa4, 0x82, 0xc6, 0xbb,
    0xa5, 0xbb, 0xa5, 0xbb, 0xa5, 0xbb, 0xa5, 0xbb, 0xa5, 0xbb, 0x65, 0xb3, 0x85, 0xb3, 0x85, 0xb3,
    0xe5, 0x9a, 0xc5, 0x8a, 0x05, 0x93, 0xe5, 0x92, 0xe4, 0x9a, 0x04, 0xa3, 0x04, 0x9b, 0xe4, 0x9a,
    0xe4, 0x9a, 0x04, 0x9b, 0xe4, 0x9a, 0xe4, 0x9a, 0xc5, 0x92, 0xe5, 0x92, 0xc5, 0x92, 0xe5, 0x92,
    0x85, 0x82, 0xe5, 0x92, 0xc4, 0x92, 0xc4, 0x92, 0xc5, 0x92, 0xe4, 0x9a, 0xe4, 0x9a, 0x29, 0x01,
    0xab, 0x73, 0xab, 0x7b, 0x8b, 0x73, 0xca, 0x8b, 0xea, 0x93, 0xea, 0x93, 0xcc, 0x7b, 0xea, 0x93,
    0xaa, 0x7b, 0xab, 0x73, 0xab, 0x7b, 0xcb, 0x8b, 0xab, 0x73, 0xcb, 0x83, 0xab, 0x73, 0xac, 0x6b,
    0xcc, 0x7b, 0x8c, 0x73, 0xeb, 0x83, 0xec, 0x7b, 0xcc, 0x6b, 0x8b, 0x7b, 0x8b, 0x73, 0xcc, 0x6b,
    0xcc, 0x73, 0xcd, 0x6b, 0xcd, 0x6b, 0xcd, 0x6b, 0xed, 0x73, 0xcc, 0x73, 0xec, 0x7b, 0xcc, 0x73,
    0xcc, 0x6b, 0xcc, 0x7b, 0xcb, 0x83, 0xeb, 0x8b, 0xcb, 0x83, 0xeb, 0x8b, 0xcb, 0x83, 0xeb, 0x83,
    0x2b, 0x9c, 0x2c, 0x8c, 0xcc, 0x7b, 0xec, 0x7b, 0x0d, 0x74, 0x0d, 0x74, 0x0d, 0x6c, 0xed, 0x73,
    0x0d, 0x74, 0x0d, 0x7c, 0x86, 0xab, 0xa6, 0xb3, 0x44, 0xab, 0x65, 0xab, 0x44, 0xb3, 0x65, 0xb3,
    0x85, 0xb3, 0x64, 0xab, 0x85, 0xbb, 0x85, 0xbb, 0xa5, 0xbb, 0x85, 0xbb, 0x44, 0xab, 0x44, 0xb3,
    0x44, 0xb3, 0x44, 0xab, 0x24, 0xa3, 0x04, 0xa3, 0x44, 0xab, 0x24, 0xa3, 0x24, 0xa3, 0x04, 0xa3,
    0x44, 0xab, 0x44, 0xab, 0x24, 0xab, 0x44, 0xab, 0x44, 0xab, 0x64, 0xb3, 0x64, 0xb3, 0x44, 0xab,
    0x44, 0xab, 0x64, 0xb3, 0x85, 0xbb, 0x44, 0xb3, 0x44, 0xab, 0xe5, 0x92, 0xc5, 0x8a, 0xc6, 0x8a,
    0xc5, 0x8a, 0x45, 0xab, 0xe5, 0xc3, 0xc5, 0xc3, 0xc5, 0xbb, 0x25, 0xa3, 0x45, 0xab, 0x44, 0xab,
    0x45, 0xab, 0x06, 0x9b, 0xc6, 0x82, 0xc6, 0x82, 0xa6, 0x82, 0xa6, 0x7a, 0xa6, 0x7a, 0xa6, 0x82,
    0xe5, 0x92, 0xa6, 0x8a, 0xa6, 0x7a, 0xc5, 0x8a, 0xe4, 0x9a, 0xc4, 0x9a, 0x24, 0xab, 0x44, 0xb3,
    0x24, 0xa3, 0xc4, 0x92, 0xa4, 0x8a, 0xa5, 0x82, 0xc5, 0x92, 0x85, 0x82, 0x85, 0x7a, 0x66, 0x7a,
    0x86, 0x7a, 0x86, 0x7a, 0x85, 0x7a, 0x85, 0x7a, 0xc5, 0x8a, 0x85, 0x7a, 0xa5, 0x8a, 0x29, 0x01,
    0x8b, 0x7b, 0x8b, 0x73, 0xab, 0x73, 0xaa, 0x7b, 0xab, 0x7b, 0xaa, 0x83, 0x0a, 0x9c, 0x0a, 0x9c,
    0xca, 0x83, 0xca, 0x8b, 0xaa, 0x83, 0xe9, 0x93, 0xe8, 0xa3, 0xe8, 0xab, 0xc8, 0xa3, 0xe8, 0xa3,
    0xe9, 0x9b, 0x09, 0xac, 0x08, 0xac, 0x08, 0xac, 0xe8, 0xab, 0xc9, 0x93, 0xe8, 0xa3, 0x2a, 0xac,
    0x09, 0xac, 0xeb, 0x8b, 0xed, 0x6b, 0xed, 0x6b, 0xed, 0x6b, 0xcd, 0x6b, 0xcd, 0x6b, 0xed, 0x73,
    0xed, 0x6b, 0xcd, 0x6b, 0xcd, 0x6b, 0xcd, 0x6b, 0xcc, 0x6b, 0xac, 0x6b, 0xcc, 0x6b, 0x8a, 0x7b,
    0xac, 0x73, 0xcc, 0x7b, 0xcb, 0x7b, 0xcb, 0x7b, 0xcb, 0x7b, 0xed, 0x73, 0x44, 0xab, 0x45, 0xab,
    0x45, 0xab, 0x65, 0xb3, 0x85, 0xb3, 0x65, 0xab, 0x45, 0xab, 0x65, 0xb3, 0x85, 0xb3, 0x85, 0xbb,
    0xa5, 0xbb, 0x85, 0xbb, 0x85, 0xb3, 0x85, 0xbb, 0x85, 0xbb, 0xa5, 0xbb, 0xa5, 0xbb, 0xa5, 0xbb,
    0xa5, 0xbb, 0xa5, 0xbb, 0xa5, 0xbb, 0x85, 0xbb, 0x84, 0xbb, 0x84, 0xbb, 0x44, 0xab, 0x44, 0xb3,
    0x44, 0xb3, 0x44, 0xb3, 0x44, 0xb3, 0x44, 0xb3, 0x44, 0xb3, 0x64, 0xb3, 0x44, 0xb3, 0x64, 0xb3,
    0xc5, 0xc3, 0xc5, 0xbb, 0x25, 0xa3, 0x05, 0x9b, 0xe5, 0x92, 0xe6, 0x8a, 0x45, 0xab, 0x45, 0xab,
    0x64, 0xb3, 0xa5, 0xbb, 0x85, 0xbb, 0x85, 0xb3, 0xc5, 0x8a, 0xe6, 0x8a, 0xc6, 0x82, 0xe6, 0x92,
    0xe5, 0x92, 0x06, 0x93, 0xc6, 0x82, 0xc7, 0x7a, 0xa6, 0x7a, 0xa6, 0x7a, 0xc6, 0x82, 0x86, 0x7a,
    0x86, 0x7a, 0xa6, 0x82, 0xe4, 0x9a, 0x24, 0xa3, 0x24, 0xab, 0x44, 0xb3, 0x44, 0xab, 0x23, 0xb3,
    0x44, 0xab, 0x44, 0xb3, 0x64, 0xb3, 0x24, 0xab, 0x24, 0xab, 0xc4, 0x92, 0xe4, 0x9a, 0x23, 0xab,
    0x03, 0xa3, 0x04, 0xa3, 0x04, 0xa3, 0x23, 0xab, 0x03, 0xa3, 0x03, 0xa3, 0x85, 0x7a, 0x09, 0x01,
    0x69, 0x83, 0x69, 0x83, 0x89, 0x83, 0x89, 0x8b, 0x89, 0x8b, 0x89, 0x83, 0x8a, 0x7b, 0x89, 0x83,
    0x8a, 0x83, 0x89, 0x83, 0x8a, 0x7b, 0x8a, 0x8b, 0xaa, 0x83, 0x8a, 0x8b, 0xa9, 0x93, 0xa9, 0x93,
    0xaa, 0x93, 0xaa, 0x8b, 0xaa, 0x8b, 0x89, 0x8b, 0x09, 0xb4, 0xc8, 0xab, 0xe8, 0xab, 0xc8, 0xab,
    0xc8, 0xab, 0xe8, 0xab, 0x09, 0xb4, 0xe9, 0xab, 0xe9, 0xab, 0xc8, 0xab, 0xe9, 0xa3, 0xe8, 0xab,
    0xc8, 0xa3, 0xe8, 0xab, 0xa9, 0x9b, 0xa8, 0x9b, 0x8a, 0x83, 0xab, 0x7b, 0xab, 0x7b, 0xaa, 0x83,
    0xcb, 0x7b, 0xab, 0x7b, 0xab, 0x7b, 0xab, 0x7b, 0xcb, 0x7b, 0x45, 0xa3, 0x65, 0xa3, 0x66, 0xa3,
    0x67, 0x9b, 0x66, 0x9b, 0x66, 0xa3, 0x85, 0xab, 0x85, 0xb3, 0x65, 0xab, 0x64, 0xb3, 0x44, 0xab,
    0x24, 0xab, 0x44, 0xab, 0x44, 0xab, 0x64, 0xb3, 0x64, 0xb3, 0x24, 0xab, 0x03, 0xab, 0x24, 0xab,
    0x24, 0xab, 0x24, 0xab, 0x24, 0xab, 0x04, 0xab, 0x23, 0xab, 0x24, 0xab, 0x44, 0xb3, 0x64, 0xb3,
    0x64, 0xb3, 0x44, 0xb3, 0x44, 0xb3, 0xa5, 0xbb, 0xa5, 0xbb, 0xa5, 0xbb, 0xa5, 0xbb, 0xa5, 0xbb,
    0xa5, 0xbb, 0x64, 0xb3, 0x85, 0xb3, 0x06, 0xc4, 0xe6, 0xc3, 0xe6, 0xc3, 0xc6, 0xbb, 0xe6, 0xc3,
    0xe6, 0xc3, 0x06, 0xc4, 0x06, 0xc4, 0xe6, 0xc3, 0xa5, 0xbb, 0x04, 0xa3, 0x65, 0xab, 0x86, 0xb3,
    0xc6, 0xbb, 0xe6, 0xc3, 0xe7, 0xc3, 0xe6, 0xbb, 0x65, 0xab, 0x65, 0xb3, 0x44, 0xab, 0x64, 0xab,
    0x24, 0xab, 0x44, 0xab, 0x45, 0xab, 0x24, 0xab, 0x24, 0xab, 0x04, 0xa3, 0xe3, 0xa2, 0xa4, 0x92,
    0xc4, 0x9a, 0x24, 0xab, 0xe3, 0x9a, 0xc4, 0x92, 0xc4, 0x92, 0xe4, 0x9a, 0xc4, 0x92, 0xc4, 0x92,
    0xc4, 0x92, 0xc4, 0x92, 0xc4, 0x92, 0xc4, 0x92, 0xc4, 0x92, 0xe4, 0x9a, 0xa4, 0x8a, 0x09, 0x01,
    0x04, 0xc4, 0x05, 0xcc, 0x04, 0xcc, 0x04, 0xcc, 0xe4, 0xc3, 0x04, 0xc4, 0x04, 0xcc, 0xe4, 0xcb,
    0xc4, 0xc3, 0xc4, 0xc3, 0x04, 0xc4, 0x04, 0xc4, 0x04, 0xcc, 0x04, 0xcc, 0x24, 0xcc, 0x24, 0xcc,
    0x24, 0xcc, 0x24, 0xcc, 0x83, 0xbb, 0x04, 0xcc, 0xe4, 0xc3, 0xc4, 0xcb, 0x83, 0xbb, 0xc4, 0xc3,
    0xc4, 0xc3, 0x63, 0xbb, 0x83, 0xbb, 0x83, 0xbb, 0x63, 0xb3, 0x63, 0xbb, 0x63, 0xbb, 0xc4, 0xc3,
    0xa4, 0xbb, 0xc4, 0xc3, 0xa4, 0xc3, 0xa3, 0xbb, 0xc4, 0xc3, 0xa3, 0xbb, 0xa3, 0xbb, 0xa3, 0xbb,
    0xa4, 0xbb, 0xa4, 0xbb, 0x83, 0xbb, 0x63, 0xbb, 0x63, 0xb3, 0xa4, 0xbb, 0xa4, 0xc3, 0xa3, 0xc3,
    0x83, 0xbb, 0x84, 0xbb, 0xa4, 0xc3, 0xa4, 0xbb, 0xa4, 0xbb, 0xe4, 0xc3, 0xe5, 0xc3, 0xe5, 0xc3,
    0xe4, 0xc3, 0xe4, 0xc3, 0xe5, 0xc3, 0xe5, 0xc3, 0xe5, 0xc3, 0x05, 0xc4, 0x04, 0xcc, 0xe5, 0xc3,
    0xe4, 0xc3, 0xe4, 0xc3, 0xc4, 0xc3, 0xe4, 0xc3, 0xc4, 0xbb, 0xa4, 0xbb, 0xa4, 0xbb, 0xc4, 0xc3,
    0xa4, 0xbb, 0xa4, 0xc3, 0xe4, 0xc3, 0x05, 0xcc, 0x04, 0xcc, 0xe4, 0xcb, 0x24, 0xcc, 0x25, 0xcc,
    0xc4, 0xc3, 0xa4, 0xc3, 0x64, 0xbb, 0x64, 0xbb, 0x64, 0xbb, 0x84, 0xbb, 0x84, 0xbb, 0xa4, 0xbb,
    0x84, 0xbb, 0xc4, 0xc3, 0xa4, 0xbb, 0xc4, 0xc3, 0xc4, 0xc3, 0xe4, 0xc3, 0xe4, 0xc3, 0xe4, 0xc3,
    0x04, 0xcc, 0x05, 0xcc, 0x05, 0xcc, 0xe4, 0xcb, 0x04, 0xcc, 0x24, 0xcc, 0x25, 0xcc, 0xe4, 0xc3,
    0x04, 0xc4, 0xe4, 0xc3, 0x04, 0xcc, 0xc4, 0xc3, 0xc4, 0xc3, 0xe4, 0xc3, 0xa4, 0xbb, 0x64, 0xbb,
    0x63, 0xbb, 0x83, 0xbb, 0x63, 0xbb, 0x63, 0xbb, 0x63, 0xbb, 0x43, 0xb3, 0x43, 0xb3, 0x43, 0xb3,
    0x43, 0xb3, 0x43, 0xb3, 0x43, 0xb3, 0x43, 0xbb, 0xa4, 0xc3, 0x63, 0xbb, 0x63, 0xb3, 0x4a, 0x01,
    0xe4, 0xc3, 0xc4, 0xc3, 0xc4, 0xc3, 0xc4, 0xc3, 0xc4, 0xc3, 0xa4, 0xc3, 0xc4, 0xc3, 0xc4, 0xc3,
    0xc4, 0xc3, 0xe4, 0xc3, 0xe4, 0xc3, 0x05, 0xcc, 0x04, 0xcc, 0x24, 0xcc, 0x25, 0xcc, 0x25, 0xcc,
    0x25, 0xcc, 0x45, 0xcc, 0x25, 0xcc, 0x25, 0xcc, 0x05, 0xc4, 0x05, 0xcc, 0xe5, 0xcb, 0xe4, 0xc3,
    0xc4, 0xbb, 0xa4, 0xbb, 0x84, 0xbb, 0x84, 0xbb, 0x64, 0xbb, 0x44, 0xb3, 0x64, 0xb3, 0xa4, 0xbb,
    0xa4, 0xbb, 0xc4, 0xc3, 0x84, 0xbb, 0x84, 0xbb, 0xa4, 0xc3, 0x64, 0xb3, 0x64, 0xb3, 0x44, 0xb3,
    0x44, 0xb3, 0x64, 0xb3, 0x64, 0xb3, 0x63, 0xb3, 0x64, 0xb3, 0x25, 0xcc, 0x84, 0xbb, 0xe5, 0xc3,
    0xc4, 0xc3, 0xc4, 0xc3, 0xe5, 0xc3, 0xe4, 0xc3, 0xa4, 0xc3, 0xe5, 0xc3, 0xe5, 0xc3, 0xe5, 0xc3,
    0x05, 0xcc, 0x05, 0xc4, 0xe5, 0xcb, 0xe4, 0xc3, 0xe5, 0xc3, 0xe5, 0xc3, 0xe4, 0xc3, 0xe4, 0xc3,
    0xe4, 0xc3, 0xe4, 0xc3, 0xe4, 0xc3, 0x05, 0xc4, 0x05, 0xcc, 0x45, 0xcc, 0x45, 0xcc, 0x25, 0xcc,
    0x25, 0xcc, 0x25, 0xcc, 0x05, 0xc4, 0xe5, 0xc3, 0xc4, 0xc3, 0xc4, 0xc3, 0xc4, 0xc3, 0xa4, 0xbb,
    0x44, 0xb3, 0x84, 0xbb, 0xe4, 0xc3, 0xe4, 0xc3, 0xe4, 0xc3, 0xc5, 0xc3, 0xe4, 0xc3, 0xe4, 0xc3,
    0xe4, 0xcb, 0x25, 0xcc, 0x05, 0xcc, 0xe4, 0xc3, 0xc4, 0xc3, 0xc4, 0xc3, 0xe4, 0xc3, 0x05, 0xc4,
    0xc4, 0xc3, 0xe4, 0xc3, 0x25, 0xcc, 0x05, 0xcc, 0x04, 0xcc, 0x25, 0xcc, 0x25, 0xcc, 0x05, 0xcc,
    0x05, 0xcc, 0xe4, 0xcb, 0xe4, 0xc3, 0xc4, 0xbb, 0xe4, 0xc3, 0xe5, 0xc3, 0xc4, 0xc3, 0xa4, 0xbb,
    0x84, 0xbb, 0x84, 0xbb, 0x84, 0xbb, 0xa4, 0xbb, 0xa4, 0xbb, 0xa4, 0xbb, 0xa4, 0xbb, 0x84, 0xbb,
    0x83, 0xbb, 0x84, 0xbb, 0xa4, 0xbb, 0xc4, 0xc3, 0xa4, 0xbb, 0xa4, 0xbb, 0xc4, 0xc3, 0x6a, 0x01,
    0xa6, 0xd4, 0x66, 0xd4, 0x86, 0xcc, 0x86, 0xd4, 0xa7, 0xd4, 0x86, 0xcc, 0x86, 0xd4, 0x86, 0xd4,
    0x87, 0xd4, 0x26, 0xcc, 0x46, 0xd4, 0x25, 0xcc, 0x67, 0xd4, 0x26, 0xcc, 0x45, 0xd4, 0x66, 0xd4,
    0x86, 0xd4, 0x86, 0xd4, 0x86, 0xd4, 0x67, 0xd4, 0x87, 0xd4, 0x66, 0xd4, 0x86, 0xd4, 0x86, 0xd4,
    0x44, 0xb3, 0x84, 0xbb, 0xe7, 0xdc, 0xe7, 0xd4, 0xc7, 0xdc, 0xa7, 0xd4, 0xc7, 0xd4, 0xc7, 0xd4,
    0x26, 0xc4, 0x86, 0xd4, 0x86, 0xd4, 0x66, 0xd4, 0xa7, 0xd4, 0x45, 0xcc, 0x46, 0xcc, 0x86, 0xcc,
    0x86, 0xcc, 0x25, 0xcc, 0x25, 0xcc, 0x05, 0xc4, 0x46, 0xcc, 0x25, 0xcc, 0xe4, 0xc3, 0xe4, 0xc3,
    0x05, 0xcc, 0x04, 0xcc, 0x05, 0xcc, 0x45, 0xd4, 0x45, 0xd4, 0x66, 0xd4, 0x65, 0xd4, 0x65, 0xd4,
    0x66, 0xd4, 0x65, 0xd4, 0x65, 0xd4, 0x65, 0xd4, 0x25, 0xcc, 0x86, 0xd4, 0x86, 0xd4, 0x86, 0xd4,
    0x86, 0xd4, 0x85, 0xd4, 0x85, 0xd4, 0x86, 0xd4, 0x85, 0xd4, 0x66, 0xd4, 0xe4, 0xc3, 0x45, 0xcc,
    0xa6, 0xd4, 0xa6, 0xd4, 0xa6, 0xd4, 0xa7, 0xcc, 0xa7, 0xd4, 0xa7, 0xd4, 0xa7, 0xd4, 0x87, 0xd4,
    0x66, 0xcc, 0xa7, 0xd4, 0xa7, 0xd4, 0xa7, 0xd4, 0xc7, 0xd4, 0xc7, 0xd4, 0x87, 0xcc, 0x86, 0xcc,
    0x86, 0xd4, 0x86, 0xd4, 0x86, 0xd4, 0x86, 0xd4, 0xa7, 0xd4, 0xa7, 0xd4, 0x45, 0xcc, 0xe4, 0xc3,
    0xa4, 0xc3, 0xc5, 0xc3, 0x66, 0xcc, 0x25, 0xcc, 0xe4, 0xc3, 0x25, 0xcc, 0x05, 0xcc, 0x25, 0xcc,
    0x05, 0xcc, 0x05, 0xcc, 0x25, 0xcc, 0x25, 0xcc, 0x45, 0xcc, 0x66, 0xd4, 0xc5, 0xc3, 0x25, 0xcc,
    0x05, 0xc4, 0xa4, 0xc3, 0xc4, 0xc3, 0xc4, 0xc3, 0xc4, 0xc3, 0xe5, 0xc3, 0xe4, 0xc3, 0xa4, 0xc3,
    0xc4, 0xc3, 0xe5, 0xc3, 0xc4, 0xc3, 0xc4, 0xc3, 0xc4, 0xc3, 0xc4, 0xc3, 0xe4, 0xc3, 0x6b, 0x01,
    0x65, 0xcc, 0x45, 0xcc, 0x65, 0xcc, 0x66, 0xcc, 0x45, 0xcc, 0x86, 0xcc, 0xa6, 0xd4, 0x65, 0xcc,
    0xa3, 0xc3, 0x45, 0xcc, 0xa6, 0xd4, 0x65, 0xcc, 0xa6, 0xd4, 0xa5, 0xd4, 0x86, 0xd4, 0x85, 0xd4,
    0x86, 0xd4, 0x86, 0xd4, 0xa6, 0xd4, 0x65, 0xcc, 0xa6, 0xd4, 0xa6, 0xd4, 0x65, 0xcc, 0x85, 0xd4,
    0xa6, 0xd4, 0xc6, 0xd4, 0xc6, 0xd4, 0x86, 0xd4, 0x45, 0xcc, 0x05, 0xcc, 0x24, 0xcc, 0x45, 0xcc,
    0x45, 0xcc, 0x85, 0xd4, 0xa6, 0xd4, 0x45, 0xcc, 0x45, 0xd4, 0x65, 0xd4, 0x85, 0xd4, 0xa5, 0xd4,
    0xc6, 0xd4, 0xc6, 0xd4, 0x65, 0xcc, 0x85, 0xd4, 0xa6, 0xd4, 0xc6, 0xd4, 0xc6, 0xd4, 0xa6, 0xd4,
    0x85, 0xd4, 0xa6, 0xd4, 0x86, 0xd4, 0xc6, 0xd4, 0xa6, 0xd4, 0xa6, 0xd4, 0x25, 0xcc, 0x25, 0xcc,
    0x25, 0xcc, 0x05, 0xcc, 0xe4, 0xc3, 0xe4, 0xc3, 0x24, 0xcc, 0xe4, 0xc3, 0x04, 0xcc, 0x04, 0xcc,
    0x65, 0xd4, 0x65, 0xd4, 0x86, 0xd4, 0xc6, 0xd4, 0xa6, 0xd4, 0xc6, 0xd4, 0xc6, 0xd4, 0xc6, 0xd4,
    0xc6, 0xd4, 0xc6, 0xd4, 0x65, 0xd4, 0x85, 0xd4, 0xe6, 0xd4, 0x25, 0xcc, 0xa6, 0xd4, 0x86, 0xd4,
    0x86, 0xcc, 0xc7, 0xd4, 0x66, 0xcc, 0x66, 0xcc, 0x86, 0xcc, 0xa4, 0xc3, 0x65, 0xd4, 0x85, 0xd4,
    0x65, 0xd4, 0x66, 0xcc, 0xa6, 0xd4, 0xa6, 0xd4, 0x85, 0xd4, 0x85, 0xd4, 0x85, 0xcc, 0xa6, 0xd4,
    0xc6, 0xd4, 0xa6, 0xd4, 0xa6, 0xd4, 0xc6, 0xd4, 0x86, 0xd4, 0xe4, 0xc3, 0x25, 0xcc, 0x85, 0xcc,
    0x25, 0xcc, 0x45, 0xcc, 0x45, 0xd4, 0x04, 0xcc, 0xa4, 0xc3, 0xa4, 0xc3, 0x25, 0xcc, 0x25, 0xcc,
    0x45, 0xcc, 0x85, 0xd4, 0x04, 0xc4, 0x04, 0xcc, 0x04, 0xc4, 0xc4, 0xc3, 0xc4, 0xc3, 0xc4, 0xc3,
    0xe4, 0xc3, 0xe4, 0xc3, 0xe4, 0xc3, 0x04, 0xcc, 0x04, 0xcc, 0xe4, 0xc3, 0xe4, 0xc3, 0x8b, 0x01,
    0xa4, 0xc3, 0x64, 0xbb, 0x83, 0xbb, 0x05, 0xc4, 0x05, 0xc4, 0xe4, 0xc3, 0xa4, 0xbb, 0x84, 0xbb,
    0x84, 0xbb, 0xa4, 0xc3, 0xa4, 0xc3, 0x43, 0xb3, 0x63, 0xb3, 0x83, 0xbb, 0xe4, 0xc3, 0xc4, 0xc3,
    0xe4, 0xc3, 0x04, 0xcc, 0x25, 0xcc, 0x24, 0xcc, 0x05, 0xcc, 0x04, 0xcc, 0x25, 0xcc, 0x05, 0xcc,
    0x04, 0xcc, 0x04, 0xcc, 0xe4, 0xcb, 0x04, 0xcc, 0xc4, 0xc3, 0xc4, 0xc3, 0xe4, 0xc3, 0x04, 0xcc,
    0x45, 0xcc, 0x24, 0xcc, 0x24, 0xcc, 0x25, 0xcc, 0x04, 0xc4, 0x05, 0xcc, 0x25, 0xcc, 0x25, 0xcc,
    0x04, 0xcc, 0x25, 0xcc, 0x45, 0xcc, 0x25, 0xcc, 0x65, 0xd4, 0x45, 0xcc, 0x85, 0xd4, 0x65, 0xd4,
    0xc6, 0xd4, 0xc6, 0xd4, 0xa6, 0xd4, 0xc6, 0xd4, 0xc6, 0xd4, 0x85, 0xd4, 0xc6, 0xd4, 0xc6, 0xd4,
    0xa5, 0xd4, 0xa5, 0xd4, 0xa6, 0xd4, 0xa5, 0xd4, 0xa5, 0xd4, 0xa6, 0xd4, 0xa5, 0xd4, 0xa5, 0xd4,
    0xa6, 0xd4, 0xc6, 0xdc, 0xa5, 0xdc, 0xc6, 0xd4, 0xc6, 0xd4, 0xc6, 0xd4, 0xc6, 0xd4, 0xc6, 0xd4,
    0x85, 0xd4, 0x85, 0xd4, 0xa6, 0xd4, 0xa6, 0xd4, 0x25, 0xcc, 0x25, 0xcc, 0x04, 0xcc, 0x45, 0xcc,
    0x45, 0xcc, 0x45, 0xd4, 0x45, 0xcc, 0x45, 0xcc, 0x85, 0xd4, 0x86, 0xd4, 0x86, 0xd4, 0x85, 0xd4,
    0x86, 0xd4, 0x85, 0xd4, 0x86, 0xd4, 0xa6, 0xd4, 0x86, 0xd4, 0x85, 0xd4, 0x85, 0xd4, 0xc6, 0xd4,
    0xa4, 0xc3, 0x05, 0xcc, 0x05, 0xcc, 0x65, 0xcc, 0x86, 0xd4, 0x45, 0xcc, 0x65, 0xcc, 0x85, 0xcc,
    0x65, 0xcc, 0x45, 0xcc, 0x65, 0xcc, 0xe4, 0xc3, 0xa4, 0xc3, 0x25, 0xcc, 0x25, 0xcc, 0x45, 0xcc,
    0x45, 0xcc, 0x65, 0xd4, 0x45, 0xcc, 0x05, 0xcc, 0x24, 0xcc, 0xe4, 0xc3, 0x04, 0xc4, 0x24, 0xcc,
    0x04, 0xcc, 0x04, 0xc4, 0xc4, 0xc3, 0xa3, 0xc3, 0xa4, 0xc3, 0xc4, 0xc3, 0xe4, 0xc3, 0x8c, 0x01,
    0xe4, 0xc3, 0x83, 0xbb, 0x63, 0xbb, 0xc4, 0xc3, 0xa4, 0xc3, 0xa4, 0xc3, 0xa4, 0xc3, 0xa4, 0xbb,
    0xc4, 0xc3, 0xc4, 0xc3, 0xe4, 0xc3, 0x84, 0xbb, 0x22, 0xb3, 0x25, 0xcc, 0xc3, 0xbb, 0x83, 0xbb,
    0xc4, 0xc3, 0xe4, 0xc3, 0xe4, 0xc3, 0xe4, 0xc3, 0x42, 0xb3, 0xa4, 0xc3, 0x64, 0xbb, 0x25, 0xcc,
    0x45, 0xd4, 0x66, 0xd4, 0x83, 0xbb, 0xe7, 0xdc, 0xc7, 0xdc, 0xc7, 0xdc, 0x07, 0xe5, 0xe7, 0xdc,
    0xe7, 0xdc, 0xc6, 0xdc, 0xe6, 0xdc, 0xc6, 0xdc, 0x07, 0xdd, 0x07, 0xdd, 0x66, 0xd4, 0xc7, 0xdc,
    0x66, 0xd4, 0xe7, 0xdc, 0xe7, 0xdc, 0xe7, 0xdc, 0xe7, 0xdc, 0xa6, 0xd4, 0x86, 0xd4, 0x86, 0xd4,
    0x25, 0xcc, 0x45, 0xd4, 0x46, 0xd4, 0x65, 0xd4, 0x66, 0xd4, 0x45, 0xd4, 0x25, 0xcc, 0xe6, 0xdc,
    0xe6, 0xdc, 0xc6, 0xd4, 0xe6, 0xdc, 0xe6, 0xdc, 0xe6, 0xdc, 0xc6, 0xd4, 0xc6, 0xd4, 0x85, 0xd4,
    0xe7, 0xdc, 0xc6, 0xdc, 0xc6, 0xdc, 0xc6, 0xdc, 0xa6, 0xd4, 0x65, 0xd4, 0xa6, 0xd4, 0xa6, 0xd4,
    0x86, 0xd4, 0x66, 0xd4, 0x65, 0xd4, 0x05, 0xcc, 0x25, 0xcc, 0xc7, 0xdc, 0xe7, 0xdc, 0xa6, 0xd4,
    0xc6, 0xdc, 0x86, 0xd4, 0xa6, 0xd4, 0xa6, 0xd4, 0xc6, 0xdc, 0xc6, 0xdc, 0xe7, 0xdc, 0xe7, 0xdc,
    0xe7, 0xdc, 0xe7, 0xdc, 0xe7, 0xdc, 0xc7, 0xdc, 0xc7, 0xdc, 0xe7, 0xdc, 0xe6, 0xdc, 0xe7, 0xdc,
    0xe7, 0xdc, 0xa6, 0xdc, 0xc6, 0xdc, 0xa7, 0xdc, 0xc7, 0xdc, 0x66, 0xd4, 0x46, 0xcc, 0xa4, 0xbb,
    0x02, 0xb3, 0x02, 0xb3, 0x22, 0xb3, 0x22, 0xb3, 0x03, 0xab, 0x22, 0xb3, 0x22, 0xb3, 0x43, 0xbb,
    0x83, 0xbb, 0x63, 0xbb, 0x22, 0xb3, 0x22, 0xb3, 0x22, 0xb3, 0x43, 0xb3, 0x02, 0xb3, 0xe2, 0xaa,
    0xe2, 0xaa, 0xe2, 0xaa, 0x02, 0xab, 0xe2, 0xaa, 0xe2, 0xaa, 0x02, 0xab, 0xe2, 0xaa, 0xad, 0x01,
    0xa3, 0xbb, 0xa4, 0xc3, 0xc4, 0xc3, 0x63, 0xbb, 0x63, 0xbb, 0x63, 0xbb, 0x43, 0xb3, 0x63, 0xbb,
    0x43, 0xb3, 0x23, 0xb3, 0x43, 0xb3, 0xc4, 0xc3, 0x04, 0xcc, 0x65, 0xd4, 0x25, 0xd4, 0x25, 0xcc,
    0x45, 0xcc, 0x25, 0xcc, 0x24, 0xcc, 0xc4, 0xc3, 0xa4, 0xc3, 0xc4, 0xc3, 0xe4, 0xc3, 0xa4, 0xc3,
    0xa4, 0xc3, 0xc4, 0xc3, 0xe4, 0xc3, 0xc4, 0xc3, 0xe4, 0xc3, 0xc4, 0xc3, 0xe4, 0xc3, 0xc4, 0xc3,
    0xc4, 0xc3, 0xc4, 0xc3, 0xc4, 0xc3, 0x84, 0xbb, 0x83, 0xbb, 0x84, 0xbb, 0xa4, 0xc3, 0x84, 0xbb,
    0x84, 0xbb, 0x64, 0xb3, 0x84, 0xbb, 0xa4, 0xbb, 0xa4, 0xbb, 0xa4, 0xc3, 0xc4, 0xc3, 0xc4, 0xc3,
    0xe4, 0xc3, 0xe4, 0xc3, 0x04, 0xcc, 0x04, 0xcc, 0xc4, 0xc3, 0xc4, 0xc3, 0xc4, 0xc3, 0xe4, 0xc3,
    0xe4, 0xc3, 0xe4, 0xc3, 0xc4, 0xc3, 0xe4, 0xc3, 0xe4, 0xc3, 0xe4, 0xcb, 0xc4, 0xc3, 0xe4, 0xc3,
    0x04, 0xcc, 0x24, 0xcc, 0x25, 0xcc, 0xc4, 0xc3, 0xe4, 0xc3, 0xe4, 0xc3, 0x04, 0xc4, 0xe4, 0xcb,
    0x04, 0xc4, 0xc4, 0xc3, 0x84, 0xbb, 0xc4, 0xc3, 0x04, 0xc4, 0x04, 0xcc, 0x04, 0xc4, 0x25, 0xcc,
    0x05, 0xcc, 0xe4, 0xc3, 0xc4, 0xc3, 0x25, 0xcc, 0x25, 0xcc, 0xc4, 0xc3, 0x25, 0xcc, 0x45, 0xcc,
    0x25, 0xcc, 0x04, 0xcc, 0xe4, 0xcb, 0xe5, 0xc3, 0xc4, 0xc3, 0xe4, 0xc3, 0xc4, 0xc3, 0xc4, 0xc3,
    0xc4, 0xc3, 0xa4, 0xc3, 0xc4, 0xc3, 0x83, 0xbb, 0x83, 0xbb, 0xe2, 0xaa, 0xe2, 0xaa, 0x02, 0xab,
    0x23, 0xb3, 0x22, 0xb3, 0x43, 0xb3, 0x62, 0x92, 0xc3, 0xc3, 0xa4, 0xc3, 0x83, 0xbb, 0xe2, 0xa2,
    0xc3, 0xa2, 0x62, 0x92, 0x63, 0xbb, 0x63, 0xbb, 0xc3, 0xaa, 0x83, 0x92, 0xe2, 0xa2, 0xe2, 0xaa,
    0x02, 0xb3, 0x22, 0xb3, 0xa2, 0xa2, 0xe2, 0xaa, 0x43, 0xb3, 0x22, 0xb3, 0xa2, 0x9a, 0xcd, 0x01,
    0xe4, 0xc3, 0x63, 0xbb, 0x02, 0xb3, 0x43, 0xb3, 0x63, 0xbb, 0x63, 0xbb, 0x23, 0xb3, 0x23, 0xb3,
    0x43, 0xb3, 0x02, 0xab, 0x22, 0xab, 0xe3, 0xa2, 0x02, 0xab, 0x03, 0xab, 0x03, 0xab, 0x23, 0xab,
    0x43, 0xb3, 0x03, 0xab, 0xe3, 0xa2, 0x43, 0xb3, 0x84, 0xbb, 0xa4, 0xc3, 0xa4, 0xc3, 0x63, 0xbb,
    0x63, 0xb3, 0x43, 0xb3, 0x43, 0xb3, 0x43, 0xb3, 0x64, 0xbb, 0xa4, 0xc3, 0xe4, 0xc3, 0xc4, 0xc3,
    0xa4, 0xc3, 0xa4, 0xbb, 0xc4, 0xc3, 0xe4, 0xc3, 0x85, 0xd4, 0x25, 0xcc, 0xe4, 0xc3, 0xe4, 0xc3,
    0x05, 0xc4, 0xe4, 0xc3, 0x25, 0xcc, 0x45, 0xcc, 0x25, 0xcc, 0x04, 0xcc, 0x25, 0xcc, 0x65, 0xd4,
    0x85, 0xd4, 0x86, 0xd4, 0x85, 0xd4, 0x85, 0xd4, 0x85, 0xd4, 0x85, 0xd4, 0x85, 0xcc, 0xa6, 0xd4,
    0xc6, 0xd4, 0xa6, 0xd4, 0xe4, 0xc3, 0xa6, 0xd4, 0xc6, 0xd4, 0xa6, 0xdc, 0xc5, 0xd4, 0xa6, 0xd4,
    0xa6, 0xd4, 0x86, 0xd4, 0xa6, 0xd4, 0xa6, 0xd4, 0x85, 0xd4, 0x84, 0xbb, 0x25, 0xcc, 0x45, 0xcc,
    0x45, 0xcc, 0x45, 0xcc, 0x65, 0xcc, 0x25, 0xcc, 0x65, 0xcc, 0x25, 0xcc, 0x86, 0xcc, 0xa6, 0xd4,
    0xc6, 0xd4, 0xe6, 0xd4, 0xc6, 0xd4, 0xc6, 0xd4, 0x86, 0xcc, 0x63, 0xb3, 0xa5, 0xd4, 0x86, 0xd4,
    0xa6, 0xd4, 0x86, 0xd4, 0x85, 0xd4, 0xa6, 0xd4, 0xa6, 0xd4, 0x65, 0xcc, 0x65, 0xd4, 0x86, 0xd4,
    0x03, 0xab, 0x45, 0xcc, 0x85, 0xd4, 0x86, 0xcc, 0xc6, 0xd4, 0x25, 0xcc, 0x25, 0xcc, 0x25, 0xcc,
    0x65, 0xcc, 0x45, 0xcc, 0x65, 0xcc, 0x65, 0xd4, 0x65, 0xcc, 0x65, 0xd4, 0x65, 0xcc, 0x24, 0xcc,
    0x04, 0xc4, 0x04, 0xc4, 0x65, 0xcc, 0x45, 0xcc, 0x25, 0xcc, 0x04, 0xcc, 0xa4, 0xbb, 0x45, 0xcc,
    0x45, 0xcc, 0x45, 0xcc, 0x65, 0xcc, 0x45, 0xcc, 0x24, 0xcc, 0xe4, 0xcb, 0x43, 0xb3, 0xcd, 0x01,
    0xc1, 0xa2, 0xe1, 0x79, 0x21, 0x82, 0xa2, 0x9a, 0x01, 0x82, 0x01, 0x82, 0x22, 0xb3, 0xc2, 0xa2,
    0x61, 0x92, 0x41, 0x8a, 0x01, 0x82, 0x21, 0x82, 0x22, 0xb3, 0x43, 0xb3, 0x24, 0xcc, 0x04, 0xcc,
    0x85, 0xd4, 0xa6, 0xd4, 0xc6, 0xd4, 0xe4, 0xc3, 0x85, 0xd4, 0x86, 0xd4, 0xc7, 0xd4, 0x45, 0xcc,
    0x85, 0xd4, 0x83, 0xbb, 0x25, 0xcc, 0x65, 0xd4, 0x85, 0xcc, 0x45, 0xcc, 0x45, 0xcc, 0x04, 0xcc,
    0x25, 0xcc, 0x04, 0xc4, 0x25, 0xcc, 0x25, 0xcc, 0xc3, 0xbb, 0xe4, 0xc3, 0x04, 0xc4, 0x24, 0xcc,
    0xa6, 0xd4, 0xc6, 0xd4, 0xa6, 0xd4, 0xa6, 0xd4, 0x85, 0xd4, 0x85, 0xd4, 0xa6, 0xd4, 0xa6, 0xd4,
    0xa6, 0xd4, 0xa5, 0xd4, 0x85, 0xd4, 0x85, 0xd4, 0xc5, 0xd4, 0xc6, 0xd4, 0xa6, 0xd4, 0xa6, 0xd4,
    0xc6, 0xd4, 0xe6, 0xd4, 0xe6, 0xd4, 0xc6, 0xd4, 0xc6, 0xdc, 0xa6, 0xd4, 0xc6, 0xd4, 0xc6, 0xd4,
    0xa6, 0xd4, 0x24, 0xcc, 0x45, 0xcc, 0xa6, 0xd4, 0x85, 0xd4, 0x85, 0xd4, 0x65, 0xcc, 0x65, 0xd4,
    0x86, 0xd4, 0x86, 0xd4, 0x65, 0xd4, 0xe6, 0xd4, 0xc6, 0xd4, 0xa5, 0xd4, 0xe4, 0xc3, 0x85, 0xd4,
    0x45, 0xd4, 0x85, 0xd4, 0x85, 0xd4, 0x25, 0xcc, 0xc6, 0xd4, 0x86, 0xd4, 0x45, 0xcc, 0x04, 0xcc,
    0xe4, 0xcb, 0xe4, 0xcb, 0xc4, 0xc3, 0xa3, 0xc3, 0x02, 0xab, 0x41, 0x8a, 0x00, 0x82, 0x81, 0x9a,
    0x65, 0xcc, 0x66, 0xd4, 0x25, 0xcc, 0x04, 0xcc, 0x83, 0xbb, 0x45, 0xcc, 0x66, 0xcc, 0xa6, 0xd4,
    0xe4, 0xc3, 0x04, 0xcc, 0x04, 0xcc, 0x04, 0xcc, 0x25, 0xcc, 0x25, 0xd4, 0xc4, 0xc3, 0xe4, 0xc3,
    0x45, 0xcc, 0x25, 0xcc, 0xc4, 0xc3, 0xc4, 0xc3, 0x05, 0xcc, 0x05, 0xcc, 0xe4, 0xc3, 0xe5, 0xcb,
    0xe4, 0xc3, 0xa4, 0xc3, 0xc4, 0xc3, 0x22, 0xab, 0xe2, 0xa2, 0xc2, 0xa2, 0x83, 0xc3, 0xce, 0x01,
    0x65, 0xd4, 0x65, 0xd4, 0x45, 0xcc, 0x65, 0xd4, 0x45, 0xcc, 0xe1, 0x79, 0x21, 0x8a, 0x61, 0x92,
    0x02, 0xab, 0x04, 0xcc, 0x83, 0xbb, 0xe4, 0xc3, 0x45, 0xcc, 0xc4, 0xc3, 0x00, 0x8a, 0x01, 0x82,
    0x63, 0xbb, 0x63, 0xbb, 0xc2, 0xa2, 0xa6, 0xd4, 0x85, 0xd4, 0x86, 0xd4, 0x65, 0xd4, 0x02, 0xa3,
    0x45, 0xd4, 0x85, 0xcc, 0xc3, 0xc3, 0x04, 0xcc, 0x04, 0xcc, 0x24, 0xcc, 0x65, 0xcc, 0x45, 0xd4,
    0x65, 0xcc, 0x65, 0xcc, 0x65, 0xd4, 0x85, 0xd4, 0xc3, 0xc3, 0xa3, 0xc3, 0x04, 0xcc, 0x25, 0xcc,
    0xe2, 0xa2, 0x24, 0xcc, 0x24, 0xcc, 0x85, 0xd4, 0x65, 0xcc, 0x45, 0xcc, 0x45, 0xcc, 0x45, 0xcc,
    0x85, 0xd4, 0x65, 0xcc, 0x65, 0xd4, 0x45, 0xcc, 0x24, 0xcc, 0x25, 0xcc, 0x24, 0xcc, 0x24, 0xcc,
    0x45, 0xcc, 0x65, 0xd4, 0x45, 0xcc, 0x24, 0xcc, 0x45, 0xcc, 0x25, 0xcc, 0x44, 0xcc, 0x24, 0xcc,
    0xe4, 0xc3, 0xc4, 0xc3, 0x24, 0xcc, 0x63, 0xbb, 0x22, 0xb3, 0x63, 0xb3, 0x63, 0xbb, 0x63, 0xbb,
    0x43, 0xb3, 0x43, 0xb3, 0x83, 0xbb, 0xc4, 0xc3, 0xc4, 0xc3, 0x83, 0xbb, 0x83, 0xbb, 0xc1, 0xa2,
    0x63, 0xbb, 0x22, 0xb3, 0x63, 0xbb, 0xa4, 0xbb, 0xe4, 0xc3, 0xe4, 0xc3, 0x04, 0xcc, 0x04, 0xcc,
    0x24, 0xcc, 0x45, 0xcc, 0x45, 0xcc, 0x45, 0xd4, 0x25, 0xcc, 0x65, 0xd4, 0x04, 0xcc, 0x83, 0xbb,
    0x83, 0xbb, 0xa3, 0xbb, 0xe4, 0xc3, 0xc4, 0xc3, 0xa3, 0xbb, 0xe4, 0xc3, 0xe4, 0xc3, 0xe4, 0xc3,
    0x04, 0xcc, 0xc4, 0xc3, 0xc4, 0xc3, 0x63, 0xb3, 0xe4, 0xcb, 0xc4, 0xc3, 0x83, 0xbb, 0x63, 0xbb,
    0x63, 0xbb, 0x43, 0xb3, 0x02, 0xb3, 0x22, 0xb3, 0x43, 0xbb, 0x63, 0xbb, 0x43, 0xb3, 0x83, 0xbb,
    0xa4, 0xc3, 0xa4, 0xc3, 0xc4, 0xc3, 0x63, 0xbb, 0x22, 0xb3, 0x43, 0xb3, 0x02, 0xb3, 0xce, 0x01,
    0xc3, 0x9a, 0x03, 0xab, 0xa4, 0xbb, 0xa4, 0xc3, 0x43, 0x82, 0x02, 0x82, 0x22, 0x82, 0x23, 0x7a,
    0x02, 0x7a, 0x22, 0x7a, 0x83, 0xbb, 0x83, 0xbb, 0x43, 0x8a, 0x22, 0x82, 0x22, 0x82, 0x22, 0x82,
    0x42, 0x8a, 0x83, 0x92, 0x43, 0xb3, 0xa4, 0xc3, 0x63, 0xbb, 0x83, 0xbb, 0xe3, 0xaa, 0xe3, 0xa2,
    0xe3, 0xa2, 0x03, 0xab, 0x64, 0xbb, 0xa3, 0xc3, 0xe4, 0xc3, 0x45, 0xcc, 0xc4, 0xc3, 0x45, 0xcc,
    0x05, 0xcc, 0xa4, 0xbb, 0x24, 0xcc, 0x83, 0xbb, 0x23, 0xb3, 0x63, 0xb3, 0x23, 0xb3, 0x43, 0xb3,
    0xe4, 0xc3, 0x84, 0xbb, 0x84, 0xbb, 0x84, 0xbb, 0xc4, 0xc3, 0xc4, 0xc3, 0x24, 0xcc, 0x85, 0xd4,
    0x45, 0xcc, 0x65, 0xd4, 0x45, 0xcc, 0x65, 0xd4, 0x65, 0xd4, 0x85, 0xd4, 0x86, 0xd4, 0xa4, 0xc3,
    0xa4, 0xc3, 0xe4, 0xc3, 0x45, 0xcc, 0x45, 0xcc, 0x65, 0xcc, 0x65, 0xd4, 0x45, 0xcc, 0x45, 0xcc,
    0x86, 0xd4, 0x85, 0xd4, 0x65, 0xd4, 0x85, 0xd4, 0x65, 0xd4, 0x85, 0xd4, 0x65, 0xcc, 0x65, 0xcc,
    0x65, 0xd4, 0x65, 0xd4, 0x45, 0xcc, 0x86, 0xd4, 0x65, 0xd4, 0x85, 0xcc, 0x65, 0xcc, 0x24, 0xcc,
    0x04, 0xcc, 0x04, 0xc4, 0xe4, 0xcb, 0xa4, 0xc3, 0xc4, 0xc3, 0xc4, 0xc3, 0x04, 0xcc, 0x04, 0xcc,
    0x45, 0xcc, 0x44, 0xcc, 0x45, 0xcc, 0x45, 0xcc, 0x04, 0xc4, 0xe4, 0xc3, 0x83, 0xbb, 0x83, 0xbb,
    0x83, 0xbb, 0xe2, 0xaa, 0x63, 0xbb, 0x23, 0xb3, 0xa3, 0x9a, 0xa3, 0x9a, 0x63, 0x92, 0x22, 0x82,
    0x83, 0x92, 0x62, 0x92, 0x42, 0x82, 0x42, 0x82, 0x42, 0x82, 0x42, 0x8a, 0x42, 0x8a, 0x22, 0x82,
    0x42, 0x82, 0x62, 0x8a, 0x42, 0x8a, 0x62, 0x8a, 0x62, 0x8a, 0x42, 0x8a, 0x02, 0x82, 0x42, 0x8a,
    0x42, 0x82, 0x02, 0x7a, 0x22, 0x82, 0x22, 0x82, 0x22, 0x82, 0x22, 0x82, 0x62, 0x92, 0x2f, 0x0a,
    0xe1, 0x79, 0xa2, 0xa2, 0xc3, 0xa2, 0x42, 0x8a, 0x42, 0x8a, 0x62, 0x92, 0x22, 0x82, 0x42, 0x8a,
    0x42, 0x8a, 0xe2, 0x71, 0xe2, 0x79, 0x42, 0x8a, 0xe2, 0x79, 0x42, 0x92, 0x42, 0x92, 0x22, 0x82,
    0x02, 0x82, 0x62, 0x92, 0x62, 0x92, 0x42, 0x8a, 0x42, 0x8a, 0x22, 0x82, 0x42, 0x8a, 0xa3, 0x9a,
    0x82, 0x9a, 0x82, 0x92, 0xa2, 0x9a, 0x02, 0xab, 0x62, 0x92, 0xc2, 0xa2, 0xa2, 0xa2, 0xa2, 0x9a,
    0xa2, 0x9a, 0x82, 0x92, 0xa2, 0x9a, 0xa2, 0x9a, 0xa2, 0x9a, 0xa2, 0x9a, 0xa2, 0x9a, 0xa2, 0x9a,
    0x82, 0x92, 0x62, 0x92, 0xe2, 0xa2, 0xc3, 0x9a, 0xa2, 0x9a, 0x23, 0xb3, 0xe2, 0xa2, 0x03, 0xab,
    0x22, 0x82, 0xe2, 0xa2, 0x83, 0xbb, 0xa3, 0xbb, 0x85, 0xd4, 0x65, 0xcc, 0x65, 0xd4, 0x85, 0xd4,
    0x65, 0xcc, 0x65, 0xcc, 0xa6, 0xd4, 0xe4, 0xcb, 0x65, 0xcc, 0x85, 0xd4, 0xa6, 0xd4, 0x85, 0xd4,
    0x85, 0xd4, 0x85, 0xd4, 0x65, 0xd4, 0x44, 0xcc, 0x45, 0xcc, 0xa6, 0xd4, 0x85, 0xd4, 0xa6, 0xd4,
    0xa6, 0xd4, 0x65, 0xd4, 0x65, 0xd4, 0x45, 0xcc, 0x65, 0xd4, 0x65, 0xd4, 0x45, 0xcc, 0x65, 0xd4,
    0x65, 0xcc, 0x86, 0xd4, 0x65, 0xd4, 0x45, 0xcc, 0x65, 0xcc, 0x25, 0xcc, 0x65, 0xcc, 0x65, 0xcc,
    0x85, 0xd4, 0x65, 0xd4, 0x85, 0xd4, 0x85, 0xd4, 0x24, 0xcc, 0x24, 0xcc, 0xa6, 0xd4, 0x22, 0xab,
    0xa2, 0x9a, 0x23, 0xb3, 0xc2, 0xa2, 0xe2, 0xaa, 0x43, 0xbb, 0x43, 0xb3, 0x62, 0x92, 0x22, 0xb3,
    0x63, 0xbb, 0x43, 0xb3, 0x83, 0xbb, 0x43, 0xb3, 0x63, 0xbb, 0x22, 0xb3, 0x42, 0x8a, 0x42, 0x8a,
    0x22, 0x8a, 0x22, 0x82, 0x22, 0x82, 0x62, 0x8a, 0x21, 0x82, 0xe1, 0x79, 0x82, 0x9a, 0x62, 0x92,
    0xe1, 0x71, 0x02, 0x82, 0x02, 0x82, 0x22, 0x82, 0x22, 0x8a, 0x21, 0x8a, 0x41, 0x8a, 0x2f, 0x0a,
    0xe2, 0xaa, 0x03, 0xab, 0x43, 0xb3, 0x23, 0xb3, 0x23, 0xb3, 0xe2, 0xaa, 0xc2, 0xa2, 0xe2, 0xaa,
    0x43, 0xb3, 0x23, 0xb3, 0x83, 0xbb, 0x83, 0xc3, 0x83, 0xbb, 0x23, 0xb3, 0xa3, 0xc3, 0x63, 0xbb,
    0xc4, 0xc3, 0xa3, 0xbb, 0x63, 0xbb, 0x83, 0xbb, 0x02, 0xab, 0x63, 0xbb, 0xc4, 0xc3, 0xc4, 0xc3,
    0x63, 0xbb, 0xa4, 0xc3, 0x84, 0xbb, 0xa4, 0xc3, 0x04, 0xcc, 0x25, 0xcc, 0x25, 0xcc, 0xe4, 0xc3,
    0xe4, 0xcb, 0xa4, 0xc3, 0xa3, 0xc3, 0xa3, 0xbb, 0x45, 0xd4, 0x65, 0xcc, 0x86, 0xd4, 0x65, 0xcc,
    0x25, 0xcc, 0xc6, 0xdc, 0x45, 0xcc, 0xa6, 0xd4, 0x65, 0xcc, 0xc6, 0xdc, 0x45, 0xcc, 0xc6, 0xd4,
    0xa6, 0xd4, 0x45, 0xcc, 0xa6, 0xd4, 0x86, 0xd4, 0x45, 0xcc, 0x65, 0xcc, 0x86, 0xd4, 0x45, 0xcc,
    0x24, 0xcc, 0x25, 0xcc, 0x65, 0xd4, 0x65, 0xd4, 0xa5, 0xd4, 0x65, 0xcc, 0x65, 0xd4, 0x45, 0xcc,
    0x24, 0xcc, 0x24, 0xcc, 0x25, 0xcc, 0x04, 0xcc, 0xc3, 0xc3, 0x83, 0xbb, 0xa3, 0xbb, 0xa3, 0xbb,
    0xa3, 0xbb, 0x45, 0xcc, 0x45, 0xd4, 0x65, 0xd4, 0x25, 0xcc, 0xa5, 0xd4, 0xa6, 0xd4, 0xa6, 0xd4,
    0xc6, 0xd4, 0x45, 0xcc, 0x25, 0xcc, 0x65, 0xd4, 0x65, 0xd4, 0x42, 0xab, 0x65, 0xd4, 0x65, 0xd4,
    0x45, 0xcc, 0x24, 0xcc, 0x41, 0x8a, 0x41, 0x8a, 0xc2, 0xa2, 0x80, 0x92, 0xe3, 0xc3, 0x04, 0xcc,
    0x24, 0xcc, 0xe4, 0xcb, 0x04, 0xcc, 0xe4, 0xc3, 0xc3, 0xc3, 0xa3, 0xc3, 0xa4, 0xc3, 0xa3, 0xbb,
    0x04, 0xcc, 0x25, 0xcc, 0x45, 0xd4, 0x00, 0x8a, 0x41, 0x8a, 0xe4, 0xcb, 0xc4, 0xc3, 0x83, 0xbb,
    0xa3, 0xc3, 0x42, 0xb3, 0x43, 0xbb, 0x63, 0xbb, 0x63, 0xbb, 0x61, 0x92, 0x02, 0xab, 0xe2, 0xaa,
    0x43, 0xbb, 0x42, 0xbb, 0x22, 0xb3, 0xc2, 0xaa, 0xc2, 0xaa, 0xc2, 0xa2, 0xa2, 0xa2, 0x0f, 0x0a,
    0xe2, 0xaa, 0xe2, 0xaa, 0x22, 0xb3, 0x22, 0xb3, 0x82, 0x9a, 0xc2, 0xaa, 0x02, 0xab, 0xe2, 0xaa,
    0xe2, 0xaa, 0xe2, 0xaa, 0x43, 0xb3, 0xe2, 0xaa, 0xe2, 0xaa, 0x22, 0xb3, 0x22, 0xb3, 0x82, 0x9a,
    0x43, 0xb3, 0x63, 0xbb, 0x63, 0xbb, 0x63, 0xbb, 0xc2, 0xaa, 0xc2, 0xa2, 0xc2, 0xa2, 0xe2, 0xaa,
    0xe2, 0xaa, 0xe2, 0xaa, 0xc2, 0xa2, 0xe2, 0xaa, 0xe2, 0xaa, 0xc2, 0xa2, 0xa2, 0xa2, 0xa2, 0x9a,
    0x82, 0x9a, 0x82, 0x9a, 0xe2, 0xaa, 0x63, 0xbb, 0x04, 0xcc, 0xc4, 0xc3, 0x85, 0xd4, 0x45, 0xcc,
    0x65, 0xcc, 0x05, 0xcc, 0x04, 0xcc, 0x04, 0xcc, 0x65, 0xcc, 0x85, 0xd4, 0x24, 0xcc, 0x25, 0xcc,
    0x65, 0xcc, 0x65, 0xcc, 0x25, 0xcc, 0x24, 0xcc, 0x45, 0xcc, 0x25, 0xcc, 0x24, 0xcc, 0x65, 0xd4,
    0x45, 0xcc, 0x65, 0xcc, 0x45, 0xcc, 0x25, 0xcc, 0x25, 0xcc, 0x25, 0xcc, 0x25, 0xcc, 0x85, 0xd4,
    0x86, 0xd4, 0x45, 0xcc, 0x65, 0xd4, 0x65, 0xd4, 0x65, 0xd4, 0x45, 0xcc, 0x45, 0xcc, 0x65, 0xcc,
    0x05, 0xcc, 0x85, 0xd4, 0xc6, 0xd4, 0x04, 0xcc, 0x85, 0xcc, 0x45, 0xcc, 0x45, 0xcc, 0x45, 0xcc,
    0xa4, 0xbb, 0x63, 0xbb, 0x23, 0xab, 0x23, 0xb3, 0x02, 0xab, 0xe2, 0xa2, 0x63, 0xbb, 0xa4, 0xbb,
    0x05, 0xcc, 0xa3, 0x9a, 0x43, 0x82, 0x42, 0x82, 0x22, 0x7a, 0x42, 0x82, 0x43, 0x82, 0xa4, 0xc3,
    0xc3, 0xc3, 0xe4, 0xc3, 0xa3, 0xbb, 0xa3, 0xc3, 0xc4, 0xc3, 0x62, 0x92, 0x22, 0xb3, 0x63, 0xbb,
    0xe4, 0xcb, 0xa3, 0xc3, 0xa4, 0xc3, 0xa4, 0xc3, 0xa3, 0xc3, 0x22, 0xb3, 0x43, 0xb3, 0x83, 0xbb,
    0xa3, 0xc3, 0xa3, 0xc3, 0x83, 0xc3, 0x62, 0xbb, 0x62, 0x92, 0x02, 0xb3, 0x02, 0xb3, 0x02, 0xb3,
    0xe0, 0x79, 0x01, 0x82, 0x02, 0xb3, 0xe2, 0xaa, 0xe2, 0xaa, 0x82, 0x9a, 0x82, 0x9a, 0x71, 0x0a,
    0xe2, 0xb2, 0xe2, 0xaa, 0x02, 0xb3, 0xe2, 0xaa, 0xe2, 0xaa, 0xe2, 0xaa, 0x02, 0xab, 0xe2, 0xaa,
    0xe2, 0xaa, 0xa1, 0xa2, 0x02, 0xb3, 0x02, 0xab, 0xc2, 0xaa, 0x02, 0xab, 0x02, 0xab, 0xe2, 0xaa,
    0x02, 0xab, 0x02, 0xb3, 0x02, 0xb3, 0x02, 0xb3, 0xe2, 0xaa, 0xe2, 0xaa, 0xe2, 0xaa, 0xa2, 0xa2,
    0xe2, 0xaa, 0xc2, 0xaa, 0xe2, 0xaa, 0x02, 0xab, 0xe2, 0xaa, 0xc2, 0xa2, 0x82, 0x9a, 0x82, 0x9a,
    0xa2, 0xa2, 0x02, 0xab, 0x02, 0xab, 0x63, 0xbb, 0x84, 0xc3, 0x43, 0xb3, 0x83, 0xbb, 0x63, 0xbb,
    0xc4, 0xc3, 0xa3, 0xbb, 0x83, 0xbb, 0x83, 0xbb, 0xe4, 0xcb, 0x24, 0xcc, 0x04, 0xcc, 0x04, 0xcc,
    0x04, 0xc4, 0x66, 0xd4, 0x45, 0xcc, 0x65, 0xcc, 0x25, 0xcc, 0x45, 0xd4, 0x25, 0xcc, 0x45, 0xcc,
    0x45, 0xd4, 0x45, 0xd4, 0x66, 0xd4, 0x45, 0xd4, 0x45, 0xcc, 0x45, 0xcc, 0x45, 0xcc, 0x65, 0xd4,
    0x45, 0xcc, 0x45, 0xcc, 0x45, 0xd4, 0x66, 0xd4, 0x45, 0xd4, 0x65, 0xd4, 0x65, 0xd4, 0x66, 0xd4,
    0xe4, 0xcb, 0x05, 0xcc, 0x25, 0xcc, 0x05, 0xcc, 0x66, 0xd4, 0x46, 0xd4, 0x26, 0xcc, 0x25, 0xcc,
    0xa4, 0xbb, 0xc4, 0xc3, 0x23, 0xb3, 0x02, 0xab, 0xc2, 0xa2, 0xc2, 0xa2, 0xe3, 0xa2, 0xc2, 0x9a,
    0x03, 0xab, 0xa3, 0x9a, 0xa2, 0x92, 0x22, 0x82, 0x02, 0x7a, 0xe2, 0x71, 0x02, 0x7a, 0x83, 0x92,
    0xc5, 0xc3, 0xc5, 0xc3, 0x44, 0xb3, 0x62, 0x92, 0x42, 0x8a, 0x22, 0xb3, 0x63, 0xbb, 0x83, 0xbb,
    0x63, 0xbb, 0x83, 0xbb, 0x43, 0xbb, 0x83, 0xbb, 0x63, 0xbb, 0x43, 0xb3, 0x43, 0xb3, 0x23, 0xab,
    0x64, 0xb3, 0x23, 0xb3, 0x41, 0x8a, 0x01, 0x82, 0xe2, 0xaa, 0x23, 0xb3, 0x02, 0xb3, 0x02, 0xab,
    0x81, 0x9a, 0x21, 0x8a, 0x21, 0x8a, 0x41, 0x92, 0x82, 0x9a, 0xe2, 0xaa, 0xe2, 0xaa, 0x70, 0x0a,
    0xe2, 0xaa, 0x82, 0x9a, 0xc1, 0xa2, 0xc1, 0xaa, 0xc2, 0xaa, 0x82, 0x9a, 0x02, 0x8a, 0x42, 0x8a,
    0x62, 0x92, 0xa2, 0x9a, 0xc2, 0xaa, 0xe2, 0xaa, 0xe2, 0xaa, 0x43, 0xb3, 0xc2, 0xa2, 0xa2, 0xa2,
    0x42, 0xb3, 0x22, 0xb3, 0x02, 0xb3, 0x02, 0xb3, 0x42, 0xb3, 0x22, 0xb3, 0x62, 0xbb, 0x42, 0xb3,
    0x02, 0xb3, 0x22, 0xb3, 0x22, 0xb3, 0x22, 0xb3, 0x02, 0xb3, 0x22, 0xb3, 0x02, 0xb3, 0x42, 0xb3,
    0x42, 0xb3, 0x02, 0xb3, 0xc2, 0xa2, 0xe2, 0xaa, 0x83, 0xbb, 0x83, 0xbb, 0x63, 0xb3, 0xa3, 0xc3,
    0x22, 0xb3, 0x63, 0xbb, 0x63, 0xbb, 0x63, 0xbb, 0x83, 0xbb, 0x63, 0xbb, 0x83, 0xbb, 0x43, 0xb3,
    0x63, 0xbb, 0x23, 0xb3, 0x83, 0xbb, 0xa3, 0xc3, 0xa3, 0xc3, 0xa3, 0xc3, 0x83, 0xc3, 0x63, 0xbb,
    0x83, 0xbb, 0xa4, 0xc3, 0x83, 0xbb, 0xa3, 0xc3, 0xc4, 0xc3, 0xe4, 0xc3, 0xa3, 0xc3, 0xa3, 0xc3,
    0x04, 0xcc, 0xe4, 0xc3, 0xa3, 0xc3, 0xc4, 0xc3, 0x04, 0xcc, 0x04, 0xcc, 0xa3, 0xc3, 0xa3, 0xc3,
    0xa3, 0xc3, 0xc4, 0xc3, 0x45, 0xcc, 0x65, 0xcc, 0x65, 0xd4, 0x45, 0xcc, 0x45, 0xcc, 0x04, 0xcc,
    0xc4, 0xc3, 0x04, 0xcc, 0x04, 0xcc, 0xa3, 0xbb, 0x83, 0xc3, 0xa3, 0xc3, 0xc3, 0xc3, 0xc3, 0xc3,
    0xc3, 0xc3, 0xc3, 0xc3, 0xe4, 0xcb, 0x04, 0xcc, 0xa3, 0xc3, 0xa3, 0xc3, 0x22, 0xb3, 0x63, 0xbb,
    0x62, 0xbb, 0x63, 0xbb, 0x42, 0xb3, 0x62, 0xbb, 0x42, 0xbb, 0x62, 0xbb, 0x42, 0xb3, 0x02, 0xb3,
    0xa3, 0xc3, 0x42, 0xb3, 0x02, 0xb3, 0x22, 0xb3, 0x02, 0xb3, 0xc2, 0xa2, 0x22, 0xb3, 0x42, 0xbb,
    0x62, 0xbb, 0x22, 0xb3, 0x22, 0xb3, 0x22, 0xb3, 0x42, 0xb3, 0x22, 0xbb, 0x22, 0xb3, 0x02, 0xb3,
    0xe2, 0xb2, 0x02, 0xb3, 0x02, 0xab, 0x02, 0xab, 0xe2, 0xaa, 0x02, 0xb3, 0x02, 0xab, 0x91, 0x12,
    0xc2, 0xaa, 0xe2, 0xaa, 0xe2, 0xaa, 0xe2, 0xaa, 0xc2, 0xaa, 0xc2, 0xaa, 0xc1, 0xaa, 0xe2, 0xaa,
    0xe2, 0xaa, 0xe2, 0xaa, 0x02, 0xab, 0x22, 0xb3, 0x22, 0xb3, 0x02, 0xab, 0xe2, 0xaa, 0x02, 0xb3,
    0xc2, 0xa2, 0x22, 0xb3, 0x22, 0xb3, 0x02, 0xb3, 0x62, 0x92, 0x22, 0xb3, 0x02, 0xb3, 0x42, 0xb3,
    0x22, 0xb3, 0x02, 0xb3, 0x22, 0xb3, 0xe2, 0xaa, 0xc2, 0xaa, 0x02, 0xb3, 0x42, 0xb3, 0x22, 0xb3,
    0x02, 0xb3, 0x02, 0xab, 0x02, 0xb3, 0x22, 0xb3, 0x02, 0xab, 0x43, 0xb3, 0x63, 0xbb, 0x02, 0xab,
    0xc4, 0xc3, 0xc4, 0xc3, 0x83, 0xc3, 0x63, 0xbb, 0x83, 0xbb, 0x83, 0xbb, 0xc4, 0xc3, 0xe4, 0xc3,
    0xc4, 0xc3, 0xe4, 0xc3, 0xe4, 0xc3, 0xa3, 0xc3, 0xa4, 0xc3, 0xa3, 0xc3, 0x04, 0xcc, 0x25, 0xcc,
    0x25, 0xcc, 0x25, 0xcc, 0x25, 0xcc, 0x04, 0xcc, 0xc3, 0xc3, 0xc4, 0xc3, 0xa3, 0xc3, 0xc4, 0xc3,
    0xa3, 0xc3, 0xc4, 0xc3, 0xc4, 0xc3, 0xa3, 0xc3, 0x83, 0xbb, 0xa3, 0xbb, 0xc4, 0xc3, 0xc4, 0xc3,
    0xa3, 0xc3, 0xe4, 0xcb, 0xc4, 0xc3, 0xe4, 0xc3, 0x45, 0xcc, 0x65, 0xcc, 0x65, 0xcc, 0x24, 0xcc,
    0x24, 0xcc, 0x24, 0xcc, 0x04, 0xcc, 0xe4, 0xc3, 0x83, 0xbb, 0x83, 0xbb, 0xc4, 0xc3, 0x83, 0xbb,
    0xa3, 0xc3, 0xa3, 0xc3, 0xa4, 0xc3, 0xa4, 0xc3, 0x83, 0xbb, 0x83, 0xbb, 0x83, 0xbb, 0x42, 0xbb,
    0x43, 0xbb, 0x63, 0xbb, 0x43, 0xb3, 0x63, 0xbb, 0x22, 0xb3, 0xe2, 0xaa, 0xe2, 0xaa, 0xe2, 0xaa,
    0x02, 0xab, 0xa2, 0x9a, 0x23, 0xb3, 0x03, 0xb3, 0xe2, 0xaa, 0x22, 0xb3, 0x62, 0xbb, 0x22, 0xb3,
    0x01, 0xb3, 0x02, 0xb3, 0x60, 0x69, 0xa1, 0x69, 0xa1, 0x69, 0xa1, 0x69, 0x81, 0x69, 0x41, 0x92,
    0xe2, 0xaa, 0xe2, 0xaa, 0xe2, 0xaa, 0x02, 0xab, 0x02, 0xab, 0x02, 0xab, 0x02, 0xb3, 0xb1, 0x12,
    0xa0, 0x71, 0x60, 0x69, 0xc1, 0x79, 0x00, 0x59, 0x20, 0x59, 0x41, 0x59, 0x01, 0x82, 0x21, 0x8a,
    0x61, 0x92, 0x42, 0xb3, 0x43, 0xbb, 0x63, 0xbb, 0x42, 0xbb, 0x22, 0xb3, 0xe2, 0xaa, 0x41, 0x92,
    0x82, 0x9a, 0x62, 0x92, 0xe2, 0xaa, 0xa2, 0xa2, 0x02, 0xab, 0xa2, 0xa2, 0x22, 0xb3, 0x63, 0xbb,
    0x22, 0xbb, 0xe2, 0xaa, 0x42, 0xb3, 0x42, 0xbb, 0x22, 0xb3, 0x02, 0xab, 0xa1, 0x9a, 0x22, 0xb3,
    0x02, 0xab, 0x42, 0xb3, 0x02, 0xab, 0x42, 0xbb, 0x83, 0xbb, 0x63, 0xbb, 0x62, 0x92, 0x42, 0x92,
    0x62, 0x92, 0xa2, 0xa2, 0x62, 0x92, 0x82, 0x92, 0x82, 0x9a, 0xe2, 0xaa, 0x42, 0xb3, 0xa3, 0xc3,
    0xa3, 0xc3, 0xc3, 0xc3, 0xa3, 0xc3, 0x42, 0xb3, 0x63, 0xbb, 0x43, 0xb3, 0x42, 0xb3, 0x42, 0xbb,
    0x63, 0xbb, 0xa3, 0xc3, 0xc4, 0xc3, 0xc3, 0xc3, 0xc3, 0xc3, 0xc4, 0xc3, 0xa3, 0xc3, 0xc4, 0xc3,
    0xc4, 0xc3, 0xa3, 0xc3, 0xc4, 0xc3, 0xa3, 0xc3, 0xc4, 0xc3, 0x04, 0xcc, 0xe4, 0xcb, 0xc4, 0xc3,
    0xe4, 0xc3, 0x04, 0xcc, 0x04, 0xcc, 0xe4, 0xc3, 0xe4, 0xc3, 0x63, 0xbb, 0x22, 0xb3, 0x63, 0xbb,
    0x83, 0xbb, 0xa3, 0xc3, 0x63, 0xbb, 0xe2, 0xaa, 0x62, 0x8a, 0x62, 0x92, 0x82, 0x92, 0xa2, 0x9a,
    0x83, 0xbb, 0xa3, 0xc3, 0xa3, 0xc3, 0xc4, 0xc3, 0xa3, 0xbb, 0xa3, 0xbb, 0xa3, 0xc3, 0xa3, 0xbb,
    0xa4, 0xc3, 0xc4, 0xc3, 0xa4, 0xc3, 0xa3, 0xc3, 0x83, 0xbb, 0x42, 0xbb, 0x22, 0xb3, 0x63, 0xbb,
    0x02, 0xb3, 0x81, 0x9a, 0x02, 0xb3, 0x22, 0xb3, 0x42, 0xb3, 0x42, 0xb3, 0x01, 0x82, 0xc1, 0x71,
    0x02, 0x7a, 0x01, 0x82, 0xe1, 0x79, 0x61, 0x61, 0x81, 0x61, 0x81, 0x61, 0x61, 0x59, 0x81, 0x69,
    0xc1, 0x79, 0xe1, 0x81, 0xe2, 0xaa, 0xe2, 0xaa, 0xe2, 0xb2, 0x61, 0x9a, 0x21, 0x8a, 0xd2, 0x12,
    0xc1, 0x79, 0xa1, 0x71, 0xc1, 0x79, 0xc1, 0x79, 0xc1, 0x79, 0x61, 0x61, 0xa1, 0x71, 0xc1, 0x71,
    0xc1, 0x71, 0xa1, 0x69, 0xc1, 0x71, 0xc2, 0x71, 0xa1, 0x71, 0xc1, 0x71, 0xe1, 0x79, 0x01, 0x82,
    0x22, 0x82, 0x22, 0x82, 0x42, 0x8a, 0x01, 0x82, 0xe1, 0x79, 0xe2, 0x71, 0x22, 0x8a, 0x02, 0x82,
    0x22, 0x8a, 0x42, 0x8a, 0x42, 0x8a, 0x02, 0x82, 0x42, 0x8a, 0x42, 0x8a, 0x42, 0x8a, 0x42, 0x8a,
    0x82, 0x92, 0x82, 0x92, 0x82, 0x92, 0x82, 0x92, 0x82, 0x92, 0x82, 0x9a, 0x82, 0x9a, 0x82, 0x9a,
    0x82, 0x9a, 0xa2, 0xa2, 0x82, 0x9a, 0x82, 0x9a, 0x42, 0x8a, 0x22, 0x82, 0x62, 0x92, 0x82, 0x92,
    0x62, 0x8a, 0xa2, 0x9a, 0x83, 0xbb, 0x83, 0xbb, 0x83, 0xbb, 0x63, 0xbb, 0x83, 0xbb, 0x83, 0xbb,
    0xa3, 0xc3, 0x83, 0xbb, 0x83, 0xbb, 0xa3, 0xc3, 0x83, 0xbb, 0x83, 0xbb, 0x83, 0xbb, 0xa3, 0xc3,
    0x83, 0xc3, 0x83, 0xbb, 0xa3, 0xc3, 0xa3, 0xc3, 0xa3, 0xc3, 0xe4, 0xcb, 0xe4, 0xcb, 0x04, 0xc4,
    0xc4, 0xc3, 0xc4, 0xc3, 0x43, 0xb3, 0x02, 0xb3, 0x63, 0xbb, 0x83, 0xc3, 0xc3, 0xc3, 0x63, 0xbb,
    0xc3, 0xc3, 0xa3, 0xc3, 0x43, 0xb3, 0x63, 0xbb, 0xa3, 0xc3, 0xc3, 0xc3, 0xc4, 0xc3, 0x83, 0xc3,
    0xa3, 0xc3, 0xe4, 0xc3, 0xc4, 0xc3, 0xc4, 0xc3, 0x63, 0xbb, 0x83, 0xbb, 0x62, 0x92, 0x83, 0xc3,
    0x83, 0xbb, 0x83, 0xbb, 0xa2, 0x9a, 0x62, 0x9a, 0x42, 0x8a, 0x42, 0x8a, 0x42, 0x8a, 0x42, 0x8a,
    0x22, 0x8a, 0x22, 0x82, 0x81, 0x61, 0x61, 0x61, 0xe1, 0x79, 0xe1, 0x71, 0xc1, 0x71, 0xa1, 0x71,
    0xa1, 0x69, 0xa1, 0x69, 0xa1, 0x71, 0x61, 0x61, 0xa1, 0x69, 0x61, 0x61, 0x62, 0x59, 0x81, 0x61,
    0xa2, 0x61, 0xa1, 0x69, 0x81, 0x61, 0x81, 0x61, 0xc1, 0x71, 0xa1, 0x71, 0x01, 0x82, 0x94, 0x23,
    0xc1, 0x71, 0xa1, 0x71, 0x81, 0x71, 0x81, 0x69, 0x80, 0x69, 0xa1, 0x69, 0xa1, 0x69, 0xe3, 0xaa,
    0xe3, 0xaa, 0xe3, 0xaa, 0xa2, 0xa2, 0xa1, 0xa2, 0xa1, 0xa2, 0xc1, 0xaa, 0xc2, 0xaa, 0xa1, 0xa2,
    0xc1, 0xa2, 0xa2, 0xa2, 0xa1, 0xa2, 0xa1, 0xa2, 0xc2, 0xa2, 0xa2, 0xa2, 0xc1, 0xaa, 0xc2, 0xa2,
    0xa1, 0x9a, 0xa1, 0x9a, 0x62, 0x92, 0x82, 0x9a, 0xe0, 0x79, 0x61, 0x92, 0xc1, 0xaa, 0xc1, 0xaa,
    0xa2, 0xa2, 0xc2, 0xa2, 0x43, 0xb3, 0x63, 0xbb, 0xa4, 0xc3, 0xe2, 0xaa, 0x82, 0x9a, 0x22, 0xb3,
    0x02, 0xb3, 0xe2, 0xaa, 0x43, 0xbb, 0x43, 0xbb, 0x21, 0xab, 0x42, 0xbb, 0x83, 0xbb, 0x42, 0xb3,
    0x63, 0xbb, 0x63, 0xbb, 0x63, 0xbb, 0x83, 0xbb, 0x83, 0xbb, 0x83, 0xbb, 0xa3, 0xbb, 0xa3, 0xc3,
    0xe2, 0xaa, 0x81, 0x9a, 0x81, 0x9a, 0xa3, 0xc3, 0xc4, 0xc3, 0x22, 0xab, 0x22, 0xb3, 0xa3, 0xc3,
    0xa3, 0xc3, 0x63, 0xbb, 0x83, 0xbb, 0xa3, 0xc3, 0x83, 0xc3, 0x83, 0xbb, 0xa3, 0xc3, 0xc4, 0xc3,
    0x84, 0xc3, 0xa4, 0xc3, 0x83, 0xbb, 0x83, 0xbb, 0x83, 0xbb, 0xa3, 0xc3, 0xa4, 0xbb, 0x63, 0xbb,
    0x02, 0x7a, 0x02, 0x7a, 0x62, 0x8a, 0x03, 0xab, 0xa5, 0xc3, 0xc4, 0xc3, 0xa3, 0xc3, 0x83, 0xbb,
    0x63, 0xbb, 0x63, 0xbb, 0x63, 0xbb, 0x63, 0xbb, 0x63, 0xbb, 0x83, 0xbb, 0x83, 0xc3, 0xc4, 0xc3,
    0xa4, 0xc3, 0x03, 0xab, 0x82, 0x92, 0x62, 0x92, 0x62, 0x92, 0x41, 0x8a, 0x21, 0x8a, 0x62, 0x92,
    0x21, 0x8a, 0x81, 0x9a, 0xc0, 0x71, 0x21, 0x82, 0xe3, 0xaa, 0xa1, 0x9a, 0x01, 0x82, 0x22, 0x82,
    0x22, 0x82, 0x42, 0x8a, 0xe1, 0x79, 0x41, 0x59, 0x41, 0x59, 0xa0, 0x71, 0xc0, 0x79, 0xe3, 0xa2,
    0xa3, 0x9a, 0xa3, 0xa2, 0x01, 0x82, 0x62, 0x92, 0x80, 0x69, 0x01, 0x82, 0x41, 0x92, 0x70, 0x0a,
    0x21, 0x8a, 0xe1, 0x81, 0x41, 0x8a, 0x01, 0x82, 0xc1, 0x79, 0xe1, 0x79, 0xa1, 0x71, 0x61, 0x61,
    0x61, 0x61, 0x81, 0x61, 0x41, 0x59, 0x20, 0x59, 0x00, 0x59, 0x00, 0x59, 0xc1, 0xaa, 0xc2, 0xaa,
    0xc2, 0xaa, 0xc2, 0xaa, 0xc2, 0xaa, 0xc1, 0xaa, 0xc2, 0xaa, 0xc2, 0xa2, 0xa2, 0xa2, 0x01, 0x82,
    0x41, 0x8a, 0x21, 0x8a, 0x82, 0x9a, 0x81, 0x9a, 0xe2, 0xaa, 0xe1, 0xaa, 0xe1, 0xaa, 0xe1, 0xaa,
    0xe1, 0xaa, 0xc2, 0xaa, 0xc1, 0xa2, 0xe2, 0xaa, 0xe1, 0xaa, 0xe2, 0xaa, 0xe1, 0xaa, 0xe1, 0xaa,
    0xc2, 0xa2, 0x02, 0xab, 0x02, 0xab, 0x22, 0xb3, 0xe2, 0xaa, 0xc2, 0xa2, 0x62, 0x9a, 0x02, 0xab,
    0x61, 0x92, 0xc1, 0xa2, 0xc2, 0xa2, 0xa1, 0xa2, 0xc1, 0xa2, 0xa2, 0xa2, 0xa2, 0x9a, 0x82, 0x92,
    0x81, 0x9a, 0x82, 0x92, 0x81, 0x9a, 0x41, 0x92, 0x61, 0x92, 0xa2, 0x9a, 0xa2, 0xa2, 0xa2, 0x9a,
    0x23, 0xb3, 0x02, 0xab, 0xe1, 0xaa, 0xe1, 0xaa, 0x22, 0xb3, 0x22, 0xb3, 0x02, 0xab, 0x22, 0xb3,
    0x42, 0xbb, 0x22, 0xb3, 0x22, 0xb3, 0xa1, 0x9a, 0x61, 0x92, 0xa0, 0x71, 0xc1, 0x79, 0xc1, 0x71,
    0x02, 0x7a, 0x02, 0x82, 0x42, 0x8a, 0x02, 0x82, 0xc1, 0x71, 0xe1, 0x79, 0x01, 0x82, 0x01, 0x82,
    0x21, 0x82, 0x21, 0x8a, 0x21, 0x8a, 0x41, 0x8a, 0x01, 0x82, 0x21, 0x82, 0xe2, 0xaa, 0x03, 0xab,
    0x01, 0x82, 0x42, 0x8a, 0x23, 0xb3, 0xe3, 0xaa, 0xe2, 0xaa, 0x21, 0x8a, 0x21, 0x8a, 0xe2, 0xaa,
    0x02, 0xab, 0x02, 0xb3, 0x84, 0xc3, 0x03, 0xab, 0x02, 0xab, 0x81, 0x9a, 0x01, 0x82, 0x62, 0x92,
    0x41, 0x92, 0x42, 0x92, 0x21, 0x8a, 0x82, 0x9a, 0xc2, 0xa2, 0x82, 0x9a, 0xe1, 0x79, 0xc2, 0x71,
    0x01, 0x82, 0x42, 0x92, 0x42, 0x92, 0x62, 0x92, 0x82, 0x92, 0x82, 0x9a, 0xa2, 0xa2, 0xf2, 0x12,
    0x41, 0x8a, 0x21, 0x92, 0x61, 0x9a, 0x21, 0x8a, 0xe1, 0x81, 0x01, 0x8a, 0x01, 0x82, 0xc1, 0x79,
    0x81, 0x69, 0xe1, 0x81, 0xc1, 0x79, 0x81, 0x61, 0x61, 0x59, 0x61, 0x59, 0x42, 0x8a, 0xc2, 0xa2,
    0xa2, 0xaa, 0xc1, 0xa2, 0xc1, 0xaa, 0xc1, 0xaa, 0xa1, 0xa2, 0xc1, 0xa2, 0x81, 0xa2, 0xc1, 0xa2,
    0xa2, 0xa2, 0x22, 0x8a, 0xe2, 0xaa, 0x22, 0xb3, 0x42, 0xbb, 0x62, 0x92, 0xc2, 0x79, 0x02, 0x82,
    0xe2, 0xaa, 0x02, 0xab, 0x02, 0xab, 0xe2, 0xaa, 0x02, 0xb3, 0x42, 0xb3, 0x22, 0xb3, 0x22, 0xb3,
    0x63, 0xbb, 0x63, 0xbb, 0x63, 0xbb, 0x62, 0xbb, 0x63, 0xbb, 0x22, 0xb3, 0x83, 0xbb, 0xc2, 0xa2,
    0x43, 0xb3, 0x02, 0xab, 0xe2, 0xaa, 0xc2, 0xa2, 0x82, 0x9a, 0x02, 0xb3, 0x22, 0xb3, 0xa2, 0xa2,
    0x63, 0xbb, 0x83, 0xbb, 0x83, 0xbb, 0xe3, 0xc3, 0xc3, 0xc3, 0xa3, 0xc3, 0xa3, 0xc3, 0x83, 0xbb,
    0x22, 0xb3, 0x63, 0xbb, 0x62, 0xbb, 0x42, 0xbb, 0x22, 0xb3, 0x22, 0xb3, 0x43, 0xbb, 0x43, 0xbb,
    0x63, 0xbb, 0x63, 0xbb, 0x43, 0xbb, 0x83, 0xbb, 0x83, 0xbb, 0xc4, 0xc3, 0x83, 0xbb, 0x83, 0xbb,
    0x43, 0xb3, 0xc4, 0xc3, 0xc3, 0xc3, 0x83, 0xbb, 0x83, 0xbb, 0x83, 0xc3, 0xa3, 0xbb, 0x83, 0xc3,
    0x43, 0xbb, 0x42, 0xbb, 0x43, 0xbb, 0x63, 0xbb, 0x63, 0xbb, 0x42, 0xbb, 0x22, 0xb3, 0xe1, 0x81,
    0x42, 0xb3, 0x42, 0xbb, 0x22, 0xb3, 0x22, 0xb3, 0xe2, 0xaa, 0x02, 0xb3, 0x22, 0xb3, 0x22, 0xb3,
    0xe2, 0xaa, 0x42, 0x8a, 0x02, 0xb3, 0x02, 0xab, 0x82, 0x9a, 0xc2, 0xa2, 0x82, 0x9a, 0x82, 0x9a,
    0xa2, 0xa2, 0x22, 0xb3, 0x02, 0xb3, 0x02, 0xb3, 0x02, 0xb3, 0xc2, 0xa2, 0xe2, 0xaa, 0x62, 0x92,
    0xa2, 0x9a, 0xa2, 0xa2, 0x82, 0x9a, 0x22, 0x8a, 0x62, 0x92, 0xa1, 0xa2, 0xa2, 0x9a, 0xf2, 0x12,
    0x41, 0x92, 0x21, 0x8a, 0x62, 0x92, 0xe1, 0x79, 0x41, 0x92, 0xe1, 0x81, 0x21, 0x8a, 0x61, 0x92,
    0x01, 0x82, 0x01, 0x82, 0x81, 0x69, 0x22, 0x49, 0x41, 0x59, 0x61, 0x59, 0x81, 0x61, 0xa1, 0x71,
    0xa1, 0xaa, 0x81, 0x9a, 0xa1, 0xaa, 0xa1, 0xaa, 0xa1, 0xaa, 0xa1, 0xa2, 0xa2, 0xa2, 0xc2, 0xaa,
    0xc2, 0xaa, 0xc2, 0xaa, 0x21, 0x8a, 0xe1, 0x79, 0xe1, 0x79, 0xc1, 0x79, 0xc1, 0x79, 0xe2, 0x79,
    0xc1, 0x79, 0xc1, 0x71, 0xe1, 0x79, 0xc1, 0x71, 0x01, 0x8a, 0x42, 0x92, 0x02, 0xb3, 0x02, 0xb3,
    0x02, 0xab, 0xa3, 0xc3, 0x83, 0xbb, 0x63, 0xb3, 0xe2, 0xaa, 0x02, 0xb3, 0x63, 0xbb, 0x83, 0xbb,
    0x42, 0xbb, 0x02, 0xab, 0xc2, 0xaa, 0xc2, 0xaa, 0xc1, 0xaa, 0xc2, 0xa2, 0x02, 0xb3, 0x22, 0xb3,
    0x42, 0xb3, 0x22, 0xb3, 0x42, 0xb3, 0x43, 0xb3, 0x22, 0xb3, 0x83, 0xbb, 0x43, 0xb3, 0x22, 0xb3,
    0x42, 0xb3, 0x22, 0xb3, 0x42, 0xb3, 0x42, 0xb3, 0x02, 0xb3, 0xa3, 0xc3, 0x63, 0xbb, 0xc4, 0xc3,
    0x43, 0xbb, 0x63, 0xbb, 0x63, 0xbb, 0x83, 0xbb, 0xc4, 0xc3, 0xe4, 0xc3, 0xe4, 0xc3, 0x63, 0xbb,
    0x83, 0xbb, 0xc3, 0xc3, 0x83, 0xbb, 0xe4, 0xc3, 0x83, 0xbb, 0x83, 0xbb, 0xa2, 0xa2, 0xc3, 0xa2,
    0x43, 0xbb, 0x83, 0xc3, 0x83, 0xbb, 0x62, 0xbb, 0x42, 0xbb, 0x02, 0xb3, 0x42, 0xb3, 0xa2, 0x9a,
    0x42, 0xbb, 0x62, 0xbb, 0x42, 0xbb, 0x02, 0xab, 0x02, 0xb3, 0x22, 0xb3, 0xe2, 0xaa, 0xe1, 0xaa,
    0x22, 0xb3, 0x02, 0xb3, 0x02, 0xb3, 0x22, 0xb3, 0x02, 0xb3, 0xc2, 0xa2, 0x02, 0xab, 0xa2, 0xa2,
    0x02, 0xb3, 0x41, 0x8a, 0x02, 0xb3, 0xe2, 0xaa, 0x01, 0xab, 0x21, 0x8a, 0x02, 0x82, 0x01, 0x82,
    0x21, 0x8a, 0x02, 0x82, 0xc2, 0x71, 0xa2, 0xa2, 0xc2, 0xaa, 0xa2, 0xa2, 0xe2, 0xaa, 0xf2, 0x12,
    0x41, 0x92, 0x01, 0x82, 0x21, 0x8a, 0x62, 0x9a, 0x22, 0x8a, 0x21, 0x82, 0x41, 0x92, 0x42, 0x8a,
    0x02, 0x7a, 0xa1, 0x61, 0x42, 0x41, 0x22, 0x41, 0x61, 0x59, 0x81, 0x69, 0xa1, 0x71, 0xa1, 0x71,
    0x61, 0x61, 0x61, 0x59, 0x61, 0x59, 0x61, 0x59, 0xa2, 0x69, 0xa1, 0x71, 0xa1, 0x71, 0xa3, 0x9a,
    0x82, 0x9a, 0x83, 0x9a, 0xc1, 0x79, 0xc1, 0x79, 0xe1, 0x79, 0xe1, 0x79, 0xe1, 0x79, 0x01, 0x82,
    0xa1, 0x71, 0xe0, 0x79, 0xe1, 0x79, 0xc0, 0x79, 0xc0, 0x71, 0xc1, 0x79, 0x41, 0x92, 0x81, 0x9a,
    0x41, 0x92, 0x82, 0x9a, 0x82, 0x9a, 0xc1, 0xa2, 0xa2, 0xa2, 0xc2, 0xaa, 0xa2, 0x9a, 0x82, 0x9a,
    0xc2, 0xaa, 0xe2, 0xaa, 0x02, 0xab, 0xe2, 0xaa, 0x22, 0xb3, 0x22, 0xb3, 0x02, 0xab, 0x02, 0xb3,
    0x22, 0xb3, 0x22, 0xb3, 0x42, 0xb3, 0x22, 0xb3, 0x22, 0xb3, 0x63, 0xbb, 0x63, 0xbb, 0x42, 0xb3,
    0x22, 0xb3, 0x22, 0xb3, 0x23, 0xb3, 0xa3, 0xc3, 0x83, 0xbb, 0x83, 0xbb, 0x63, 0xbb, 0x63, 0xbb,
    0x02, 0xb3, 0xe2, 0xa2, 0xc2, 0xa2, 0x82, 0x9a, 0xc2, 0xa2, 0x63, 0xb3, 0xc4, 0xc3, 0xc4, 0xc3,
    0x82, 0x9a, 0x61, 0x92, 0x63, 0xbb, 0x83, 0xc3, 0x43, 0xbb, 0x43, 0xb3, 0x44, 0xb3, 0x64, 0xb3,
    0x43, 0xb3, 0x43, 0xb3, 0x22, 0xb3, 0x23, 0xb3, 0x42, 0xb3, 0x22, 0xb3, 0x23, 0xb3, 0x03, 0xab,
    0x83, 0x92, 0x22, 0x82, 0xa1, 0x71, 0x81, 0x69, 0xa1, 0x71, 0xa3, 0x9a, 0xa3, 0x9a, 0x82, 0x9a,
    0xa2, 0x9a, 0xe3, 0xa2, 0xe3, 0xa2, 0xa3, 0x9a, 0xc1, 0xa2, 0xe2, 0xaa, 0xc2, 0xaa, 0x02, 0xb3,
    0x02, 0xb3, 0xe2, 0xaa, 0xe2, 0xaa, 0x81, 0x9a, 0xe1, 0x81, 0x21, 0x8a, 0x81, 0x9a, 0xa2, 0xa2,
    0xc1, 0xa2, 0x02, 0xb3, 0x02, 0xab, 0xe2, 0xaa, 0xc1, 0xa2, 0xc2, 0xaa, 0xc1, 0xaa, 0x70, 0x0a,
    0x21, 0x51, 0x41, 0x59, 0xc1, 0x71, 0x81, 0x69, 0xc1, 0x79, 0xa1, 0x71, 0x21, 0x51, 0x81, 0x69,
    0x41, 0x51, 0x42, 0x41, 0x22, 0x41, 0x22, 0x49, 0x81, 0x69, 0xc1, 0x79, 0x61, 0x61, 0x61, 0x61,
    0x81, 0x69, 0x61, 0x61, 0x62, 0x59, 0x22, 0x49, 0x42, 0x49, 0x41, 0x59, 0xe1, 0x79, 0xc1, 0x79,
    0xe1, 0x79, 0x01, 0x82, 0x02, 0x82, 0x01, 0x82, 0xa2, 0xa2, 0xc2, 0xa2, 0x01, 0x82, 0x02, 0x82,
    0x81, 0x9a, 0xe1, 0xaa, 0xe2, 0xaa, 0xe2, 0xaa, 0xc2, 0xa2, 0xa2, 0xa2, 0xc2, 0xa2, 0xc2, 0xa2,
    0xe2, 0xaa, 0x43, 0xbb, 0x22, 0xb3, 0x42, 0x8a, 0x42, 0x8a, 0xc2, 0xaa, 0x02, 0xb3, 0xe2, 0xaa,
    0xe2, 0xaa, 0xe2, 0xaa, 0xe2, 0xaa, 0xc2, 0xa2, 0x02, 0xab, 0x02, 0xab, 0x02, 0xab, 0xe2, 0xaa,
    0x42, 0xb3, 0x42, 0xb3, 0x22, 0xb3, 0x02, 0xab, 0x02, 0xb3, 0xc2, 0xa2, 0x02, 0xb3, 0x02, 0xb3,
    0x22, 0xb3, 0x22, 0xb3, 0x22, 0xb3, 0xe1, 0xaa, 0xe2, 0xaa, 0xe2, 0xaa, 0x63, 0xbb, 0x63, 0xbb,
    0x22, 0xb3, 0x22, 0xb3, 0x22, 0xb3, 0x63, 0xbb, 0x63, 0xbb, 0xa3, 0xc3, 0xa3, 0xc3, 0x42, 0xb3,
    0x22, 0xb3, 0x02, 0xab, 0x62, 0x92, 0x22, 0x8a, 0x42, 0x92, 0xe1, 0x79, 0x61, 0x61, 0x41, 0x51,
    0x42, 0x51, 0xc2, 0x71, 0xa1, 0x71, 0xa1, 0x71, 0x02, 0x82, 0x01, 0x82, 0x01, 0x82, 0xc1, 0x71,
    0xc1, 0x71, 0x22, 0x82, 0x81, 0x69, 0x61, 0x59, 0x61, 0x59, 0xc1, 0x79, 0x01, 0x82, 0x42, 0x92,
    0x82, 0x9a, 0x82, 0x9a, 0x02, 0x82, 0xa1, 0x71, 0x41, 0x8a, 0x61, 0x9a, 0xc1, 0xa2, 0xe2, 0xaa,
    0xe2, 0xaa, 0xa1, 0xa2, 0xa2, 0xa2, 0x01, 0x82, 0xc2, 0xa2, 0x02, 0xb3, 0x02, 0xb3, 0xe1, 0xaa,
    0x81, 0x9a, 0x22, 0x8a, 0x61, 0x61, 0x61, 0x61, 0x61, 0x61, 0x61, 0x61, 0xa1, 0x69, 0xd2, 0x12,
    0x81, 0x69, 0xa1, 0x69, 0x61, 0x61, 0x21, 0x49, 0x61, 0x59, 0x41, 0x59, 0x61, 0x59, 0x81, 0x61,
    0x81, 0x69, 0x61, 0x61, 0x81, 0x69, 0x82, 0x61, 0x42, 0x49, 0x42, 0x51, 0x61, 0x61, 0x42, 0x51,
    0x21, 0x51, 0x42, 0x59, 0x81, 0x61, 0x61, 0x59, 0x61, 0x61, 0x61, 0x61, 0xa1, 0x71, 0xc1, 0x79,
    0xc1, 0x79, 0x81, 0x69, 0xc2, 0xa2, 0x82, 0xa2, 0x81, 0x9a, 0x82, 0x9a, 0xc2, 0xaa, 0xe2, 0xaa,
    0x02, 0xb3, 0x02, 0xab, 0xe1, 0xaa, 0xe2, 0xaa, 0xe2, 0xaa, 0xc2, 0xa2, 0xc2, 0xaa, 0x82, 0xa2,
    0xc2, 0xaa, 0xe2, 0xaa, 0xc2, 0xaa, 0xe2, 0xaa, 0xe2, 0xaa, 0xe2, 0xaa, 0xc2, 0xaa, 0xe1, 0xaa,
    0xe2, 0xaa, 0xe2, 0xaa, 0xa2, 0xa2, 0x82, 0x9a, 0xa2, 0x9a, 0x22, 0x82, 0x62, 0x92, 0x02, 0xab,
    0x02, 0xb3, 0x42, 0xbb, 0x42, 0xb3, 0x42, 0xbb, 0x42, 0xb3, 0x83, 0xbb, 0x42, 0xb3, 0xa2, 0x9a,
    0xa2, 0xa2, 0xa2, 0xa2, 0x02, 0xab, 0xe2, 0xaa, 0x02, 0xb3, 0x22, 0xb3, 0xa1, 0x9a, 0x82, 0x92,
    0x22, 0xb3, 0x22, 0xb3, 0x22, 0xb3, 0x22, 0xb3, 0x02, 0xb3, 0x02, 0xb3, 0x62, 0x92, 0x62, 0x92,
    0xa2, 0x9a, 0x62, 0x92, 0x82, 0x9a, 0xa1, 0xa2, 0x62, 0x92, 0x62, 0x9a, 0x82, 0x9a, 0xe2, 0xaa,
    0xe2, 0xb2, 0x01, 0x82, 0x42, 0x92, 0x81, 0x9a, 0xc2, 0xa2, 0x42, 0x8a, 0x22, 0x8a, 0xc2, 0xa2,
    0xc2, 0xa2, 0xa2, 0xa2, 0xa2, 0xa2, 0x62, 0x92, 0x82, 0x92, 0x62, 0x9a, 0x62, 0x92, 0xc2, 0xaa,
    0xc2, 0xa2, 0x21, 0x8a, 0xe1, 0x79, 0x82, 0x92, 0x81, 0x9a, 0xa1, 0xa2, 0xc2, 0xa2, 0x01, 0xab,
    0xe2, 0xaa, 0xc2, 0xaa, 0xa2, 0x9a, 0x81, 0x61, 0x61, 0x59, 0x81, 0x61, 0x61, 0x61, 0x81, 0x61,
    0x61, 0x61, 0x61, 0x61, 0x61, 0x59, 0x81, 0x69, 0xc1, 0x79, 0xe1, 0x79, 0xe1, 0x81, 0x12, 0x13,
    0xc1, 0x79, 0x81, 0x69, 0x81, 0x61, 0x61, 0x59, 0x61, 0x59, 0x61, 0x59, 0x81, 0x61, 0x41, 0x59,
    0x41, 0x51, 0x61, 0x51, 0x81, 0x69, 0xa1, 0x71, 0xc1, 0x79, 0x41, 0x51, 0x42, 0x49, 0x61, 0x61,
    0x62, 0x51, 0x62, 0x59, 0x62, 0x59, 0x62, 0x59, 0x41, 0x59, 0x61, 0x59, 0x41, 0x59, 0x81, 0x61,
    0xc1, 0x79, 0xa1, 0x71, 0x61, 0x59, 0xa1, 0x69, 0xc1, 0x71, 0xa1, 0x71, 0xe1, 0x79, 0x01, 0x8a,
    0x41, 0x92, 0xe2, 0xaa, 0xe2, 0xaa, 0xa2, 0xa2, 0x81, 0x9a, 0x42, 0x8a, 0xe1, 0x81, 0xc1, 0x79,
    0xe2, 0x79, 0xe2, 0x79, 0xc2, 0x79, 0x82, 0x9a, 0xc2, 0xa2, 0xa2, 0xa2, 0x42, 0x8a, 0x82, 0x92,
    0x62, 0x92, 0x62, 0x9a, 0x82, 0x92, 0x82, 0x9a, 0x82, 0x9a, 0x82, 0x92, 0x62, 0x8a, 0xe2, 0xa2,
    0x22, 0xb3, 0x22, 0xb3, 0x42, 0xbb, 0x42, 0xb3, 0x42, 0xbb, 0x02, 0xb3, 0x02, 0xb3, 0x22, 0xb3,
    0x22, 0xb3, 0x22, 0xb3, 0xc2, 0xaa, 0x02, 0xab, 0x02, 0xb3, 0x22, 0xb3, 0x02, 0xb3, 0x02, 0xb3,
    0x02, 0xb3, 0xe2, 0xaa, 0x82, 0x92, 0x82, 0x9a, 0x42, 0x8a, 0x62, 0x92, 0x42, 0x92, 0x41, 0x8a,
    0xe2, 0x81, 0x42, 0x8a, 0xa2, 0xa2, 0x02, 0xb3, 0x02, 0xb3, 0x81, 0x9a, 0xe2, 0xaa, 0xa2, 0xa2,
    0xc2, 0xa2, 0x02, 0xab, 0x02, 0xb3, 0xe2, 0xaa, 0xe1, 0x81, 0xe1, 0xa2, 0x02, 0xb3, 0x02, 0xb3,
    0xe2, 0xaa, 0x02, 0xab, 0xe1, 0xaa, 0xe2, 0xaa, 0xe2, 0xaa, 0xe2, 0xaa, 0xc1, 0xaa, 0x81, 0x9a,
    0xc2, 0xaa, 0x82, 0x9a, 0xa2, 0x9a, 0xe1, 0x81, 0x01, 0x82, 0xe1, 0x79, 0xc1, 0x79, 0x61, 0x59,
    0x81, 0x61, 0x61, 0x61, 0xa1, 0x71, 0xc1, 0x79, 0x61, 0x59, 0xc1, 0x79, 0xe1, 0x79, 0xa1, 0x71,
    0xa1, 0x71, 0xe1, 0x79, 0xa1, 0x71, 0xe1, 0x79, 0x01, 0x82, 0x01, 0x8a, 0x01, 0x82, 0x12, 0x13,
    0x61, 0x59, 0x41, 0x59, 0x61, 0x59, 0x81, 0x61, 0x61, 0x59, 0x61, 0x59, 0x61, 0x59, 0x61, 0x59,
    0x61, 0x59, 0x42, 0x51, 0x21, 0x49, 0x21, 0x49, 0x42, 0x49, 0x81, 0x61, 0xa1, 0x71, 0x80, 0x71,
    0x60, 0x69, 0xe0, 0x81, 0xa1, 0xa2, 0x81, 0x9a, 0xa2, 0xa2, 0xa2, 0x9a, 0x61, 0x9a, 0xa2, 0xa2,
    0xa2, 0xa2, 0x81, 0xa2, 0xc3, 0x9a, 0xc2, 0xa2, 0xc3, 0xa2, 0xe3, 0xa2, 0x42, 0x92, 0x62, 0x92,
    0xe1, 0x79, 0x22, 0x8a, 0x22, 0x8a, 0x21, 0x92, 0x61, 0x92, 0x21, 0x92, 0xa2, 0xa2, 0xc2, 0xa2,
    0xc2, 0xa2, 0xc2, 0xaa, 0xc1, 0xaa, 0xe2, 0xaa, 0x02, 0xab, 0xc2, 0xaa, 0xe2, 0xaa, 0xc1, 0xaa,
    0xe2, 0xaa, 0xe1, 0xaa, 0x02, 0xab, 0x02, 0xb3, 0xe2, 0xaa, 0xe2, 0xaa, 0x22, 0xb3, 0x43, 0xb3,
    0x23, 0xb3, 0x81, 0x9a, 0x81, 0x9a, 0x61, 0x92, 0x00, 0x82, 0xe1, 0x79, 0xe0, 0x79, 0xe0, 0x81,
    0xe1, 0x81, 0xe0, 0x81, 0xc0, 0x79, 0xa0, 0x71, 0xa0, 0x69, 0xa0, 0x79, 0x61, 0x9a, 0x82, 0x9a,
    0x61, 0x92, 0xc0, 0x79, 0xa1, 0x71, 0x01, 0x82, 0x21, 0x8a, 0x41, 0x8a, 0xe2, 0xaa, 0x02, 0xb3,
    0xe2, 0xaa, 0x22, 0xb3, 0x02, 0xb3, 0xe2, 0xaa, 0xe2, 0xaa, 0xe2, 0xaa, 0xe2, 0xaa, 0x22, 0xb3,
    0x02, 0xb3, 0xe0, 0x79, 0x23, 0xb3, 0x03, 0xab, 0xe2, 0xaa, 0xe2, 0xaa, 0xe2, 0xaa, 0xe2, 0xaa,
    0xa2, 0xa2, 0xc2, 0xaa, 0xc1, 0xa2, 0xa1, 0xa2, 0x81, 0x9a, 0xe0, 0x79, 0xc0, 0x81, 0x40, 0x61,
    0x20, 0x61, 0x20, 0x61, 0x20, 0x59, 0x20, 0x59, 0x00, 0x59, 0x20, 0x59, 0x61, 0x61, 0xc1, 0x79,
    0x01, 0x82, 0xe1, 0x81, 0x01, 0x82, 0x21, 0x8a, 0x01, 0x82, 0x01, 0x82, 0x01, 0x8a, 0xa1, 0x71,
    0xe1, 0x81, 0xc1, 0x79, 0x21, 0x82, 0xe1, 0x81, 0x01, 0x82, 0x01, 0x82, 0x01, 0x8a, 0x13, 0x13,
    0x21, 0x8a, 0x21, 0x8a, 0xc1, 0x79, 0xe1, 0x81, 0xe1, 0x81, 0xc1, 0x79, 0xa1, 0x71, 0xc1, 0x79,
    0xc1, 0x79, 0xa1, 0x71, 0xa1, 0x71, 0xc1, 0x79, 0x81, 0x69, 0x61, 0x61, 0x81, 0x69, 0x81, 0x69,
    0xc1, 0x71, 0x21, 0x8a, 0x01, 0x8a, 0x62, 0x9a, 0x81, 0x9a, 0x61, 0x9a, 0x81, 0x9a, 0x81, 0x9a,
    0xa1, 0xa2, 0x81, 0xa2, 0x82, 0x9a, 0x81, 0xa2, 0x81, 0x9a, 0x82, 0x9a, 0x81, 0xa2, 0x81, 0xa2,
    0x82, 0x9a, 0x81, 0x9a, 0x62, 0x92, 0x22, 0x8a, 0xe1, 0x79, 0x22, 0x8a, 0xa2, 0xa2, 0xc2, 0xa2,
    0xa2, 0xa2, 0xe2, 0xaa, 0x22, 0xb3, 0x42, 0xbb, 0xe2, 0xaa, 0xc2, 0xaa, 0xe2, 0xaa, 0xe2, 0xaa,
    0xa2, 0x9a, 0xa2, 0xa2, 0x02, 0xb3, 0x02, 0xb3, 0xe2, 0xaa, 0x02, 0xb3, 0x02, 0xab, 0xc1, 0xaa,
    0x22, 0xb3, 0x42, 0xb3, 0x42, 0xb3, 0x02, 0xab, 0x42, 0xb3, 0x42, 0xbb, 0x22, 0xb3, 0x22, 0xb3,
    0x83, 0xbb, 0x62, 0xbb, 0x63, 0xbb, 0x42, 0xbb, 0xc2, 0xaa, 0x82, 0x92, 0x42, 0x92, 0x62, 0x92,
    0x62, 0x92, 0xc2, 0xa2, 0xe2, 0xaa, 0x02, 0xb3, 0x22, 0xb3, 0x22, 0xb3, 0xe2, 0xaa, 0xe2, 0xaa,
    0x22, 0xb3, 0x02, 0xb3, 0x02, 0xb3, 0xe2, 0xaa, 0x02, 0xab, 0xa1, 0xa2, 0xe2, 0xaa, 0xc2, 0xaa,
    0x62, 0x9a, 0xe2, 0xaa, 0xa2, 0xa2, 0xe2, 0xaa, 0xe2, 0xaa, 0xe1, 0xaa, 0xe2, 0xaa, 0xe1, 0xaa,
    0xc2, 0xa2, 0x02, 0xab, 0xe1, 0x79, 0xa1, 0x69, 0xa1, 0x71, 0xe2, 0x81, 0x01, 0x8a, 0xa2, 0xa2,
    0x81, 0x9a, 0x81, 0x9a, 0x61, 0x9a, 0x21, 0x92, 0x41, 0x92, 0x61, 0x92, 0x61, 0x9a, 0x81, 0x61,
    0x81, 0x61, 0x81, 0x69, 0xc1, 0x81, 0xc1, 0x79, 0xc1, 0x71, 0x01, 0x82, 0x01, 0x8a, 0x01, 0x82,
    0xe1, 0x81, 0x21, 0x8a, 0x21, 0x8a, 0x21, 0x8a, 0x01, 0x8a, 0x01, 0x82, 0xc1, 0x79, 0x4f, 0x0a,
    0x21, 0x8a, 0x21, 0x8a, 0x01, 0x8a, 0xc1, 0x79, 0x01, 0x8a, 0x21, 0x8a, 0x01, 0x8a, 0x21, 0x8a,
    0x21, 0x8a, 0x41, 0x92, 0xc1, 0xaa, 0x42, 0x92, 0xc1, 0x79, 0x81, 0x61, 0x61, 0x59, 0x61, 0x59,
    0x61, 0x59, 0x82, 0x69, 0x61, 0x61, 0xe1, 0x81, 0x42, 0x92, 0xe1, 0x81, 0x81, 0x9a, 0x41, 0x92,
    0xa1, 0xa2, 0x82, 0xa2, 0xe1, 0xaa, 0x22, 0x82, 0x81, 0x9a, 0x62, 0x9a, 0x81, 0x9a, 0x61, 0x9a,
    0x81, 0xa2, 0x01, 0x82, 0xc1, 0x71, 0xe1, 0x79, 0x22, 0x8a, 0x22, 0x8a, 0x22, 0x8a, 0x01, 0x8a,
    0x01, 0x82, 0x22, 0x8a, 0x22, 0x8a, 0x81, 0x9a, 0xe2, 0xaa, 0xe1, 0xaa, 0xe2, 0xaa, 0xc1, 0xa2,
    0xe2, 0xaa, 0xe2, 0xaa, 0xc2, 0xaa, 0xe2, 0xaa, 0xe2, 0xaa, 0x02, 0xb3, 0x02, 0xb3, 0x02, 0xb3,
    0xe2, 0xaa, 0xc2, 0xaa, 0xe2, 0xaa, 0x02, 0xb3, 0x22, 0xb3, 0x42, 0xb3, 0x42, 0xb3, 0x42, 0xb3,
    0x22, 0xb3, 0xe2, 0xaa, 0x02, 0xb3, 0x81, 0x9a, 0xe1, 0x79, 0xe1, 0x79, 0xe2, 0x79, 0xe1, 0x79,
    0x01, 0x7a, 0x21, 0x82, 0x01, 0xb3, 0xe2, 0xaa, 0x02, 0xab, 0xc2, 0xa2, 0xe2, 0xaa, 0xc2, 0xaa,
    0xe2, 0xaa, 0x02, 0xb3, 0xe2, 0xaa, 0xe2, 0xaa, 0x61, 0x92, 0xe2, 0x79, 0x61, 0x59, 0x61, 0x61,
    0xc1, 0x79, 0xc1, 0x79, 0xe1, 0x81, 0x01, 0x82, 0x21, 0x8a, 0x21, 0x8a, 0x01, 0x82, 0xa2, 0x9a,
    0x61, 0x92, 0x02, 0x7a, 0x21, 0x8a, 0x61, 0x92, 0xa2, 0xa2, 0x41, 0x92, 0x62, 0x9a, 0xa2, 0xa2,
    0x61, 0x9a, 0x82, 0x9a, 0x81, 0x9a, 0x82, 0x9a, 0x41, 0x8a, 0xc1, 0x71, 0xe2, 0x79, 0x82, 0x61,
    0x61, 0x61, 0x61, 0x59, 0xe1, 0x79, 0xe1, 0x81, 0x01, 0x8a, 0xe1, 0x81, 0xe1, 0x79, 0x21, 0x92,
    0x01, 0x8a, 0x41, 0x92, 0x21, 0x8a, 0x01, 0x8a, 0x01, 0x82, 0x21, 0x8a, 0xe1, 0x81, 0x2f, 0x0a,
    0x60, 0x69, 0xa1, 0x71, 0xa1, 0x71, 0x80, 0x71, 0xe1, 0x81, 0xe1, 0x81, 0xe1, 0x81, 0x21, 0x8a,
    0x41, 0x92, 0x41, 0x92, 0x41, 0x92, 0x42, 0x92, 0x01, 0x82, 0x21, 0x8a, 0x41, 0x92, 0x42, 0x8a,
    0x02, 0x82, 0x22, 0x82, 0x81, 0x61, 0x81, 0x61, 0x61, 0x59, 0x60, 0x69, 0xe1, 0x79, 0x41, 0x92,
    0x62, 0x92, 0x81, 0xa2, 0x82, 0x9a, 0x81, 0xa2, 0xa1, 0xa2, 0xc2, 0xa2, 0xa1, 0xa2, 0x01, 0x8a,
    0x01, 0x82, 0x62, 0x92, 0x81, 0x9a, 0x61, 0x9a, 0x61, 0x9a, 0x82, 0xa2, 0xa2, 0xa2, 0xe2, 0xa2,
    0xc2, 0xa2, 0xc2, 0xa2, 0xc2, 0xa2, 0xe3, 0xaa, 0xe2, 0xaa, 0xa2, 0x9a, 0xe0, 0x89, 0xe0, 0x81,
    0x00, 0x82, 0x00, 0x8a, 0x00, 0x82, 0x20, 0x8a, 0xe2, 0xaa, 0x02, 0xab, 0x02, 0xab, 0x81, 0x9a,
    0x00, 0x82, 0x80, 0x71, 0x80, 0x71, 0x02, 0xb3, 0x22, 0xb3, 0x02, 0xab, 0xa2, 0xaa, 0xc1, 0xaa,
    0xc1, 0xaa, 0x81, 0x9a, 0x21, 0x8a, 0xc1, 0x79, 0xe1, 0x79, 0x01, 0x82, 0xc1, 0x71, 0x81, 0x61,
    0xc2, 0x71, 0x02, 0x7a, 0x01, 0x82, 0x01, 0x8a, 0x61, 0x9a, 0x61, 0x92, 0x81, 0x9a, 0xa1, 0x9a,
    0x01, 0x82, 0x41, 0x8a, 0x21, 0x8a, 0x01, 0x82, 0xe1, 0x79, 0x01, 0x82, 0x01, 0x82, 0x02, 0x82,
    0x02, 0x7a, 0xa1, 0x71, 0xa1, 0x71, 0x40, 0x61, 0x80, 0x69, 0x21, 0x8a, 0x21, 0x8a, 0x62, 0x92,
    0xc3, 0xa2, 0xc2, 0xaa, 0x82, 0x9a, 0xa1, 0xa2, 0x81, 0x9a, 0x82, 0x9a, 0x61, 0x92, 0x82, 0x9a,
    0x82, 0x9a, 0x61, 0x92, 0x61, 0x9a, 0x41, 0x92, 0x61, 0x9a, 0x82, 0x9a, 0x21, 0x8a, 0xc1, 0x79,
    0x62, 0x92, 0x62, 0x92, 0xc1, 0x79, 0x61, 0x59, 0x61, 0x61, 0x81, 0x61, 0x40, 0x61, 0x61, 0x61,
    0x20, 0x59, 0xc1, 0x79, 0x41, 0x59, 0x81, 0x69, 0x01, 0x8a, 0x01, 0x82, 0x41, 0x8a, 0x50, 0x0a,
    0x01, 0x8a, 0x01, 0x82, 0xe1, 0x81, 0x21, 0x8a, 0x61, 0x92, 0x21, 0x8a, 0x41, 0x92, 0x21, 0x92,
    0x41, 0x92, 0x41, 0x92, 0x01, 0x8a, 0xc2, 0x79, 0x21, 0x8a, 0x21, 0x92, 0x21, 0x8a, 0x41, 0x92,
    0x01, 0x8a, 0x01, 0x8a, 0xe1, 0x79, 0xe1, 0x81, 0x80, 0x69, 0x61, 0x59, 0x61, 0x59, 0x42, 0x59,
    0x62, 0x59, 0x62, 0x59, 0x82, 0x61, 0x01, 0x82, 0xe1, 0x79, 0x02, 0x82, 0xe1, 0x79, 0x81, 0x69,
    0xe1, 0x81, 0x61, 0x9a, 0x41, 0x92, 0x81, 0x9a, 0x81, 0x9a, 0xa1, 0xa2, 0xa1, 0xa2, 0x81, 0x9a,
    0xa1, 0x9a, 0xa2, 0xa2, 0xc2, 0xa2, 0xc2, 0xa2, 0xa2, 0xa2, 0x82, 0x9a, 0x81, 0x9a, 0x82, 0x9a,
    0x81, 0xa2, 0x21, 0x8a, 0xe1, 0x79, 0xe1, 0x79, 0xa1, 0x71, 0x22, 0x8a, 0x42, 0x8a, 0x42, 0x8a,
    0xc1, 0xaa, 0xc1, 0xaa, 0xa1, 0xa2, 0x22, 0x82, 0x22, 0x8a, 0xa2, 0xa2, 0xa2, 0xa2, 0xa2, 0xa2,
    0xc2, 0xaa, 0xe1, 0xaa, 0xc1, 0xa2, 0xc1, 0xaa, 0xe1, 0xaa, 0x02, 0xb3, 0xc1, 0xaa, 0xc1, 0xa2,
    0x02, 0xb3, 0xc1, 0xaa, 0x21, 0x8a, 0x22, 0x8a, 0x41, 0x92, 0x01, 0x82, 0x82, 0x61, 0xa2, 0x69,
    0xe1, 0x79, 0xa1, 0x71, 0xc1, 0x79, 0x21, 0x8a, 0x81, 0x9a, 0x81, 0xa2, 0x81, 0x9a, 0x81, 0xa2,
    0x81, 0x9a, 0x81, 0x9a, 0x41, 0x92, 0x81, 0x9a, 0x41, 0x9a, 0x01, 0x82, 0x02, 0x8a, 0x22, 0x8a,
    0xa2, 0x69, 0xe2, 0x79, 0xa2, 0x9a, 0x81, 0x9a, 0x81, 0x9a, 0x61, 0x9a, 0x61, 0x9a, 0x61, 0x9a,
    0x81, 0x9a, 0x81, 0x9a, 0x61, 0x92, 0x61, 0x9a, 0x61, 0x9a, 0x61, 0x9a, 0x41, 0x8a, 0x61, 0x9a,
    0x81, 0x9a, 0x41, 0x92, 0x61, 0x9a, 0xa1, 0x69, 0x61, 0x61, 0x81, 0x61, 0x61, 0x61, 0x61, 0x61,
    0x61, 0x61, 0x81, 0x69, 0x61, 0x59, 0x61, 0x59, 0x61, 0x61, 0x81, 0x61, 0x61, 0x61, 0x6f, 0x0a,
    0x01, 0x82, 0x01, 0x82, 0x01, 0x8a, 0x61, 0x9a, 0x21, 0x8a, 0x01, 0x8a, 0x41, 0x92, 0x01, 0x8a,
    0x41, 0x92, 0x21, 0x8a, 0x01, 0x82, 0x21, 0x8a, 0x41, 0x92, 0x21, 0x92, 0x21, 0x8a, 0x21, 0x8a,
    0x01, 0x8a, 0x01, 0x82, 0xc1, 0x71, 0x81, 0x69, 0x61, 0x61, 0x61, 0x61, 0x61, 0x59, 0xe1, 0x71,
    0xe1, 0x81, 0xa1, 0x71, 0x81, 0x61, 0x62, 0x61, 0x61, 0x59, 0xa1, 0x69, 0x61, 0x59, 0x61, 0x59,
    0x61, 0x61, 0x01, 0x82, 0x01, 0x8a, 0x41, 0x92, 0x41, 0x92, 0x61, 0x9a, 0x81, 0x9a, 0xa1, 0xa2,
    0x81, 0x9a, 0x81, 0x9a, 0xa1, 0xa2, 0xa2, 0x9a, 0xa2, 0xa2, 0x82, 0x9a, 0x82, 0x9a, 0x22, 0x82,
    0x41, 0x92, 0x82, 0xa2, 0xe1, 0x81, 0x02, 0x82, 0x61, 0x61, 0xe1, 0x79, 0xe1, 0x79, 0x61, 0x9a,
    0x41, 0x92, 0x82, 0x9a, 0x81, 0x9a, 0x62, 0x92, 0xc2, 0xa2, 0x81, 0x9a, 0xa1, 0xa2, 0xc1, 0xa2,
    0xc1, 0xa2, 0xc2, 0xa2, 0xa1, 0xa2, 0xc2, 0xa2, 0xa2, 0xa2, 0xa2, 0xa2, 0x21, 0x92, 0x41, 0x8a,
    0x21, 0x8a, 0x41, 0x8a, 0x22, 0x8a, 0x41, 0x92, 0x41, 0x92, 0xa1, 0x71, 0x81, 0x69, 0x81, 0x61,
    0xe1, 0x81, 0x01, 0x82, 0x41, 0x92, 0x62, 0x9a, 0x81, 0x9a, 0x61, 0x92, 0xa1, 0xa2, 0xa1, 0xa2,
    0x82, 0xa2, 0x81, 0x9a, 0x81, 0xa2, 0x41, 0x8a, 0x61, 0x9a, 0xa1, 0x71, 0xa1, 0x69, 0x61, 0x61,
    0x61, 0x61, 0x81, 0x69, 0x61, 0x61, 0xa1, 0x71, 0xc1, 0x79, 0x81, 0x9a, 0x81, 0x9a, 0x81, 0x9a,
    0x61, 0x61, 0x01, 0x82, 0x21, 0x8a, 0x61, 0x9a, 0x62, 0x92, 0x62, 0x92, 0x61, 0x9a, 0x81, 0x9a,
    0x81, 0x9a, 0x81, 0x9a, 0x40, 0x61, 0x61, 0x61, 0x61, 0x61, 0x61, 0x59, 0x61, 0x59, 0x61, 0x59,
    0xc1, 0x71, 0x81, 0x61, 0x61, 0x61, 0x61, 0x59, 0x61, 0x59, 0x61, 0x59, 0x61, 0x59, 0xcd, 0x01,
    0xc1, 0x71, 0x01, 0x82, 0xe1, 0x81, 0xe1, 0x81, 0x01, 0x8a, 0x01, 0x8a, 0x01, 0x8a, 0x41, 0x92,
    0x21, 0x8a, 0x21, 0x8a, 0x21, 0x8a, 0xc1, 0x79, 0x21, 0x8a, 0x22, 0x8a, 0x21, 0x8a, 0x02, 0x82,
    0xc1, 0x71, 0x41, 0x59, 0x61, 0x59, 0x61, 0x59, 0x61, 0x59, 0xe1, 0x79, 0x22, 0x8a, 0x01, 0x8a,
    0x01, 0x8a, 0x21, 0x8a, 0x21, 0x8a, 0x21, 0x8a, 0x21, 0x8a, 0x81, 0x71, 0x61, 0x61, 0x61, 0x59,
    0x61, 0x61, 0x81, 0x61, 0x81, 0x61, 0x61, 0x61, 0x61, 0x61, 0x81, 0x61, 0x82, 0x92, 0xa2, 0xa2,
    0xa2, 0xa2, 0xc2, 0xa2, 0xa1, 0xa2, 0x81, 0xa2, 0xa1, 0xa2, 0xc1, 0xa2, 0x21, 0x8a, 0xa3, 0xa2,
    0xc2, 0x71, 0xa1, 0x69, 0x61, 0x61, 0x61, 0x61, 0x81, 0x61, 0x61, 0x61, 0x61, 0x61, 0x61, 0x61,
    0x81, 0x69, 0x42, 0x8a, 0x62, 0x92, 0x82, 0x9a, 0xa2, 0x9a, 0xa2, 0x9a, 0x82, 0x9a, 0x82, 0x9a,
    0x41, 0x8a, 0x81, 0xa2, 0x81, 0xa2, 0x82, 0x9a, 0x62, 0x92, 0x62, 0x9a, 0x01, 0x8a, 0x42, 0x8a,
    0x02, 0x82, 0x02, 0x82, 0xe2, 0x79, 0x81, 0x69, 0xa1, 0x71, 0xa0, 0x71, 0x81, 0x71, 0xa0, 0x71,
    0x80, 0x69, 0x21, 0x8a, 0x02, 0x82, 0x81, 0x9a, 0x81, 0x9a, 0x82, 0x9a, 0xa2, 0xa2, 0xa2, 0x9a,
    0x81, 0xa2, 0x82, 0xa2, 0x22, 0x8a, 0x81, 0x9a, 0x41, 0x8a, 0x01, 0x8a, 0x21, 0x8a, 0x60, 0x69,
    0x80, 0x69, 0x81, 0x69, 0x61, 0x61, 0x61, 0x61, 0x61, 0x59, 0xe1, 0x79, 0x22, 0x82, 0x01, 0x82,
    0x81, 0x9a, 0x81, 0x9a, 0x82, 0x9a, 0x61, 0x92, 0x61, 0x92, 0x61, 0x9a, 0x62, 0x92, 0x81, 0x9a,
    0x62, 0x92, 0x02, 0x82, 0xa1, 0x71, 0xc1, 0x71, 0xc1, 0x79, 0x80, 0x69, 0x81, 0x69, 0x81, 0x69,
    0xe1, 0x79, 0x81, 0x69, 0xa1, 0x71, 0x81, 0x69, 0x81, 0x69, 0x81, 0x69, 0x81, 0x69, 0xcd, 0x01,
    0x61, 0x61, 0x61, 0x61, 0x61, 0x61, 0xc1, 0x79, 0xe1, 0x79, 0x01, 0x8a, 0x21, 0x8a, 0x01, 0x82,
    0x01, 0x8a, 0x21, 0x8a, 0x21, 0x8a, 0x81, 0x69, 0x41, 0x51, 0x61, 0x61, 0x81, 0x69, 0xc1, 0x79,
    0x01, 0x8a, 0x21, 0x8a, 0xa1, 0x71, 0xe1, 0x81, 0xe1, 0x81, 0xa1, 0x71, 0xc1, 0x79, 0x41, 0x59,
    0x61, 0x59, 0x41, 0x59, 0xa2, 0x71, 0x01, 0x82, 0x01, 0x8a, 0x22, 0x92, 0x42, 0x92, 0x42, 0x92,
    0xe2, 0x79, 0x61, 0x59, 0x81, 0x61, 0x61, 0x61, 0x81, 0x61, 0x61, 0x61, 0x61, 0x59, 0x21, 0x51,
    0x21, 0x59, 0x41, 0x51, 0x81, 0x61, 0x61, 0x61, 0x41, 0x51, 0x21, 0x51, 0x41, 0x59, 0x61, 0x59,
    0x61, 0x59, 0x81, 0x69, 0xa1, 0x69, 0xe1, 0x81, 0x01, 0x82, 0x21, 0x8a, 0x42, 0x92, 0xa2, 0x9a,
    0x82, 0x9a, 0x21, 0x8a, 0xe1, 0x81, 0x81, 0x9a, 0x82, 0x9a, 0x61, 0x59, 0x41, 0x59, 0xe1, 0x81,
    0x61, 0x9a, 0x61, 0x9a, 0x61, 0x92, 0xa1, 0x79, 0xc1, 0x71, 0xc1, 0x71, 0x61, 0x9a, 0x62, 0x92,
    0x82, 0x9a, 0x61, 0x9a, 0x62, 0x9a, 0x81, 0x9a, 0x62, 0x92, 0x41, 0x8a, 0x41, 0x92, 0x61, 0x9a,
    0x01, 0x8a, 0x62, 0x9a, 0x82, 0x9a, 0x60, 0x69, 0x21, 0x82, 0x81, 0x9a, 0x81, 0x9a, 0x81, 0x9a,
    0x82, 0x9a, 0x81, 0x69, 0xa2, 0xa2, 0xa1, 0xa2, 0x81, 0x9a, 0x61, 0x92, 0x01, 0x8a, 0x61, 0x9a,
    0x61, 0x92, 0x41, 0x92, 0xc1, 0x79, 0xc1, 0x79, 0x81, 0x69, 0xa1, 0x69, 0xc1, 0x79, 0x61, 0x59,
    0xc2, 0xa2, 0x61, 0x9a, 0x61, 0x92, 0x61, 0x92, 0x61, 0x92, 0x42, 0x92, 0x62, 0x92, 0x21, 0x51,
    0x81, 0x61, 0xe1, 0x79, 0xa1, 0x71, 0xe1, 0x81, 0xe1, 0x81, 0x21, 0x8a, 0x01, 0x82, 0x01, 0x82,
    0x01, 0x82, 0x21, 0x8a, 0x01, 0x8a, 0xe1, 0x79, 0xe1, 0x79, 0xc1, 0x79, 0xa1, 0x71, 0xcd, 0x01,
    0x01, 0x82, 0x81, 0x61, 0x61, 0x61, 0x61, 0x61, 0x61, 0x61, 0x41, 0x59, 0x61, 0x61, 0x61, 0x59,
    0x61, 0x59, 0x61, 0x61, 0x61, 0x59, 0x61, 0x61, 0x61, 0x59, 0xc1, 0x79, 0xe2, 0x81, 0xe1, 0x81,
    0x61, 0x61, 0x01, 0x8a, 0x41, 0x8a, 0x61, 0x92, 0x41, 0x92, 0x01, 0x82, 0x21, 0x8a, 0xe1, 0x81,
    0x81, 0x61, 0x61, 0x61, 0x61, 0x59, 0x61, 0x59, 0x61, 0x59, 0xc1, 0x79, 0x21, 0x8a, 0x01, 0x8a,
    0x21, 0x8a, 0x01, 0x8a, 0xe1, 0x81, 0x81, 0x69, 0x61, 0x61, 0x61, 0x59, 0x61, 0x61, 0x61, 0x61,
    0x61, 0x61, 0x61, 0x61, 0xa1, 0x71, 0xe1, 0x79, 0xc1, 0x79, 0xc1, 0x71, 0x01, 0x82, 0x01, 0x8a,
    0x41, 0x92, 0xc1, 0x69, 0xe2, 0x79, 0x41, 0x92, 0x21, 0x8a, 0x41, 0x92, 0x21, 0x8a, 0x41, 0x92,
    0x41, 0x92, 0xe1, 0x79, 0x82, 0x9a, 0x01, 0x82, 0x81, 0x9a, 0x41, 0x92, 0x41, 0x92, 0x61, 0x59,
    0x82, 0x9a, 0x61, 0x92, 0x21, 0x82, 0x62, 0x9a, 0x62, 0x92, 0x41, 0x92, 0x61, 0x9a, 0x21, 0x8a,
    0x01, 0x82, 0x61, 0x92, 0x61, 0x92, 0x21, 0x8a, 0xa1, 0x9a, 0x61, 0x92, 0x21, 0x8a, 0x61, 0x9a,
    0x61, 0x92, 0x61, 0x92, 0x61, 0x9a, 0x61, 0x9a, 0x81, 0x61, 0x80, 0x69, 0x81, 0x9a, 0x81, 0x9a,
    0x81, 0x9a, 0x82, 0xa2, 0x81, 0x9a, 0x81, 0x9a, 0x61, 0x9a, 0x61, 0x9a, 0xe1, 0x79, 0x21, 0x8a,
    0x21, 0x8a, 0x41, 0x92, 0xc1, 0x79, 0x61, 0x61, 0x61, 0x61, 0xc1, 0x79, 0x61, 0x61, 0x61, 0x59,
    0x61, 0x61, 0x41, 0x92, 0x41, 0x92, 0x21, 0x92, 0x41, 0x92, 0x21, 0x8a, 0x61, 0x59, 0x61, 0x59,
    0x61, 0x59, 0x41, 0x59, 0x61, 0x61, 0x61, 0x59, 0x61, 0x59, 0xe1, 0x81, 0xe1, 0x81, 0x21, 0x8a,
    0x22, 0x8a, 0x01, 0x82, 0xa1, 0x69, 0xe1, 0x81, 0xe1, 0x81, 0xe1, 0x81, 0x01, 0x8a, 0xcd, 0x01,
    0x01, 0x82, 0xe1, 0x79, 0xe2, 0x81, 0x81, 0x69, 0x41, 0x61, 0x61, 0x61, 0x61, 0x61, 0x61, 0x61,
    0x61, 0x61, 0x61, 0x59, 0x61, 0x61, 0x61, 0x61, 0x61, 0x61, 0xa1, 0x71, 0xe1, 0x81, 0x21, 0x8a,
    0x21, 0x8a, 0xe1, 0x81, 0xe1, 0x81, 0xe1, 0x81, 0x01, 0x8a, 0x62, 0x92, 0x22, 0x8a, 0xc1, 0x79,
    0x81, 0x69, 0xc1, 0x71, 0x61, 0x61, 0x61, 0x61, 0x61, 0x61, 0x61, 0x59, 0x61, 0x61, 0x61, 0x61,
    0xe2, 0x79, 0xc1, 0x79, 0xc1, 0x71, 0x61, 0x61, 0x61, 0x61, 0x61, 0x61, 0x61, 0x61, 0x40, 0x61,
    0x80, 0x69, 0xc1, 0x71, 0x81, 0x69, 0x81, 0x69, 0xe1, 0x79, 0x01, 0x82, 0x21, 0x8a, 0x21, 0x8a,
    0x21, 0x8a, 0x41, 0x92, 0x22, 0x8a, 0x01, 0x82, 0x62, 0x9a, 0x41, 0x92, 0x21, 0x8a, 0x41, 0x92,
    0x41, 0x92, 0x41, 0x92, 0x61, 0x92, 0x41, 0x92, 0x21, 0x92, 0x41, 0x92, 0x41, 0x92, 0x41, 0x92,
    0x20, 0x59, 0x22, 0x8a, 0x01, 0x8a, 0x82, 0x9a, 0x61, 0x92, 0x01, 0x8a, 0x21, 0x8a, 0xe1, 0x81,
    0x01, 0x82, 0x21, 0x8a, 0x61, 0x9a, 0x61, 0x92, 0x01, 0x8a, 0x21, 0x92, 0x41, 0x92, 0x41, 0x92,
    0x42, 0x92, 0x41, 0x92, 0x41, 0x92, 0x41, 0x92, 0x61, 0x9a, 0x80, 0x69, 0x83, 0x9a, 0x83, 0x9a,
    0xa2, 0x9a, 0x82, 0x9a, 0x82, 0x9a, 0x82, 0x9a, 0x61, 0x9a, 0x22, 0x8a, 0x22, 0x8a, 0x02, 0x82,
    0x22, 0x82, 0x42, 0x8a, 0x61, 0x61, 0x61, 0x59, 0x61, 0x61, 0x41, 0x59, 0x61, 0x61, 0x61, 0x61,
    0x81, 0x61, 0x61, 0x61, 0x81, 0x69, 0x40, 0x61, 0x40, 0x61, 0x81, 0x69, 0xa1, 0x69, 0x61, 0x61,
    0x61, 0x61, 0x81, 0x61, 0x61, 0x61, 0x61, 0x61, 0x61, 0x61, 0x61, 0x61, 0x61, 0x59, 0x02, 0x82,
    0xa1, 0x71, 0x01, 0x82, 0x01, 0x82, 0x01, 0x8a, 0x21, 0x8a, 0x01, 0x8a, 0x01, 0x82, 0xad, 0x01,
    0x81, 0x69, 0xa1, 0x71, 0xe1, 0x81, 0xc1, 0x79, 0xc1, 0x79, 0xe1, 0x79, 0x61, 0x59, 0x61, 0x59,
    0x61, 0x61, 0x61, 0x61, 0x61, 0x61, 0x61, 0x61, 0x61, 0x59, 0x61, 0x59, 0x61, 0x59, 0x61, 0x61,
    0xe1, 0x79, 0xe1, 0x79, 0x01, 0x8a, 0x01, 0x8a, 0x01, 0x8a, 0xe1, 0x81, 0x01, 0x8a, 0x01, 0x82,
    0xe1, 0x81, 0xc1, 0x71, 0xe1, 0x79, 0xe1, 0x79, 0xc1, 0x79, 0xc1, 0x79, 0xa1, 0x71, 0x61, 0x61,
    0x61, 0x61, 0x61, 0x61, 0xc1, 0x79, 0x02, 0x82, 0x61, 0x59, 0x61, 0x59, 0xe1, 0x81, 0x21, 0x8a,
    0x21, 0x8a, 0x41, 0x92, 0x21, 0x8a, 0x42, 0x92, 0x41, 0x92, 0x61, 0x92, 0xe1, 0x81, 0x81, 0x61,
    0xa1, 0x69, 0x61, 0x61, 0x21, 0x8a, 0x21, 0x8a, 0x01, 0x8a, 0x21, 0x8a, 0x21, 0x8a, 0x21, 0x8a,
    0x21, 0x8a, 0x21, 0x8a, 0x41, 0x92, 0x81, 0x9a, 0x82, 0x9a, 0x81, 0x9a, 0x62, 0x9a, 0x82, 0x9a,
    0x60, 0x61, 0x41, 0x59, 0x81, 0x69, 0x62, 0x9a, 0x61, 0x9a, 0x82, 0x9a, 0x41, 0x92, 0x41, 0x92,
    0x41, 0x92, 0x42, 0x92, 0x61, 0x92, 0x41, 0x92, 0x61, 0x9a, 0x82, 0x9a, 0x61, 0x92, 0x41, 0x92,
    0x61, 0x92, 0xa2, 0xa2, 0x61, 0x92, 0x41, 0x92, 0x61, 0x9a, 0x21, 0x82, 0xc1, 0x71, 0x81, 0x61,
    0x81, 0x59, 0xa1, 0x69, 0x81, 0x69, 0x81, 0x61, 0x41, 0x51, 0x61, 0x59, 0x61, 0x59, 0x61, 0x59,
    0x61, 0x61, 0x61, 0x61, 0x61, 0x59, 0x61, 0x61, 0x61, 0x59, 0xc1, 0x79, 0xc1, 0x71, 0x61, 0x59,
    0x61, 0x61, 0xe1, 0x81, 0xe1, 0x79, 0x01, 0x82, 0x01, 0x82, 0x01, 0x82, 0x21, 0x8a, 0xe1, 0x79,
    0xe1, 0x79, 0xc1, 0x79, 0xe1, 0x81, 0xe1, 0x81, 0x01, 0x8a, 0xe1, 0x81, 0xc1, 0x71, 0x61, 0x59,
    0x61, 0x59, 0x61, 0x61, 0x81, 0x61, 0x01, 0x82, 0x01, 0x8a, 0x21, 0x8a, 0xc1, 0x79, 0xad, 0x01,
    0x81, 0x69, 0x61, 0x61, 0x61, 0x59, 0x61, 0x59, 0x81, 0x61, 0x61, 0x59, 0xa1, 0x79, 0xc1, 0x79,
    0xa1, 0x71, 0x61, 0x61, 0x61, 0x61, 0x61, 0x61, 0x61, 0x59, 0x61, 0x59, 0x61, 0x61, 0x61, 0x59,
    0x61, 0x61, 0xc1, 0x79, 0x01, 0x8a, 0xe1, 0x81, 0x01, 0x82, 0x01, 0x8a, 0xc1, 0x79, 0x02, 0x82,
    0x01, 0x8a, 0x21, 0x8a, 0x21, 0x8a, 0xc1, 0x79, 0x01, 0x8a, 0xe1, 0x81, 0x61, 0x61, 0x61, 0x61,
    0x61, 0x61, 0x61, 0x61, 0xa1, 0x69, 0x81, 0x69, 0x01, 0x8a, 0x21, 0x8a, 0x41, 0x92, 0x01, 0x8a,
    0x01, 0x82, 0x01, 0x8a, 0x41, 0x92, 0xa1, 0x71, 0x21, 0x8a, 0x41, 0x92, 0x21, 0x8a, 0x21, 0x8a,
    0x01, 0x8a, 0x21, 0x8a, 0x81, 0x69, 0xa1, 0x71, 0xc1, 0x79, 0x81, 0x69, 0xa1, 0x69, 0x21, 0x8a,
    0x41, 0x92, 0x01, 0x82, 0x41, 0x92, 0x21, 0x8a, 0x41, 0x92, 0x61, 0x92, 0x61, 0x92, 0x61, 0x61,
    0x81, 0x61, 0x61, 0x61, 0x61, 0x61, 0x81, 0x61, 0x61, 0x9a, 0x61, 0x9a, 0x62, 0x92, 0x41, 0x92,
    0x41, 0x92, 0x21, 0x8a, 0x01, 0x82, 0xe1, 0x79, 0x61, 0x92, 0x01, 0x82, 0x41, 0x92, 0x61, 0x9a,
    0x61, 0x9a, 0x41, 0x92, 0x41, 0x8a, 0x61, 0x9a, 0x41, 0x92, 0x01, 0x82, 0xc1, 0x79, 0xa1, 0x71,
    0x81, 0x61, 0x81, 0x69, 0x81, 0x69, 0xa1, 0x69, 0xa1, 0x69, 0x61, 0x59, 0x61, 0x59, 0xa1, 0x71,
    0x61, 0x61, 0xc1, 0x79, 0x21, 0x8a, 0xc1, 0x71, 0xe1, 0x79, 0xc1, 0x71, 0xa1, 0x69, 0x81, 0x69,
    0x61, 0x59, 0x61, 0x61, 0x01, 0x82, 0x21, 0x8a, 0xe1, 0x81, 0x41, 0x92, 0x01, 0x82, 0x21, 0x8a,
    0xa1, 0x69, 0x01, 0x7a, 0x01, 0x82, 0x01, 0x82, 0xc1, 0x79, 0xe1, 0x81, 0xc1, 0x79, 0xc1, 0x79,
    0xc1, 0x79, 0x81, 0x69, 0xc1, 0x79, 0xa1, 0x69, 0xa1, 0x71, 0xe1, 0x79, 0xa1, 0x69, 0x8c, 0x01,
    0x01, 0x82, 0xe1, 0x81, 0xc1, 0x79, 0xe1, 0x81, 0x80, 0x69, 0x40, 0x61, 0xe1, 0x81, 0xe1, 0x81,
    0xe1, 0x79, 0xa1, 0x71, 0x40, 0x59, 0x40, 0x61, 0x60, 0x61, 0x60, 0x61, 0x61, 0x61, 0x61, 0x61,
    0x61, 0x61, 0xc1, 0x71, 0x81, 0x69, 0xc2, 0x71, 0x02, 0x82, 0x01, 0x8a, 0x22, 0x8a, 0x01, 0x8a,
    0x01, 0x8a, 0x21, 0x8a, 0xe1, 0x81, 0xe2, 0x81, 0xe2, 0x79, 0x61, 0x61, 0x60, 0x69, 0x40, 0x61,
    0x60, 0x61, 0xc1, 0x79, 0xe1, 0x81, 0x01, 0x82, 0xa0, 0x71, 0x21, 0x8a, 0x21, 0x8a, 0x01, 0x8a,
    0x01, 0x82, 0xc1, 0x79, 0x41, 0x8a, 0x21, 0x8a, 0x01, 0x8a, 0x21, 0x92, 0xe1, 0x81, 0x21, 0x8a,
    0x21, 0x8a, 0x21, 0x8a, 0x01, 0x8a, 0x21, 0x8a, 0x41, 0x92, 0x01, 0x8a, 0x80, 0x69, 0x60, 0x61,
    0x01, 0x82, 0x42, 0x8a, 0x21, 0x8a, 0x01, 0x82, 0x41, 0x92, 0x22, 0x8a, 0x61, 0x61, 0x60, 0x69,
    0xc1, 0x79, 0xc1, 0x79, 0xe1, 0x79, 0x61, 0x61, 0x61, 0x61, 0xa1, 0x69, 0xa4, 0x9a, 0x63, 0x92,
    0x41, 0x92, 0x61, 0x92, 0x61, 0x92, 0x61, 0x92, 0x01, 0x82, 0x80, 0x69, 0x61, 0x92, 0x61, 0x9a,
    0x41, 0x92, 0x41, 0x92, 0x62, 0x92, 0xa1, 0x69, 0x81, 0x69, 0x61, 0x61, 0x81, 0x69, 0x81, 0x61,
    0xa1, 0x71, 0x81, 0x69, 0x61, 0x59, 0x61, 0x59, 0x61, 0x59, 0x61, 0x61, 0xc1, 0x79, 0xe1, 0x81,
    0xe1, 0x81, 0x01, 0x82, 0xe1, 0x81, 0x21, 0x8a, 0x42, 0x92, 0x82, 0x9a, 0x41, 0x92, 0x22, 0x8a,
    0x40, 0x59, 0x61, 0x61, 0x60, 0x61, 0x42, 0x8a, 0x01, 0x8a, 0x41, 0x92, 0x21, 0x8a, 0x01, 0x8a,
    0x21, 0x8a, 0x62, 0x92, 0xa1, 0x71, 0x61, 0x61, 0xc1, 0x79, 0xe1, 0x79, 0xc1, 0x79, 0xc1, 0x79,
    0xe1, 0x79, 0xc1, 0x79, 0xe1, 0x79, 0xa1, 0x71, 0xa1, 0x71, 0xa1, 0x71, 0xa1, 0x71, 0xad, 0x01,
    0x01, 0x8a, 0x21, 0x8a, 0xe1, 0x81, 0x01, 0x8a, 0xa1, 0x71, 0x01, 0x82, 0xe1, 0x81, 0x21, 0x8a,
    0x21, 0x8a, 0xc1, 0x79, 0xe1, 0x81, 0xc1, 0x79, 0xc1, 0x79, 0xe1, 0x81, 0x61, 0x61, 0x61, 0x61,
    0x41, 0x59, 0x61, 0x61, 0x61, 0x61, 0x61, 0x59, 0x81, 0x61, 0xa1, 0x69, 0x61, 0x61, 0xc1, 0x71,
    0xc1, 0x79, 0xc1, 0x79, 0xa1, 0x69, 0xa1, 0x71, 0x81, 0x61, 0x01, 0x82, 0x01, 0x8a, 0x01, 0x8a,
    0x01, 0x82, 0xe1, 0x81, 0x01, 0x8a, 0x01, 0x8a, 0x01, 0x8a, 0x01, 0x8a, 0x01, 0x82, 0x21, 0x8a,
    0xe1, 0x81, 0x01, 0x8a, 0x21, 0x92, 0x21, 0x8a, 0x21, 0x92, 0x01, 0x8a, 0x21, 0x8a, 0x41, 0x8a,
    0x01, 0x8a, 0x21, 0x8a, 0x21, 0x8a, 0x01, 0x8a, 0xe1, 0x81, 0x21, 0x8a, 0x01, 0x8a, 0x41, 0x92,
    0x21, 0x8a, 0x42, 0x92, 0x21, 0x8a, 0x21, 0x8a, 0xc1, 0x71, 0x81, 0x69, 0x81, 0x71, 0xc1, 0x79,
    0xa1, 0x79, 0xa1, 0x71, 0xc1, 0x79, 0xe1, 0x79, 0xc1, 0x79, 0xa1, 0x71, 0xa1, 0x71, 0x41, 0x59,
    0x61, 0x59, 0xc1, 0x71, 0x41, 0x92, 0x61, 0x92, 0x61, 0x9a, 0x82, 0x9a, 0x41, 0x92, 0x41, 0x92,
    0x61, 0x9a, 0x61, 0x92, 0xc1, 0x79, 0xe1, 0x79, 0xc1, 0x79, 0xe1, 0x81, 0xa1, 0x71, 0xc1, 0x79,
    0xc1, 0x71, 0xc1, 0x79, 0xc1, 0x79, 0xc1, 0x71, 0x61, 0x59, 0xa1, 0x69, 0xe1, 0x81, 0xe1, 0x79,
    0x01, 0x82, 0x01, 0x82, 0x01, 0x82, 0xa1, 0x71, 0xe1, 0x81, 0xe1, 0x81, 0x01, 0x8a, 0x01, 0x82,
    0x01, 0x8a, 0xe1, 0x79, 0x22, 0x8a, 0xa1, 0x71, 0x61, 0x59, 0x61, 0x59, 0xe1, 0x79, 0xe1, 0x81,
    0x21, 0x92, 0x41, 0x8a, 0x21, 0x8a, 0x21, 0x8a, 0x21, 0x8a, 0xe1, 0x81, 0x61, 0x59, 0xa1, 0x69,
    0xe1, 0x81, 0xe1, 0x79, 0xe1, 0x79, 0x01, 0x82, 0xe1, 0x81, 0xa1, 0x71, 0x01, 0x82, 0xcd, 0x01,
    0x01, 0x82, 0x01, 0x82, 0x01, 0x82, 0xe1, 0x81, 0xe1, 0x81, 0xe1, 0x81, 0x21, 0x8a, 0x01, 0x82,
    0x01, 0x8a, 0xa1, 0x79, 0x01, 0x82, 0x01, 0x8a, 0xe1, 0x81, 0xe1, 0x89, 0x61, 0x61, 0x61, 0x61,
    0x61, 0x59, 0x61, 0x59, 0x41, 0x59, 0x61, 0x59, 0x61, 0x61, 0x81, 0x69, 0x61, 0x61, 0x61, 0x61,
    0x61, 0x59, 0x61, 0x61, 0xe1, 0x79, 0x21, 0x8a, 0x01, 0x8a, 0xe1, 0x81, 0xc1, 0x79, 0x01, 0x82,
    0x01, 0x82, 0xe1, 0x81, 0x01, 0x82, 0x01, 0x8a, 0x01, 0x8a, 0x01, 0x82, 0xe1, 0x81, 0xa1, 0x71,
    0xc1, 0x71, 0xa1, 0x71, 0xe1, 0x79, 0x21, 0x8a, 0xe1, 0x81, 0x01, 0x8a, 0x21, 0x8a, 0x01, 0x8a,
    0x21, 0x8a, 0x21, 0x8a, 0x21, 0x8a, 0x21, 0x8a, 0xe1, 0x81, 0x21, 0x8a, 0x21, 0x8a, 0x21, 0x8a,
    0x41, 0x92, 0x21, 0x8a, 0xe1, 0x81, 0x61, 0x59, 0x81, 0x69, 0xc1, 0x79, 0xc1, 0x79, 0xc1, 0x79,
    0xc1, 0x79, 0xa1, 0x71, 0xc1, 0x79, 0xc1, 0x79, 0xa1, 0x71, 0xc1, 0x79, 0xc1, 0x79, 0xa1, 0x79,
    0xa1, 0x71, 0x61, 0x61, 0xa1, 0x69, 0x61, 0x61, 0x61, 0x59, 0x61, 0x59, 0x61, 0x61, 0x81, 0x61,
    0x61, 0x59, 0x61, 0x59, 0xa1, 0x61, 0x01, 0x8a, 0xe1, 0x81, 0xe1, 0x81, 0xe1, 0x79, 0xc1, 0x79,
    0xc1, 0x79, 0xc1, 0x79, 0xc1, 0x79, 0xa1, 0x71, 0xa1, 0x69, 0xc1, 0x79, 0xa1, 0x71, 0x81, 0x61,
    0xc1, 0x79, 0x01, 0x82, 0x01, 0x8a, 0x01, 0x8a, 0xe1, 0x81, 0x01, 0x8a, 0x01, 0x8a, 0xe1, 0x81,
    0x21, 0x8a, 0x21, 0x8a, 0x01, 0x82, 0x01, 0x82, 0xe1, 0x81, 0x61, 0x61, 0x81, 0x61, 0x61, 0x59,
    0xa1, 0x71, 0x80, 0x69, 0x21, 0x8a, 0x01, 0x8a, 0x01, 0x8a, 0x21, 0x8a, 0xe1, 0x79, 0xe1, 0x79,
    0x01, 0x82, 0x01, 0x8a, 0xe1, 0x79, 0xe1, 0x79, 0xe1, 0x79, 0xe1, 0x81, 0xe1, 0x81, 0xad, 0x01
};

#endif //AION_ZERO_FMW_LVL2_ASSETS_HPP